incident_key,date_key,threat_type_key,geo_key,operational_key,source_key,severity_score,tsi,response_time_minutes,status
1,20260513,2,6,8,4,45.9,39.7,11.7,Resolved
2,20260706,4,4,3,5,27.6,15.4,20.4,Resolved
3,20260701,2,3,3,4,72.3,80.5,2.0,Closed
4,20260530,3,10,4,3,60.3,56.0,13.8,Resolved
5,20260505,2,7,5,4,59.7,60.4,7.4,Under Investigation
6,20260725,1,10,3,3,77.6,71.4,8.9,Resolved
7,20260608,1,5,7,1,24.1,38.3,14.6,Resolved
8,20260718,4,5,1,2,53.6,64.5,14.3,Resolved
9,20260629,3,9,6,3,48.9,58.2,11.5,Resolved
10,20260708,2,8,6,3,50.4,50.9,12.2,Resolved
11,20260706,4,3,5,4,56.3,62.2,12.9,Resolved
12,20260516,1,6,5,2,58.7,58.4,14.3,Resolved
13,20260531,1,3,6,1,70.1,76.8,14.7,Closed
14,20260610,1,8,8,1,32.8,30.3,10.3,Under Investigation
15,20260612,5,1,2,4,54.9,64.4,7.8,Closed
16,20260502,3,9,4,1,65.7,62.9,9.2,Closed
17,20260617,3,10,5,4,41.1,39.0,10.4,Resolved
18,20260512,1,1,3,1,52.1,49.3,9.8,Closed
19,20260704,1,7,8,2,66.0,67.2,7.0,Closed
20,20260629,3,1,5,4,55.8,53.5,11.3,Resolved
21,20260721,2,4,5,2,80.4,83.3,13.3,Under Investigation
22,20260705,5,4,2,4,61.1,58.2,18.3,Resolved
23,20260531,4,6,4,1,50.3,55.0,10.4,Resolved
24,20260725,2,10,6,2,55.4,64.5,10.3,Resolved
25,20260604,4,5,4,3,58.7,59.2,12.6,Resolved
26,20260528,5,4,7,4,56.5,69.8,20.2,Resolved
27,20260719,2,1,2,1,54.1,60.9,16.7,Under Investigation
28,20260601,3,9,2,2,63.7,76.5,8.4,Resolved
29,20260505,5,4,3,3,74.0,73.6,18.8,Resolved
30,20260610,1,5,3,5,45.1,35.1,10.6,Resolved
31,20260709,4,1,7,4,51.4,47.2,10.5,Closed
32,20260516,1,3,7,4,43.5,39.9,6.2,Escalated
33,20260609,3,6,4,2,29.8,24.1,6.4,Resolved
34,20260510,4,10,5,3,85.1,71.9,10.0,Escalated
35,20260629,3,4,3,4,48.9,55.0,13.3,Escalated
36,20260610,2,6,5,4,42.1,30.9,9.0,Escalated
37,20260528,3,9,6,4,38.1,43.7,8.1,Closed
38,20260519,1,4,6,4,49.2,62.3,17.1,Resolved
39,20260618,1,3,8,4,44.6,39.9,13.4,Resolved
40,20260628,1,1,5,1,76.6,78.9,6.8,Closed
41,20260722,3,10,3,1,52.3,49.9,12.6,Escalated
42,20260607,2,2,1,5,31.9,36.9,8.3,Resolved
43,20260513,1,3,6,3,63.3,56.1,8.7,Under Investigation
44,20260712,4,2,7,1,62.7,61.9,11.4,Under Investigation
45,20260624,2,8,5,2,51.7,58.4,9.2,Resolved
46,20260701,2,4,8,3,65.4,65.1,15.3,Under Investigation
47,20260507,2,8,3,4,57.1,47.3,8.9,Resolved
48,20260527,1,7,1,4,54.3,61.7,4.7,Resolved
49,20260707,3,1,6,1,39.9,32.1,11.1,Resolved
50,20260712,2,4,1,2,39.3,39.8,8.7,Resolved
51,20260607,1,1,1,1,44.5,48.0,12.7,Resolved
52,20260710,5,1,6,4,46.7,47.4,11.8,Resolved
53,20260713,4,5,4,1,69.0,84.2,14.8,Resolved
54,20260602,3,3,5,3,28.0,32.4,16.5,Resolved
55,20260718,4,1,6,3,61.6,60.4,12.8,Resolved
56,20260524,5,5,4,3,52.4,56.0,8.1,Resolved
57,20260520,2,5,5,3,54.4,55.7,16.5,Resolved
58,20260629,3,10,5,3,61.7,62.0,6.4,Escalated
59,20260625,3,7,5,3,50.1,51.6,4.3,Under Investigation
60,20260511,1,4,6,1,45.0,42.4,23.6,Resolved
61,20260712,1,5,4,2,83.0,84.3,11.8,Under Investigation
62,20260516,1,1,5,3,50.2,47.2,4.4,Resolved
63,20260710,3,4,5,2,84.3,72.9,13.9,Resolved
64,20260429,4,6,2,4,50.1,56.9,11.7,Resolved
65,20260709,4,1,2,2,62.1,58.7,7.4,Escalated
66,20260708,2,10,1,4,59.6,60.4,7.8,Under Investigation
67,20260708,1,6,2,1,65.1,60.5,15.9,Escalated
68,20260627,2,8,4,4,48.7,44.3,16.4,Closed
69,20260610,3,3,8,1,56.4,50.2,10.4,Resolved
70,20260701,5,9,8,2,80.0,85.7,9.5,Closed
71,20260523,4,4,7,2,70.7,77.8,20.7,Under Investigation
72,20260708,5,10,5,3,77.5,77.7,8.3,Under Investigation
73,20260618,4,6,2,1,34.9,31.7,3.3,Resolved
74,20260609,5,7,3,4,37.3,27.1,2.0,Resolved
75,20260613,2,3,7,3,58.3,63.1,9.8,Resolved
76,20260619,1,10,8,5,66.6,62.5,12.6,Resolved
77,20260502,1,2,8,3,47.2,40.5,10.0,Resolved
78,20260511,2,1,4,3,44.5,44.7,12.4,Resolved
79,20260521,1,5,4,4,75.9,73.9,12.7,Resolved
80,20260509,1,9,5,1,65.3,56.2,14.2,Resolved
81,20260607,5,10,1,3,70.9,62.6,10.6,Closed
82,20260628,1,9,1,2,48.4,50.4,10.8,Resolved
83,20260626,5,6,1,4,47.2,43.3,9.9,Closed
84,20260610,4,10,6,1,69.2,72.3,9.2,Resolved
85,20260714,3,5,2,2,61.7,62.6,5.3,Resolved
86,20260618,3,5,6,3,45.8,52.1,13.5,Resolved
87,20260506,2,2,4,2,41.3,36.3,8.8,Resolved
88,20260706,3,8,7,1,52.7,54.1,8.7,Resolved
89,20260619,1,4,1,2,68.1,71.9,16.4,Resolved
90,20260625,5,2,3,4,32.4,28.6,6.0,Escalated
91,20260618,2,4,2,1,64.4,71.2,17.7,Resolved
92,20260617,1,7,4,2,44.4,34.4,11.5,Resolved
93,20260507,3,3,5,5,51.8,46.8,7.9,Resolved
94,20260618,3,4,2,5,52.8,42.6,21.1,Under Investigation
95,20260709,2,4,6,1,59.0,54.6,16.9,Closed
96,20260526,3,6,8,2,50.7,49.8,5.4,Resolved
97,20260622,1,8,1,1,48.3,53.3,14.1,Resolved
98,20260501,3,7,1,5,46.4,45.5,10.6,Closed
99,20260530,1,2,8,2,74.8,71.2,12.6,Closed
100,20260607,1,4,6,2,55.4,46.1,20.7,Escalated
101,20260726,1,7,8,1,71.8,64.5,7.2,Escalated
102,20260518,2,3,6,3,45.3,47.2,8.4,Resolved
103,20260523,2,1,6,1,48.9,54.2,13.1,Resolved
104,20260604,2,4,2,4,45.4,42.9,23.5,Resolved
105,20260727,1,7,5,2,85.8,93.1,10.2,Under Investigation
106,20260714,1,7,3,3,54.4,48.7,8.1,Escalated
107,20260502,3,2,7,4,21.3,19.0,15.0,Resolved
108,20260520,1,7,1,1,55.9,54.1,8.1,Resolved
109,20260711,3,2,1,1,59.5,68.7,11.0,Escalated
110,20260504,5,8,5,2,46.2,47.0,8.7,Resolved
111,20260715,2,6,8,4,80.0,69.2,10.8,Under Investigation
112,20260524,5,2,8,1,14.0,19.7,7.2,Escalated
113,20260720,1,4,5,4,93.3,100.0,16.9,Resolved
114,20260525,1,9,4,2,70.8,69.3,8.1,Resolved
115,20260607,3,5,3,3,45.6,40.2,12.0,Resolved
116,20260627,4,7,8,3,48.2,53.4,10.5,Resolved
117,20260510,4,8,2,1,62.6,74.4,12.6,Resolved
118,20260618,1,1,2,1,63.0,68.1,7.5,Under Investigation
119,20260613,4,10,5,4,45.5,35.8,9.4,Resolved
120,20260708,2,4,4,2,37.4,41.9,19.9,Under Investigation
121,20260727,2,8,4,3,100.0,100.0,12.6,Resolved
122,20260627,1,5,8,5,69.3,63.6,5.7,Escalated
123,20260604,5,6,3,1,57.4,65.1,11.0,Resolved
124,20260604,1,4,8,2,57.6,60.2,15.6,Under Investigation
125,20260605,4,9,2,2,64.3,72.2,12.7,Resolved
126,20260711,3,2,3,1,74.8,68.4,15.6,Escalated
127,20260527,3,9,1,5,23.7,26.1,2.2,Resolved
128,20260514,3,3,6,5,49.7,44.3,8.0,Closed
129,20260529,4,9,7,2,48.2,49.7,10.8,Resolved
130,20260501,1,1,8,5,52.6,61.5,10.0,Closed
131,20260508,1,1,2,1,66.6,58.0,12.8,Resolved
132,20260507,3,1,7,5,28.1,19.9,10.2,Resolved
133,20260707,2,6,2,4,40.8,46.5,8.4,Under Investigation
134,20260703,1,3,6,1,48.1,48.0,6.9,Resolved
135,20260630,1,6,6,3,58.6,65.6,6.4,Escalated
136,20260609,2,9,2,4,67.5,62.7,7.8,Resolved
137,20260702,1,1,1,2,82.1,82.4,8.3,Escalated
138,20260513,1,6,1,2,50.7,54.8,11.2,Resolved
139,20260719,5,8,6,3,81.5,82.8,9.5,Resolved
140,20260613,2,5,5,1,65.7,55.0,8.0,Under Investigation
141,20260722,5,10,1,1,79.1,96.0,7.0,Under Investigation
142,20260512,5,7,5,1,54.6,55.9,7.9,Under Investigation
143,20260612,1,1,7,4,49.0,41.0,8.3,Under Investigation
144,20260630,3,6,2,2,40.4,42.3,7.8,Under Investigation
145,20260612,3,4,5,2,38.0,40.6,20.0,Escalated
146,20260608,3,2,3,1,60.2,66.2,14.1,Resolved
147,20260513,1,10,3,1,54.2,59.8,6.5,Resolved
148,20260602,1,3,4,3,48.8,47.5,13.4,Under Investigation
149,20260520,1,1,3,1,65.0,54.7,12.1,Resolved
150,20260526,3,3,4,3,52.0,54.8,10.5,Closed
151,20260629,5,9,2,2,42.0,32.1,14.6,Closed
152,20260624,3,6,4,3,51.0,58.3,9.5,Closed
153,20260622,3,9,5,2,67.3,62.9,11.2,Resolved
154,20260531,5,5,4,4,39.6,43.4,10.4,Escalated
155,20260724,3,2,6,1,75.5,71.6,10.1,Resolved
156,20260506,1,4,1,4,54.2,51.2,19.4,Resolved
157,20260529,4,2,2,1,43.6,38.8,10.1,Escalated
158,20260509,2,6,7,1,50.6,54.9,11.4,Escalated
159,20260529,1,3,4,3,31.4,27.7,8.0,Resolved
160,20260724,3,10,5,1,74.0,78.6,8.1,Closed
161,20260531,5,4,6,2,34.5,30.9,16.0,Closed
162,20260719,1,4,2,4,85.1,83.7,16.9,Resolved
163,20260612,2,10,8,4,53.6,53.8,13.0,Resolved
164,20260630,1,6,4,3,47.8,48.7,8.6,Closed
165,20260609,1,2,8,5,72.4,66.9,12.0,Resolved
166,20260522,1,5,4,2,39.5,43.7,10.8,Resolved
167,20260706,3,3,4,1,49.1,47.5,8.7,Resolved
168,20260725,4,8,5,4,45.6,48.9,13.9,Escalated
169,20260522,1,6,2,1,74.6,74.5,12.2,Escalated
170,20260708,1,8,5,1,89.8,93.3,10.0,Under Investigation
171,20260522,1,10,8,1,29.9,27.4,9.8,Escalated
172,20260702,1,8,6,2,45.4,40.7,10.3,Under Investigation
173,20260709,3,4,1,2,63.4,66.0,13.4,Under Investigation
174,20260608,3,3,6,2,47.3,44.3,7.5,Resolved
175,20260704,3,6,1,3,58.5,67.3,11.4,Resolved
176,20260523,2,5,1,4,53.2,53.6,5.3,Resolved
177,20260506,3,4,3,5,61.1,52.9,15.8,Resolved
178,20260507,1,9,3,1,40.6,37.1,8.8,Resolved
179,20260608,1,10,1,1,57.9,51.9,18.7,Resolved
180,20260719,5,4,1,3,52.3,58.7,20.0,Resolved
181,20260510,4,7,7,1,48.8,53.4,13.3,Resolved
182,20260609,5,10,4,2,28.9,28.5,7.6,Resolved
183,20260701,5,1,2,3,50.9,52.6,11.1,Resolved
184,20260517,3,4,4,4,46.4,45.9,12.7,Escalated
185,20260702,5,8,6,1,71.8,77.0,9.0,Escalated
186,20260526,2,5,6,3,54.1,57.2,11.5,Under Investigation
187,20260710,1,8,3,3,64.8,69.0,5.7,Resolved
188,20260620,1,5,2,4,54.7,53.5,11.2,Under Investigation
189,20260617,1,1,8,2,23.1,19.3,11.4,Under Investigation
190,20260514,1,5,6,4,25.0,29.0,8.2,Resolved
191,20260609,2,5,8,4,50.2,59.5,7.5,Resolved
192,20260715,3,9,3,1,70.5,77.1,7.9,Resolved
193,20260430,4,2,1,3,51.5,61.0,9.0,Resolved
194,20260706,3,2,4,3,47.4,48.4,9.0,Resolved
195,20260612,1,2,3,1,51.4,45.6,11.5,Resolved
196,20260702,4,6,6,2,52.8,47.5,8.4,Resolved
197,20260627,2,10,6,2,66.7,75.0,14.8,Resolved
198,20260606,1,7,1,4,65.8,54.6,14.8,Resolved
199,20260526,1,9,5,1,46.7,55.7,10.7,Closed
200,20260624,2,9,3,2,54.3,49.6,9.0,Resolved
201,20260511,1,7,5,1,59.1,70.6,8.4,Escalated
202,20260620,4,7,4,3,61.4,61.0,11.0,Resolved
203,20260507,4,3,5,3,79.8,84.1,11.5,Escalated
204,20260626,3,10,6,2,54.6,68.9,9.4,Under Investigation
205,20260624,1,8,3,3,72.5,70.5,8.8,Under Investigation
206,20260506,4,9,2,2,37.6,35.5,11.1,Under Investigation
207,20260706,3,10,6,2,50.8,46.6,10.2,Under Investigation
208,20260605,1,4,8,4,23.0,17.0,16.3,Under Investigation
209,20260708,3,2,4,1,63.9,61.9,10.3,Resolved
210,20260502,2,9,8,4,64.7,61.4,8.2,Resolved
211,20260515,2,5,2,3,16.7,9.2,7.7,Escalated
212,20260612,1,10,7,4,57.8,56.5,10.0,Resolved
213,20260515,3,7,8,1,64.1,66.8,8.3,Resolved
214,20260528,1,3,3,2,63.2,57.8,7.8,Closed
215,20260627,1,4,2,1,37.1,36.1,21.1,Closed
216,20260512,1,7,6,5,66.6,75.0,8.8,Resolved
217,20260628,5,4,7,3,55.1,46.6,23.5,Resolved
218,20260508,1,3,1,3,63.9,75.5,11.9,Resolved
219,20260514,2,3,6,3,53.1,49.1,7.5,Resolved
220,20260620,2,7,7,1,60.7,61.9,13.5,Closed
221,20260709,4,1,1,3,79.0,86.7,7.9,Resolved
222,20260514,3,1,5,4,51.9,61.4,15.9,Resolved
223,20260525,5,1,1,1,59.3,62.1,10.7,Closed
224,20260721,1,8,2,5,89.1,84.9,11.6,Resolved
225,20260727,1,1,4,4,72.3,67.6,10.1,Closed
226,20260620,3,5,3,5,38.1,34.7,10.8,Resolved
227,20260608,2,2,1,4,65.1,76.4,9.3,Resolved
228,20260530,4,6,7,1,76.5,74.2,7.2,Closed
229,20260623,4,1,2,3,74.3,76.2,11.0,Resolved
230,20260621,2,1,7,1,65.7,59.4,13.1,Under Investigation
231,20260525,5,5,2,4,19.8,12.9,6.4,Resolved
232,20260501,3,7,5,1,45.5,45.7,14.6,Under Investigation
233,20260512,1,2,6,4,46.2,44.3,11.8,Resolved
234,20260724,2,5,4,1,73.0,71.5,8.7,Escalated
235,20260605,1,9,4,1,80.3,71.4,8.6,Closed
236,20260611,4,7,7,1,38.8,38.4,15.6,Resolved
237,20260610,1,8,1,3,88.6,97.9,12.8,Resolved
238,20260708,2,4,7,1,55.9,50.8,21.4,Under Investigation
239,20260504,3,10,6,1,43.5,48.9,9.2,Closed
240,20260506,1,2,7,1,67.7,46.9,11.7,Resolved
241,20260523,1,7,4,2,68.9,64.1,11.0,Closed
242,20260611,3,5,4,5,64.7,53.2,9.5,Closed
243,20260628,1,1,5,2,43.5,50.9,10.3,Under Investigation
244,20260612,2,10,6,1,62.5,67.8,13.3,Resolved
245,20260607,2,8,8,1,39.5,33.3,14.8,Resolved
246,20260722,1,3,7,1,59.0,60.7,9.2,Under Investigation
247,20260513,1,1,1,2,53.6,60.8,6.1,Under Investigation
248,20260619,4,7,2,1,42.7,50.8,14.9,Resolved
249,20260616,5,6,8,1,70.8,68.4,15.0,Under Investigation
250,20260610,1,1,4,1,46.3,33.0,11.2,Escalated
251,20260710,5,10,5,2,59.7,54.3,15.4,Resolved
252,20260523,3,8,1,4,41.8,46.4,11.0,Under Investigation
253,20260723,3,5,1,1,87.2,99.8,7.3,Resolved
254,20260528,3,3,4,3,45.0,44.7,6.1,Resolved
255,20260617,3,3,6,3,72.1,68.5,6.0,Resolved
256,20260614,4,5,7,4,71.0,85.4,10.0,Resolved
257,20260714,2,1,8,1,59.0,61.4,8.6,Under Investigation
258,20260607,3,4,2,4,55.4,48.0,16.3,Escalated
259,20260524,2,3,2,4,47.9,47.2,9.7,Resolved
260,20260430,1,2,5,5,63.2,69.2,12.6,Resolved
261,20260531,3,2,5,4,52.1,51.7,8.4,Escalated
262,20260712,1,4,1,1,58.1,62.9,15.9,Resolved
263,20260429,1,4,4,5,55.7,46.1,16.6,Closed
264,20260718,1,4,8,4,44.6,36.0,20.8,Under Investigation
265,20260616,1,7,2,1,53.9,49.5,9.8,Closed
266,20260511,3,6,7,1,64.7,63.0,10.8,Under Investigation
267,20260526,3,2,4,5,57.1,59.1,14.7,Closed
268,20260617,2,10,5,1,69.3,73.1,18.5,Under Investigation
269,20260527,1,8,6,4,49.3,64.1,11.9,Resolved
270,20260508,2,5,6,2,48.1,43.7,11.6,Escalated
271,20260627,2,1,6,3,38.2,36.3,6.4,Resolved
272,20260628,3,10,1,1,48.9,44.6,11.1,Under Investigation
273,20260509,3,8,3,3,84.5,91.0,10.2,Resolved
274,20260524,2,5,7,2,59.1,65.9,12.7,Escalated
275,20260520,2,2,1,5,46.2,43.5,8.8,Escalated
276,20260627,5,2,6,1,39.9,52.3,10.6,Closed
277,20260703,4,3,5,1,34.4,30.1,11.8,Resolved
278,20260703,2,3,1,1,45.9,52.1,15.7,Closed
279,20260722,2,3,1,1,82.4,91.1,14.7,Escalated
280,20260707,1,5,8,5,54.6,46.4,13.8,Resolved
281,20260527,5,1,1,1,40.6,44.1,12.2,Resolved
282,20260508,2,4,1,1,42.3,25.9,16.7,Resolved
283,20260623,1,9,1,4,64.7,69.6,12.2,Resolved
284,20260720,5,9,6,1,68.4,61.8,7.7,Under Investigation
285,20260725,3,1,8,1,63.6,67.0,9.4,Resolved
286,20260519,1,7,2,3,50.4,54.9,15.3,Resolved
287,20260520,1,10,7,2,88.1,94.8,11.6,Under Investigation
288,20260502,1,6,6,4,73.3,78.6,10.7,Resolved
289,20260511,3,4,2,3,77.0,77.3,19.1,Closed
290,20260617,1,5,1,1,28.7,26.4,9.7,Resolved
291,20260617,5,3,4,3,52.7,52.3,3.5,Resolved
292,20260601,5,4,1,4,45.3,38.6,14.2,Closed
293,20260526,3,10,1,2,63.2,61.9,11.9,Resolved
294,20260712,3,7,4,3,80.2,78.5,7.2,Resolved
295,20260609,1,5,7,2,59.9,55.2,9.7,Closed
296,20260710,1,2,8,3,49.9,39.5,6.3,Resolved
297,20260724,3,10,6,3,62.4,54.7,7.8,Closed
298,20260527,1,2,3,1,64.3,45.4,10.0,Closed
299,20260517,1,8,3,2,65.8,64.0,12.8,Resolved
300,20260723,2,4,5,1,73.8,76.0,21.4,Escalated
301,20260625,1,3,2,3,56.9,40.8,7.8,Under Investigation
302,20260525,2,2,5,3,55.8,57.2,10.9,Closed
303,20260623,3,4,7,2,59.0,58.3,13.7,Under Investigation
304,20260614,4,7,7,1,65.7,58.6,10.2,Escalated
305,20260719,3,5,1,5,78.5,75.9,12.9,Resolved
306,20260522,4,1,3,2,55.4,61.7,9.8,Under Investigation
307,20260727,2,3,3,1,73.6,67.8,13.9,Escalated
308,20260722,4,2,5,1,69.7,70.2,12.5,Closed
309,20260515,3,5,2,3,43.3,45.4,10.7,Resolved
310,20260513,1,10,8,1,43.1,38.2,9.3,Resolved
311,20260615,5,10,8,4,63.2,69.2,8.4,Closed
312,20260503,1,10,3,3,44.3,46.7,5.6,Under Investigation
313,20260525,1,2,4,1,67.2,65.7,6.1,Resolved
314,20260607,1,5,4,3,54.2,68.4,13.0,Resolved
315,20260725,2,1,1,1,85.3,91.4,14.5,Closed
316,20260727,2,5,8,1,83.9,73.8,6.8,Closed
317,20260512,3,6,7,3,67.6,65.3,10.2,Resolved
318,20260718,4,8,3,1,61.2,76.0,5.3,Escalated
319,20260507,1,4,5,4,61.1,55.2,15.1,Resolved
320,20260705,3,1,4,3,70.7,71.1,10.8,Resolved
321,20260714,2,5,2,1,42.4,49.8,8.4,Escalated
322,20260718,4,5,3,5,93.9,97.8,4.3,Resolved
323,20260519,1,7,1,3,89.0,93.8,15.2,Resolved
324,20260718,1,1,7,1,82.5,86.9,9.9,Resolved
325,20260509,3,7,6,2,67.1,67.3,6.7,Resolved
326,20260614,3,5,8,5,63.8,59.0,10.4,Resolved
327,20260610,4,8,1,2,50.1,52.7,9.8,Closed
328,20260527,3,10,6,2,53.3,50.9,11.3,Resolved
329,20260430,4,3,5,2,69.5,66.6,9.0,Under Investigation
330,20260707,2,8,5,1,46.4,55.3,10.9,Resolved
331,20260529,1,2,8,1,39.1,36.8,12.8,Closed
332,20260627,1,10,4,3,49.0,59.2,6.0,Under Investigation
333,20260604,1,5,2,4,64.8,66.3,7.9,Closed
334,20260601,2,8,1,3,42.0,41.0,12.5,Resolved
335,20260717,2,8,4,1,74.8,63.9,8.3,Resolved
336,20260507,2,7,2,2,53.4,66.1,9.8,Resolved
337,20260704,3,4,2,1,43.8,43.8,16.6,Resolved
338,20260705,2,8,2,2,23.1,9.5,8.8,Under Investigation
339,20260602,3,5,3,3,39.6,45.5,8.5,Escalated
340,20260522,3,7,1,1,58.9,58.6,6.2,Resolved
341,20260429,2,7,4,4,62.3,56.7,11.4,Under Investigation
342,20260722,2,5,6,2,78.4,84.0,13.2,Under Investigation
343,20260723,3,2,3,3,80.8,65.5,9.5,Resolved
344,20260520,3,3,2,4,45.6,41.3,12.8,Escalated
345,20260501,2,10,5,3,42.4,40.6,8.5,Under Investigation
346,20260510,2,6,1,4,60.6,65.7,8.3,Closed
347,20260505,3,7,6,4,51.8,65.2,11.2,Escalated
348,20260712,3,3,4,3,77.9,76.4,11.3,Closed
349,20260718,1,8,4,1,74.1,76.9,9.7,Resolved
350,20260512,2,5,2,1,74.3,90.8,12.0,Escalated
351,20260705,4,3,3,4,52.7,52.7,6.1,Closed
352,20260515,1,2,2,1,71.0,73.8,9.1,Resolved
353,20260601,4,4,5,5,85.5,78.1,20.9,Resolved
354,20260621,1,6,2,2,55.8,67.6,12.9,Closed
355,20260702,3,3,6,3,65.2,60.9,12.5,Resolved
356,20260716,2,3,3,2,63.5,65.1,13.1,Resolved
357,20260503,1,3,5,5,68.4,69.8,8.9,Under Investigation
358,20260516,5,3,5,1,71.9,72.4,4.9,Escalated
359,20260524,2,8,6,2,47.6,45.0,9.2,Resolved
360,20260526,5,5,7,4,63.8,65.2,11.9,Resolved
361,20260727,1,5,5,1,78.5,89.0,12.4,Resolved
362,20260707,4,2,7,1,66.9,80.6,8.4,Resolved
363,20260527,5,6,3,4,67.2,66.1,7.1,Resolved
364,20260725,3,10,7,4,80.8,78.1,7.4,Under Investigation
365,20260612,1,8,3,1,52.9,48.0,8.4,Closed
366,20260613,3,5,6,3,67.5,83.6,4.3,Closed
367,20260607,3,4,4,1,71.7,72.5,16.4,Closed
368,20260511,5,4,8,1,46.7,53.4,18.1,Closed
369,20260722,2,1,3,3,71.0,75.2,9.7,Resolved
370,20260430,1,1,5,1,28.5,41.8,9.0,Resolved
371,20260514,1,8,2,2,63.8,62.3,7.9,Resolved
372,20260519,3,9,6,1,73.3,66.7,8.3,Under Investigation
373,20260524,5,10,1,4,51.1,62.3,8.3,Closed
374,20260510,1,7,4,3,57.0,62.4,12.1,Resolved
375,20260430,4,10,1,1,51.7,54.4,10.0,Resolved
376,20260628,5,5,3,5,49.2,58.4,19.5,Resolved
377,20260725,1,3,4,4,76.5,79.6,9.0,Resolved
378,20260509,1,3,3,1,43.2,52.6,11.3,Escalated
379,20260525,3,3,4,5,51.5,53.0,9.1,Resolved
380,20260613,3,8,2,1,41.4,46.8,9.0,Resolved
381,20260721,1,1,6,1,79.2,82.4,14.7,Closed
382,20260630,4,10,7,2,59.9,57.9,13.0,Resolved
383,20260706,3,8,4,1,53.9,52.7,4.7,Resolved
384,20260620,5,4,1,3,55.6,53.2,14.9,Escalated
385,20260605,4,8,1,3,51.7,53.3,9.6,Resolved
386,20260516,4,2,6,4,72.2,69.5,8.4,Under Investigation
387,20260715,3,5,8,1,59.7,62.3,5.5,Resolved
388,20260710,1,2,7,1,72.5,74.9,10.3,Resolved
389,20260501,3,2,4,2,44.4,45.6,4.4,Resolved
390,20260702,1,1,4,1,69.9,71.2,10.4,Closed
391,20260506,3,8,2,5,70.6,67.2,12.2,Resolved
392,20260704,1,8,1,3,75.3,73.6,12.6,Closed
393,20260712,3,9,7,4,86.4,76.4,9.6,Resolved
394,20260510,1,10,4,4,59.4,58.7,14.5,Closed
395,20260607,1,10,4,1,73.6,67.7,11.0,Closed
396,20260510,1,10,3,1,79.4,80.0,12.5,Resolved
397,20260619,3,1,3,2,38.2,33.9,7.8,Under Investigation
398,20260721,4,8,8,4,61.3,49.0,14.6,Escalated
399,20260506,1,8,7,2,32.6,46.1,10.0,Under Investigation
400,20260603,4,2,6,1,70.9,69.5,14.7,Closed
401,20260725,4,2,4,3,50.4,59.1,14.1,Resolved
402,20260526,2,10,6,1,28.3,25.1,10.8,Closed
403,20260510,3,9,3,3,38.5,48.7,11.2,Under Investigation
404,20260611,2,4,5,1,28.9,22.0,17.5,Resolved
405,20260613,1,1,2,2,59.1,60.2,7.5,Resolved
406,20260627,3,4,6,2,38.7,32.1,19.8,Resolved
407,20260527,1,1,1,4,29.6,45.2,11.6,Resolved
408,20260724,4,7,6,3,71.7,70.2,5.1,Resolved
409,20260614,5,4,5,1,55.3,60.3,17.8,Escalated
410,20260524,4,1,1,4,27.0,29.7,12.6,Resolved
411,20260724,3,10,5,4,61.6,61.4,14.4,Resolved
412,20260721,3,9,2,3,69.2,72.3,12.2,Closed
413,20260612,5,10,4,5,49.6,57.8,5.4,Closed
414,20260501,1,10,1,4,50.1,54.1,6.8,Escalated
415,20260621,1,1,6,1,72.7,73.7,9.0,Resolved
416,20260617,3,8,5,2,87.2,90.3,14.2,Closed
417,20260512,2,8,3,2,50.3,61.8,8.2,Resolved
418,20260625,2,8,8,2,35.2,32.7,13.2,Resolved
419,20260713,1,3,6,5,61.5,50.4,8.1,Closed
420,20260508,3,4,5,3,57.9,51.3,19.6,Resolved
421,20260703,1,10,2,2,57.5,51.4,7.2,Resolved
422,20260511,1,1,5,5,64.2,58.9,9.4,Under Investigation
423,20260705,1,7,6,3,92.8,87.7,6.6,Resolved
424,20260605,2,8,8,1,29.3,29.2,14.3,Resolved
425,20260429,4,8,5,5,47.4,48.9,7.9,Escalated
426,20260724,2,6,2,2,95.5,96.9,5.4,Closed
427,20260513,3,8,6,2,47.2,42.8,5.1,Closed
428,20260621,4,10,1,2,66.8,72.8,9.7,Resolved
429,20260515,2,8,3,5,64.5,67.7,8.6,Under Investigation
430,20260721,4,2,8,1,88.9,98.4,11.9,Closed
431,20260704,3,3,7,2,87.7,92.8,9.3,Resolved
432,20260710,3,4,8,3,68.0,65.9,21.5,Resolved
433,20260606,1,4,3,4,28.8,36.6,16.8,Resolved
434,20260610,1,4,6,1,44.5,46.1,21.1,Resolved
435,20260625,5,3,6,1,87.8,92.6,7.1,Resolved
436,20260708,4,7,2,5,40.5,44.8,5.5,Under Investigation
437,20260714,5,2,8,4,73.1,72.4,7.5,Under Investigation
438,20260430,5,8,8,2,17.3,17.9,6.6,Resolved
439,20260627,1,7,1,2,34.7,33.9,6.3,Under Investigation
440,20260508,4,10,7,2,68.3,63.2,11.2,Resolved
441,20260524,2,1,4,3,55.5,42.6,9.2,Resolved
442,20260712,4,3,6,3,58.7,54.5,10.4,Closed
443,20260521,1,9,5,4,42.8,44.0,11.6,Resolved
444,20260709,1,5,2,1,32.4,38.9,4.9,Escalated
445,20260609,4,6,1,4,65.4,70.2,11.7,Resolved
446,20260519,4,1,5,1,50.8,49.1,6.4,Resolved
447,20260529,3,8,7,4,32.2,28.1,8.3,Closed
448,20260615,2,3,7,1,55.5,54.4,4.3,Resolved
449,20260706,2,10,3,1,69.1,63.2,12.0,Resolved
450,20260622,5,4,7,1,52.0,39.3,12.9,Under Investigation
451,20260721,2,2,3,1,72.1,62.8,6.4,Under Investigation
452,20260716,2,6,5,2,78.1,86.3,6.6,Closed
453,20260705,3,5,3,3,49.1,60.2,9.6,Closed
454,20260622,2,5,5,4,55.8,60.3,9.5,Resolved
455,20260525,3,10,5,2,66.0,65.7,12.4,Resolved
456,20260605,2,4,6,2,70.5,62.1,17.7,Under Investigation
457,20260509,4,4,4,2,66.9,65.9,20.9,Resolved
458,20260601,5,7,5,4,44.9,48.6,11.1,Resolved
459,20260721,5,2,6,1,79.9,84.9,7.2,Resolved
460,20260606,3,9,4,2,62.0,66.1,8.0,Closed
461,20260509,2,3,5,1,44.4,51.7,14.5,Closed
462,20260626,3,3,1,1,48.0,59.7,13.7,Resolved
463,20260724,4,1,7,3,82.5,80.1,12.5,Resolved
464,20260716,3,4,2,1,98.2,100.0,20.9,Closed
465,20260523,3,6,7,1,27.8,15.7,11.4,Resolved
466,20260608,4,8,7,4,79.6,74.9,11.0,Resolved
467,20260615,3,9,8,1,72.5,73.7,10.1,Resolved
468,20260521,4,8,1,3,58.0,61.3,15.1,Resolved
469,20260523,1,4,2,2,51.4,50.3,16.6,Resolved
470,20260520,2,9,1,4,60.9,57.9,10.7,Resolved
471,20260727,3,2,4,3,64.7,77.9,4.9,Resolved
472,20260705,1,3,8,1,57.0,53.7,5.7,Escalated
473,20260713,4,4,7,4,42.9,36.8,23.4,Resolved
474,20260711,3,6,6,2,37.5,47.6,11.9,Escalated
475,20260724,1,3,7,1,100.0,100.0,9.4,Under Investigation
476,20260508,4,10,1,3,55.9,62.5,10.2,Resolved
477,20260717,3,3,7,3,81.2,82.4,5.9,Closed
478,20260504,4,4,3,2,54.5,46.2,16.7,Resolved
479,20260610,2,7,6,2,42.6,43.1,5.6,Resolved
480,20260621,4,5,7,1,50.4,41.3,9.1,Under Investigation
481,20260531,2,5,6,3,56.4,57.9,12.0,Resolved
482,20260512,3,10,4,5,52.1,56.0,11.4,Resolved
483,20260516,1,5,5,2,43.7,50.2,14.8,Closed
484,20260712,3,2,4,5,71.5,70.9,10.9,Closed
485,20260527,3,8,6,1,57.8,62.3,2.6,Resolved
486,20260526,3,8,4,4,60.9,55.5,15.9,Resolved
487,20260721,2,3,4,5,80.9,86.7,7.5,Under Investigation
488,20260511,4,9,2,3,52.4,56.4,10.5,Resolved
489,20260720,3,4,4,1,67.1,62.3,18.3,Resolved
490,20260720,1,2,6,2,91.9,95.1,10.7,Under Investigation
491,20260621,5,2,7,1,40.8,47.3,10.1,Resolved
492,20260513,3,8,1,3,26.9,27.4,10.2,Resolved
493,20260513,5,3,2,5,63.3,58.4,6.0,Under Investigation
494,20260524,5,5,5,2,45.6,46.7,17.8,Under Investigation
495,20260619,5,8,6,1,38.8,42.1,12.0,Resolved
496,20260512,4,9,2,1,68.3,63.3,10.2,Closed
497,20260609,3,5,3,3,52.8,46.8,15.5,Escalated
498,20260509,1,10,1,3,36.0,39.1,6.8,Under Investigation
499,20260616,3,4,1,1,84.0,88.9,20.6,Resolved
500,20260430,4,9,2,4,30.8,43.7,8.3,Under Investigation
501,20260701,3,3,6,1,55.7,59.7,11.2,Under Investigation
502,20260503,4,1,7,3,26.7,19.4,11.3,Under Investigation
503,20260516,1,8,4,2,59.1,71.3,3.0,Under Investigation
504,20260514,2,8,2,1,45.4,51.7,5.7,Resolved
505,20260712,3,10,8,3,76.6,64.6,14.8,Resolved
506,20260503,2,10,3,3,54.7,48.5,9.2,Closed
507,20260606,1,2,2,2,75.3,72.4,16.0,Resolved
508,20260621,1,7,2,4,48.6,53.6,13.9,Under Investigation
509,20260614,4,8,3,2,30.9,16.6,9.3,Closed
510,20260629,2,7,6,1,59.2,58.5,9.1,Resolved
511,20260710,1,1,4,5,59.2,63.9,14.9,Closed
512,20260603,1,1,4,5,27.7,10.7,16.3,Closed
513,20260712,2,7,3,1,48.5,53.0,9.1,Under Investigation
514,20260527,1,9,8,5,43.9,49.1,14.6,Under Investigation
515,20260726,3,2,6,4,97.0,91.9,13.1,Closed
516,20260613,4,1,6,1,65.6,58.7,13.6,Resolved
517,20260704,1,5,4,2,53.8,48.6,10.3,Under Investigation
518,20260716,3,4,5,1,84.6,68.6,16.0,Resolved
519,20260709,1,10,8,3,31.7,29.7,6.8,Closed
520,20260714,2,10,6,5,57.2,58.5,6.1,Resolved
521,20260616,4,6,7,2,61.0,53.7,15.7,Escalated
522,20260502,3,10,1,2,57.5,63.3,10.0,Resolved
523,20260612,4,3,7,1,46.9,47.5,6.6,Resolved
524,20260515,1,10,8,3,54.4,56.0,13.0,Escalated
525,20260718,2,5,6,4,73.4,71.0,8.6,Resolved
526,20260520,2,5,8,1,54.9,59.4,8.0,Resolved
527,20260519,2,1,5,3,67.9,75.6,16.2,Under Investigation
528,20260521,5,2,3,2,59.8,57.4,6.0,Resolved
529,20260625,1,2,5,4,62.7,67.3,10.7,Resolved
530,20260619,4,5,6,3,80.7,85.3,8.2,Resolved
531,20260723,4,2,2,3,84.1,86.6,7.7,Closed
532,20260605,3,2,2,2,81.1,91.2,5.6,Resolved
533,20260524,2,7,3,3,44.9,40.5,10.2,Resolved
534,20260503,3,9,5,3,31.1,28.6,7.4,Closed
535,20260429,1,1,2,3,52.9,48.2,11.8,Escalated
536,20260601,4,6,7,3,51.6,56.0,9.9,Under Investigation
537,20260721,2,10,1,4,92.2,90.6,9.1,Resolved
538,20260615,5,5,8,1,38.0,33.8,7.4,Escalated
539,20260718,3,2,6,1,67.2,77.2,14.3,Closed
540,20260508,3,1,3,5,61.1,72.0,12.2,Closed
541,20260507,3,10,3,1,56.5,54.5,8.0,Under Investigation
542,20260713,3,5,6,5,62.4,54.2,5.9,Under Investigation
543,20260508,5,2,1,3,60.4,71.6,4.3,Escalated
544,20260503,1,9,6,5,71.2,74.0,13.4,Escalated
545,20260604,5,9,5,3,78.0,80.5,12.7,Under Investigation
546,20260721,4,8,2,4,70.8,71.4,13.1,Resolved
547,20260630,4,1,8,3,44.1,39.3,9.6,Escalated
548,20260507,2,1,6,2,78.0,75.5,12.4,Resolved
549,20260713,4,3,2,2,48.8,52.9,13.1,Resolved
550,20260713,2,2,6,1,91.9,89.2,9.8,Resolved
551,20260710,4,6,4,1,83.2,85.8,8.9,Resolved
552,20260719,1,4,7,5,91.3,91.4,15.1,Resolved
553,20260520,2,8,4,1,65.3,59.0,11.3,Resolved
554,20260726,2,2,8,4,42.0,51.7,11.7,Under Investigation
555,20260527,2,8,8,2,39.4,43.0,8.8,Closed
556,20260710,2,10,1,2,67.6,69.6,9.1,Resolved
557,20260620,4,2,4,5,44.9,48.2,9.3,Resolved
558,20260708,1,7,2,1,56.9,46.1,12.4,Resolved
559,20260624,4,6,4,3,64.2,61.2,5.9,Escalated
560,20260625,1,1,2,2,52.5,43.3,6.7,Resolved
561,20260623,4,3,5,1,36.7,37.4,6.7,Resolved
562,20260708,4,8,2,1,75.0,77.0,9.6,Resolved
563,20260704,2,9,5,3,66.7,67.5,10.9,Resolved
564,20260511,3,4,4,1,51.3,58.4,14.8,Under Investigation
565,20260712,5,2,8,4,75.0,66.0,12.7,Under Investigation
566,20260616,4,3,8,3,56.4,51.6,14.4,Resolved
567,20260528,2,9,5,1,75.0,77.5,11.2,Resolved
568,20260614,2,6,4,1,57.3,58.9,13.4,Under Investigation
569,20260725,4,5,6,1,92.9,85.0,7.3,Closed
570,20260715,1,1,6,4,38.2,45.4,7.3,Under Investigation
571,20260713,4,8,2,2,71.9,81.2,11.5,Escalated
572,20260609,2,5,4,1,49.0,51.6,9.9,Closed
573,20260708,4,6,8,3,48.8,39.7,7.3,Resolved
574,20260602,1,9,3,2,72.4,73.4,14.3,Resolved
575,20260629,1,6,1,3,69.0,71.0,10.9,Under Investigation
576,20260625,5,10,7,1,24.9,23.3,12.1,Resolved
577,20260521,4,6,8,1,65.7,73.8,8.0,Resolved
578,20260522,4,4,6,2,63.9,63.2,23.0,Under Investigation
579,20260504,5,10,6,3,44.2,56.8,9.5,Under Investigation
580,20260511,2,7,3,3,42.5,47.2,13.1,Resolved
581,20260607,1,8,3,1,31.1,32.8,8.3,Resolved
582,20260611,1,3,8,1,49.9,55.4,10.5,Resolved
583,20260513,3,7,7,3,52.3,61.5,11.7,Resolved
584,20260605,1,6,4,1,67.0,72.4,16.0,Resolved
585,20260622,5,2,3,3,59.0,58.5,8.7,Resolved
586,20260519,1,3,2,2,39.1,35.1,10.6,Closed
587,20260529,1,10,1,1,58.6,51.9,11.8,Resolved
588,20260601,1,6,4,2,51.2,36.6,5.8,Closed
589,20260613,1,8,5,1,41.0,42.0,3.5,Closed
590,20260531,1,2,6,3,31.2,28.9,7.0,Resolved
591,20260704,3,3,7,1,68.4,66.4,12.9,Resolved
592,20260528,2,10,3,2,61.7,67.9,15.1,Closed
593,20260607,3,5,2,2,63.4,62.7,7.2,Resolved
594,20260602,4,9,7,1,44.1,55.5,6.3,Resolved
595,20260515,3,9,7,3,57.6,54.2,14.6,Resolved
596,20260629,3,4,5,4,35.0,29.2,16.3,Escalated
597,20260520,2,10,1,5,40.2,32.7,8.9,Escalated
598,20260525,1,8,4,1,55.5,59.8,14.4,Under Investigation
599,20260709,2,2,5,1,66.3,73.2,13.9,Resolved
600,20260723,5,1,7,2,47.2,43.6,12.8,Under Investigation
601,20260628,3,2,5,4,39.1,32.7,4.9,Under Investigation
602,20260720,1,8,4,2,64.2,73.4,6.2,Under Investigation
603,20260714,2,2,4,2,80.0,71.3,13.4,Closed
604,20260611,4,3,4,4,42.8,48.9,11.0,Resolved
605,20260707,3,5,1,1,63.1,59.7,7.7,Resolved
606,20260528,3,2,1,3,58.7,61.1,9.0,Resolved
607,20260609,4,4,7,2,51.3,57.8,21.3,Under Investigation
608,20260616,3,7,3,3,59.0,61.9,14.6,Closed
609,20260724,3,10,7,3,52.2,50.4,10.0,Resolved
610,20260714,1,5,4,2,55.8,64.2,7.9,Resolved
611,20260612,1,8,8,3,76.5,78.2,9.2,Closed
612,20260626,5,6,2,2,77.6,99.7,14.0,Resolved
613,20260517,3,5,2,1,67.6,57.4,14.0,Closed
614,20260710,2,6,5,4,79.5,69.2,10.6,Closed
615,20260617,3,10,7,4,27.6,33.6,8.4,Escalated
616,20260615,1,1,2,5,40.8,40.6,13.2,Resolved
617,20260706,4,6,5,3,55.7,60.5,14.9,Under Investigation
618,20260624,1,1,2,1,91.2,84.6,5.6,Resolved
619,20260505,4,9,6,2,50.3,50.6,9.3,Resolved
620,20260524,3,7,5,2,66.2,68.9,13.5,Resolved
621,20260514,1,1,6,1,60.7,57.4,10.2,Resolved
622,20260704,1,7,3,2,64.3,65.7,8.5,Closed
623,20260502,4,5,3,2,54.6,46.4,10.6,Under Investigation
624,20260517,1,1,6,1,37.0,39.4,11.1,Resolved
625,20260621,1,10,3,4,14.5,23.2,6.6,Under Investigation
626,20260630,4,4,6,1,75.6,68.2,18.3,Under Investigation
627,20260613,2,1,2,2,45.8,38.0,11.1,Resolved
628,20260715,2,7,3,4,38.3,45.4,8.5,Resolved
629,20260720,1,4,1,3,76.2,68.3,15.7,Resolved
630,20260510,4,7,1,1,61.3,66.3,8.4,Escalated
631,20260723,1,2,3,3,83.2,83.5,7.1,Resolved
632,20260623,1,9,4,4,71.7,69.2,12.6,Closed
633,20260625,2,5,2,4,41.2,50.0,7.0,Under Investigation
634,20260507,1,5,1,2,41.9,47.5,10.6,Resolved
635,20260623,2,9,8,1,50.2,51.9,8.9,Resolved
636,20260703,1,6,5,3,70.7,57.8,7.9,Resolved
637,20260620,1,1,6,1,23.5,27.8,14.1,Resolved
638,20260506,2,6,6,4,56.9,50.5,9.6,Resolved
639,20260615,4,7,1,3,69.0,67.7,8.0,Closed
640,20260722,1,4,5,4,84.4,84.4,15.7,Resolved
641,20260703,1,2,7,5,69.0,80.4,11.0,Resolved
642,20260511,5,1,4,3,70.9,69.4,12.5,Resolved
643,20260724,4,9,7,5,31.1,22.6,13.8,Resolved
644,20260724,3,1,8,3,96.5,100.0,9.5,Closed
645,20260514,1,6,5,1,60.0,64.4,9.3,Resolved
646,20260710,2,9,1,4,83.0,87.6,10.4,Resolved
647,20260604,1,4,5,3,37.4,46.3,18.5,Under Investigation
648,20260621,1,3,8,5,28.7,39.0,7.7,Resolved
649,20260608,2,8,5,1,81.8,76.4,14.4,Resolved
650,20260708,3,7,7,2,47.8,39.5,10.1,Under Investigation
651,20260727,2,1,5,4,69.7,74.8,11.6,Closed
652,20260709,3,6,4,1,70.2,68.6,11.3,Under Investigation
653,20260721,1,1,8,3,81.9,80.9,11.2,Resolved
654,20260723,2,4,2,2,87.8,81.1,15.0,Resolved
655,20260507,4,4,4,1,58.4,61.9,18.0,Resolved
656,20260521,4,9,2,1,39.2,41.6,16.8,Resolved
657,20260702,2,10,6,4,68.3,67.4,14.8,Closed
658,20260621,3,7,8,1,65.8,57.5,10.5,Resolved
659,20260503,1,8,8,4,27.8,35.1,8.9,Resolved
660,20260507,1,1,2,3,76.3,77.8,3.3,Resolved
661,20260614,3,1,6,3,17.7,24.4,8.5,Resolved
662,20260623,1,8,7,2,70.5,57.9,9.8,Resolved
663,20260514,2,5,7,1,45.5,45.8,9.0,Resolved
664,20260514,2,6,5,4,65.6,61.3,9.3,Escalated
665,20260510,1,7,2,1,62.7,62.9,11.9,Resolved
666,20260618,1,4,4,1,54.4,60.1,15.0,Resolved
667,20260429,2,7,7,5,61.8,64.0,10.8,Under Investigation
668,20260619,5,8,5,2,53.7,53.8,9.7,Resolved
669,20260610,3,3,4,1,65.7,65.8,7.4,Resolved
670,20260609,2,7,2,5,87.8,78.4,15.0,Resolved
671,20260629,1,2,6,1,35.5,30.1,12.2,Escalated
672,20260615,3,4,4,1,7.2,13.9,15.6,Resolved
673,20260703,1,8,4,2,52.1,49.1,11.6,Resolved
674,20260706,3,10,8,4,53.1,59.9,5.8,Under Investigation
675,20260720,4,1,1,4,64.0,69.0,8.0,Resolved
676,20260709,2,7,2,4,48.4,53.7,14.0,Under Investigation
677,20260614,1,6,8,5,68.1,70.1,11.1,Resolved
678,20260612,1,7,8,1,34.3,31.7,10.8,Resolved
679,20260520,1,8,3,3,61.8,60.9,13.0,Closed
680,20260621,2,1,8,1,64.6,68.4,11.8,Under Investigation
681,20260511,4,8,2,5,59.7,46.9,9.2,Resolved
682,20260721,1,3,1,5,77.6,85.1,12.8,Escalated
683,20260714,3,2,3,2,79.9,76.9,4.9,Resolved
684,20260509,3,5,5,4,55.8,55.3,8.0,Resolved
685,20260708,1,1,1,3,56.5,56.0,9.7,Resolved
686,20260509,1,7,2,1,62.3,62.1,11.6,Resolved
687,20260702,2,6,7,3,66.7,58.8,9.0,Resolved
688,20260506,3,6,5,5,68.3,69.2,4.6,Under Investigation
689,20260611,2,1,5,2,29.3,32.9,4.2,Resolved
690,20260627,3,8,8,1,52.2,39.9,9.8,Closed
691,20260703,4,1,2,5,42.4,34.6,8.6,Resolved
692,20260605,4,3,8,2,63.4,68.8,7.3,Resolved
693,20260720,5,4,3,2,80.6,84.9,14.8,Under Investigation
694,20260707,4,8,8,3,56.9,58.7,10.4,Resolved
695,20260517,4,5,7,3,44.1,40.0,13.9,Resolved
696,20260628,4,9,2,2,64.0,68.3,10.4,Resolved
697,20260703,3,10,2,1,56.3,49.1,13.9,Resolved
698,20260529,4,8,5,4,76.4,75.6,8.9,Resolved
699,20260704,5,1,5,2,85.6,77.8,11.3,Under Investigation
700,20260718,2,8,2,3,83.3,82.3,14.1,Resolved
701,20260711,3,3,3,4,67.2,61.0,9.5,Resolved
702,20260706,3,9,8,1,87.7,92.2,10.1,Resolved
703,20260625,4,10,7,4,58.6,61.2,8.9,Resolved
704,20260523,2,1,2,4,47.8,44.4,11.8,Closed
705,20260709,4,1,6,5,52.2,58.7,12.7,Under Investigation
706,20260531,4,7,2,1,44.4,38.7,11.1,Resolved
707,20260615,5,2,4,2,54.9,54.7,9.3,Resolved
708,20260527,1,10,1,3,61.9,58.2,5.5,Resolved
709,20260527,3,6,6,5,33.8,38.3,9.9,Resolved
710,20260513,4,6,2,5,48.3,52.2,9.4,Closed
711,20260724,5,9,2,2,75.5,83.3,10.7,Resolved
712,20260512,5,3,2,2,64.7,65.2,10.4,Closed
713,20260506,3,6,2,1,54.6,36.8,14.7,Escalated
714,20260722,3,10,1,3,74.7,72.1,7.9,Under Investigation
715,20260617,1,1,5,4,36.4,45.8,5.3,Resolved
716,20260607,5,2,7,4,41.3,39.4,6.6,Resolved
717,20260704,1,2,3,2,58.1,46.6,8.1,Escalated
718,20260602,3,4,7,5,62.7,65.4,21.2,Escalated
719,20260510,4,2,5,1,58.5,61.6,6.1,Resolved
720,20260703,2,2,3,2,45.6,41.2,6.5,Resolved
721,20260514,1,9,1,3,51.5,50.0,11.2,Resolved
722,20260617,1,5,7,2,77.7,72.6,12.5,Resolved
723,20260723,4,4,1,4,79.8,82.9,13.4,Resolved
724,20260722,3,5,4,3,68.6,68.9,4.7,Resolved
725,20260531,1,10,1,1,39.6,32.6,7.6,Closed
726,20260708,3,5,7,1,51.0,50.9,12.0,Under Investigation
727,20260623,1,5,8,2,55.1,50.7,10.4,Under Investigation
728,20260611,4,10,3,3,59.1,67.9,7.8,Under Investigation
729,20260511,2,1,3,2,63.5,68.9,12.2,Under Investigation
730,20260601,1,5,5,2,60.8,60.1,10.4,Resolved
731,20260626,1,8,5,1,49.4,49.9,9.7,Escalated
732,20260726,3,6,4,4,66.0,72.1,5.2,Resolved
733,20260429,2,9,3,2,85.7,84.7,7.7,Closed
734,20260702,4,9,2,2,49.3,53.9,15.9,Resolved
735,20260714,2,4,3,2,46.3,55.2,17.0,Under Investigation
736,20260723,2,9,5,1,47.1,44.2,7.1,Resolved
737,20260606,1,3,6,1,49.7,59.6,8.9,Resolved
738,20260509,1,3,7,1,69.1,77.2,10.4,Resolved
739,20260523,5,10,5,3,46.4,47.9,12.7,Resolved
740,20260714,1,1,7,1,87.8,85.1,11.9,Escalated
741,20260717,5,4,5,1,78.1,79.5,16.0,Resolved
742,20260625,2,7,3,5,71.6,70.1,13.8,Resolved
743,20260510,1,5,3,2,43.6,38.8,12.4,Escalated
744,20260509,1,9,5,2,43.9,47.1,8.7,Under Investigation
745,20260611,1,3,3,2,56.4,50.3,9.6,Closed
746,20260620,4,6,7,1,62.2,60.2,11.8,Resolved
747,20260501,3,2,2,1,52.3,50.3,13.2,Resolved
748,20260629,2,3,1,4,60.1,51.9,5.4,Resolved
749,20260617,3,2,4,2,63.8,67.8,10.2,Closed
750,20260430,3,8,1,3,33.7,32.3,9.9,Escalated
751,20260507,5,3,2,5,49.9,57.7,8.3,Escalated
752,20260608,5,7,4,1,47.2,45.7,8.3,Under Investigation
753,20260703,3,4,1,3,51.3,48.9,21.2,Resolved
754,20260712,4,6,2,1,70.4,65.0,11.6,Resolved
755,20260606,4,9,5,2,47.4,47.6,16.3,Under Investigation
756,20260525,2,9,3,4,24.9,25.2,8.3,Resolved
757,20260725,3,1,8,1,69.5,74.0,10.4,Under Investigation
758,20260609,1,8,1,5,39.0,39.4,10.9,Closed
759,20260527,4,10,6,3,62.4,75.0,12.7,Resolved
760,20260607,5,7,5,2,67.1,69.8,14.1,Under Investigation
761,20260430,1,2,6,1,22.4,16.5,10.3,Resolved
762,20260526,4,7,6,3,43.4,37.0,6.7,Resolved
763,20260614,5,7,1,2,60.3,63.5,7.9,Resolved
764,20260720,1,7,7,1,48.5,42.4,10.4,Resolved
765,20260704,3,5,3,2,70.7,74.3,13.4,Under Investigation
766,20260708,5,6,6,1,77.4,82.8,5.7,Resolved
767,20260617,5,7,3,5,52.6,58.1,6.5,Resolved
768,20260508,1,5,4,2,43.4,38.2,12.3,Resolved
769,20260603,2,8,6,2,20.3,25.8,6.1,Under Investigation
770,20260727,3,8,8,4,86.5,88.4,6.6,Resolved
771,20260502,1,4,8,3,85.0,81.4,21.4,Under Investigation
772,20260717,2,7,6,4,100.0,99.0,9.3,Resolved
773,20260629,1,8,5,5,52.7,55.5,9.1,Escalated
774,20260524,1,5,5,1,38.6,34.6,14.1,Resolved
775,20260708,3,8,8,2,74.2,76.0,6.8,Resolved
776,20260713,3,2,2,3,63.1,71.8,6.2,Resolved
777,20260502,3,4,8,1,62.2,68.0,22.9,Under Investigation
778,20260508,4,8,6,3,59.5,60.0,10.7,Closed
779,20260627,2,9,5,1,56.4,57.8,12.0,Closed
780,20260727,1,7,5,5,89.8,86.6,9.1,Resolved
781,20260501,1,7,7,3,71.0,67.9,9.7,Under Investigation
782,20260627,1,4,6,3,47.2,38.0,15.9,Under Investigation
783,20260511,2,8,1,2,41.2,42.7,11.0,Resolved
784,20260626,1,4,7,5,17.5,21.6,20.5,Resolved
785,20260624,1,1,6,3,49.8,49.4,10.6,Under Investigation
786,20260507,1,3,8,4,38.6,33.3,13.2,Closed
787,20260629,3,7,8,4,62.0,62.4,12.0,Resolved
788,20260718,3,10,8,1,63.3,71.4,6.9,Resolved
789,20260715,5,5,1,1,62.9,68.3,9.6,Resolved
790,20260501,4,9,6,1,67.2,67.0,8.7,Resolved
791,20260521,3,8,8,3,61.0,73.3,12.3,Resolved
792,20260520,1,6,8,3,53.2,69.4,11.4,Resolved
793,20260608,3,9,5,2,80.3,77.4,10.4,Resolved
794,20260511,1,5,8,5,66.1,64.6,13.0,Escalated
795,20260714,2,5,8,1,59.4,63.6,4.4,Resolved
796,20260707,2,8,1,4,55.4,49.9,8.2,Escalated
797,20260710,2,7,8,2,74.8,79.9,8.4,Escalated
798,20260516,1,6,6,2,58.0,58.6,10.8,Under Investigation
799,20260430,3,5,5,1,38.2,40.4,11.7,Resolved
800,20260719,4,10,2,3,82.4,78.9,10.0,Closed
801,20260525,4,1,8,4,73.9,69.2,6.1,Resolved
802,20260627,3,1,3,2,72.7,60.8,11.2,Resolved
803,20260719,3,5,4,2,92.1,100.0,10.4,Resolved
804,20260502,1,1,3,3,86.0,91.6,5.6,Closed
805,20260429,3,4,8,2,80.9,84.9,17.1,Resolved
806,20260429,3,6,4,3,60.1,62.2,11.1,Resolved
807,20260513,1,5,1,2,51.9,38.1,15.0,Under Investigation
808,20260503,2,3,1,4,27.6,23.1,6.7,Under Investigation
809,20260711,5,3,8,3,63.8,62.3,12.4,Under Investigation
810,20260622,3,7,2,1,62.8,56.3,6.8,Resolved
811,20260726,2,10,7,4,74.3,64.1,6.2,Under Investigation
812,20260710,3,8,1,2,34.7,28.8,6.4,Resolved
813,20260724,2,6,8,5,68.0,68.3,11.8,Resolved
814,20260520,2,2,6,3,64.7,65.0,10.4,Resolved
815,20260524,1,3,2,1,39.6,45.0,9.1,Resolved
816,20260714,2,5,8,3,68.2,80.6,11.4,Resolved
817,20260521,3,3,3,1,61.5,65.6,10.1,Resolved
818,20260504,1,7,8,4,71.8,70.7,10.3,Resolved
819,20260628,4,4,5,5,80.7,91.5,17.1,Resolved
820,20260710,1,9,4,3,57.3,47.8,6.9,Resolved
821,20260725,3,3,1,2,75.8,63.3,15.1,Resolved
822,20260721,3,5,3,3,73.6,68.3,14.2,Escalated
823,20260509,3,8,1,2,64.7,69.6,14.8,Resolved
824,20260707,3,3,7,1,69.1,70.1,8.4,Under Investigation
825,20260714,5,8,1,5,87.0,80.2,8.0,Resolved
826,20260630,3,6,1,2,21.4,17.0,8.8,Resolved
827,20260711,3,7,1,2,69.9,62.5,13.2,Resolved
828,20260713,3,5,8,1,72.3,64.9,10.0,Resolved
829,20260608,1,10,8,5,51.5,60.8,8.4,Under Investigation
830,20260502,1,8,6,5,21.0,20.1,11.1,Resolved
831,20260609,2,2,1,2,54.1,64.7,7.8,Closed
832,20260517,1,6,5,1,44.3,39.0,5.9,Under Investigation
833,20260509,2,10,8,4,80.2,83.1,10.4,Resolved
834,20260510,2,3,1,2,60.6,62.0,8.5,Closed
835,20260630,3,6,7,5,44.4,49.7,10.0,Resolved
836,20260613,1,8,1,5,24.2,25.7,2.0,Escalated
837,20260616,4,3,7,4,63.9,69.8,7.3,Resolved
838,20260705,2,6,5,1,70.1,73.4,9.9,Resolved
839,20260617,3,6,8,3,51.8,45.3,5.5,Resolved
840,20260624,1,2,4,5,64.1,68.5,5.6,Escalated
841,20260506,2,2,7,2,49.8,49.2,10.1,Resolved
842,20260714,1,6,7,4,81.7,77.0,12.1,Under Investigation
843,20260608,3,2,3,2,69.9,74.1,7.3,Closed
844,20260512,2,10,6,5,30.4,35.9,9.2,Resolved
845,20260711,5,6,4,3,42.7,39.8,9.3,Closed
846,20260704,2,8,4,1,89.5,87.4,5.3,Resolved
847,20260503,3,4,7,2,69.0,60.7,21.6,Escalated
848,20260516,1,3,2,1,36.1,25.3,9.5,Resolved
849,20260430,3,5,1,2,31.4,29.9,9.5,Escalated
850,20260523,2,8,4,5,58.1,62.9,11.1,Closed
851,20260507,2,4,7,1,37.9,34.5,13.3,Resolved
852,20260701,1,3,2,5,52.2,60.8,12.8,Under Investigation
853,20260615,1,2,3,1,54.3,53.1,13.2,Closed
854,20260726,1,6,6,3,72.3,71.1,10.4,Escalated
855,20260705,5,7,4,5,76.6,74.9,11.4,Closed
856,20260623,2,6,5,3,82.5,88.4,9.0,Under Investigation
857,20260613,1,3,5,4,47.8,42.0,12.6,Resolved
858,20260503,5,3,7,5,38.0,37.2,7.5,Escalated
859,20260505,1,4,8,3,60.8,57.5,17.9,Under Investigation
860,20260623,2,4,4,4,79.5,76.1,18.1,Resolved
861,20260429,3,3,4,1,49.0,49.2,9.9,Resolved
862,20260502,5,10,3,2,67.8,67.1,13.2,Resolved
863,20260518,3,4,4,1,42.4,48.7,24.6,Under Investigation
864,20260717,2,3,7,4,78.5,78.4,9.7,Escalated
865,20260609,5,7,5,3,37.6,40.9,11.4,Escalated
866,20260701,1,9,6,3,57.2,58.2,7.6,Resolved
867,20260605,5,5,4,5,53.3,61.7,13.1,Resolved
868,20260514,4,7,6,1,64.1,62.3,8.4,Resolved
869,20260601,5,1,6,5,81.7,79.9,19.4,Under Investigation
870,20260507,1,6,5,1,49.2,53.7,5.0,Escalated
871,20260707,1,1,8,2,31.0,29.1,16.4,Closed
872,20260515,3,2,8,3,52.0,55.0,13.0,Resolved
873,20260601,3,6,2,2,59.5,73.5,6.6,Escalated
874,20260726,3,3,2,3,76.7,70.8,17.0,Under Investigation
875,20260621,5,1,8,4,52.6,61.8,7.2,Closed
876,20260609,3,2,4,4,77.3,74.3,9.1,Escalated
877,20260616,2,8,3,1,57.0,65.0,6.1,Resolved
878,20260708,2,6,7,1,60.1,64.2,9.6,Escalated
879,20260521,1,4,5,1,43.3,46.9,17.8,Resolved
880,20260625,1,10,2,2,28.8,27.9,12.5,Escalated
881,20260716,1,4,1,1,82.4,80.9,25.3,Escalated
882,20260619,4,9,7,2,58.7,54.4,8.5,Closed
883,20260608,3,4,7,4,39.1,39.1,9.7,Resolved
884,20260512,3,1,3,5,54.3,53.2,11.9,Escalated
885,20260521,2,2,7,4,52.8,53.9,8.3,Resolved
886,20260723,3,3,2,1,62.3,53.8,15.5,Escalated
887,20260616,4,2,7,3,43.1,43.2,9.9,Closed
888,20260526,4,2,1,1,61.1,68.7,7.7,Resolved
889,20260605,3,4,6,2,51.6,57.3,15.0,Under Investigation
890,20260620,4,10,7,2,46.1,46.2,11.9,Under Investigation
891,20260616,3,3,5,5,42.1,57.5,9.2,Escalated
892,20260630,2,3,7,3,54.4,50.9,14.4,Resolved
893,20260522,4,10,3,1,68.9,68.4,9.4,Closed
894,20260626,2,3,3,3,58.1,49.4,14.2,Closed
895,20260607,2,9,3,5,51.4,49.0,5.9,Under Investigation
896,20260722,2,7,1,1,75.6,86.3,4.8,Resolved
897,20260513,3,10,3,4,75.5,73.3,12.5,Under Investigation
898,20260512,3,6,2,1,62.4,53.2,8.6,Resolved
899,20260609,3,6,7,1,58.9,64.1,9.2,Escalated
900,20260613,2,3,2,4,64.6,66.9,7.0,Resolved
901,20260630,1,6,2,1,54.0,59.0,6.7,Resolved
902,20260604,4,7,6,4,57.8,56.0,11.9,Resolved
903,20260720,2,10,5,1,62.3,56.3,9.9,Under Investigation
904,20260610,5,1,2,3,31.7,30.6,6.8,Under Investigation
905,20260510,1,2,6,3,60.1,63.4,12.4,Under Investigation
906,20260509,3,1,2,4,60.2,59.8,13.5,Resolved
907,20260725,3,8,7,4,68.7,71.0,9.7,Resolved
908,20260511,4,1,1,3,70.5,67.3,13.0,Resolved
909,20260723,1,10,5,2,60.8,63.4,7.0,Under Investigation
910,20260524,5,4,5,1,28.4,28.4,19.7,Resolved
911,20260507,3,3,3,3,44.5,40.3,10.5,Under Investigation
912,20260526,3,10,6,2,31.9,32.7,7.6,Resolved
913,20260623,3,8,4,1,60.1,57.8,16.2,Closed
914,20260606,1,6,6,5,43.7,47.4,10.7,Resolved
915,20260708,2,9,2,2,76.4,81.6,8.2,Resolved
916,20260622,1,8,5,1,69.5,72.5,10.1,Resolved
917,20260604,2,7,7,5,41.1,31.3,7.4,Resolved
918,20260625,3,4,8,3,42.9,37.1,14.5,Resolved
919,20260725,2,10,3,3,81.0,77.2,8.7,Escalated
920,20260605,1,8,4,1,69.7,64.9,8.9,Under Investigation
921,20260512,1,10,4,2,24.8,21.5,7.6,Resolved
922,20260604,1,10,7,3,59.2,64.8,13.8,Closed
923,20260713,1,6,8,1,32.0,36.2,7.7,Resolved
924,20260518,3,4,6,3,46.8,44.3,15.2,Escalated
925,20260723,1,10,7,1,88.1,91.7,6.4,Resolved
926,20260620,4,10,1,1,100.0,100.0,6.2,Resolved
927,20260622,1,2,7,1,51.4,51.2,13.1,Escalated
928,20260527,1,7,7,1,36.3,43.2,10.8,Resolved
929,20260720,4,7,6,1,62.0,58.0,12.1,Resolved
930,20260502,1,8,5,4,56.0,56.3,13.1,Escalated
931,20260525,2,10,8,3,44.9,38.6,9.0,Under Investigation
932,20260605,5,3,6,1,41.1,35.1,14.4,Closed
933,20260610,5,10,7,3,48.6,40.4,8.1,Under Investigation
934,20260610,3,7,2,1,60.9,55.0,6.7,Resolved
935,20260512,1,1,6,2,52.5,53.0,11.1,Under Investigation
936,20260519,3,6,4,4,41.8,40.0,10.4,Escalated
937,20260507,5,2,7,3,44.9,43.3,10.4,Resolved
938,20260619,5,10,8,3,48.8,47.0,13.0,Resolved
939,20260530,1,8,7,1,40.0,50.6,10.3,Under Investigation
940,20260618,2,10,2,1,44.4,37.6,10.9,Escalated
941,20260621,2,7,4,4,64.7,57.2,14.1,Resolved
942,20260701,1,4,1,3,53.5,48.4,18.8,Under Investigation
943,20260617,3,5,8,3,28.7,28.3,11.5,Resolved
944,20260626,1,10,3,5,70.4,73.5,5.7,Resolved
945,20260620,2,2,5,2,61.3,65.0,21.2,Under Investigation
946,20260626,1,9,4,4,34.3,40.0,5.2,Resolved
947,20260623,2,5,8,3,49.5,48.9,8.4,Resolved
948,20260527,1,6,7,1,43.1,40.7,8.3,Under Investigation
949,20260521,2,7,7,1,65.2,75.0,16.3,Resolved
950,20260708,1,1,6,3,56.1,39.4,8.2,Closed
951,20260529,5,2,1,1,53.9,54.3,11.3,Closed
952,20260617,1,2,8,3,52.2,54.8,8.3,Under Investigation
953,20260516,3,8,1,3,32.8,44.0,6.9,Escalated
954,20260606,1,1,4,2,76.1,66.1,11.7,Closed
955,20260615,1,7,4,2,64.9,62.4,7.8,Under Investigation
956,20260624,1,2,4,3,43.8,35.7,10.6,Escalated
957,20260615,1,8,8,2,57.9,47.1,11.9,Resolved
958,20260531,1,10,2,4,69.6,68.4,15.7,Escalated
959,20260724,2,5,5,1,73.2,78.2,6.2,Resolved
960,20260614,3,3,2,5,78.4,85.6,9.5,Resolved
961,20260710,1,5,8,1,100.0,96.8,9.7,Under Investigation
962,20260704,2,7,6,1,57.1,61.1,10.0,Resolved
963,20260618,3,8,4,3,46.3,45.1,17.7,Resolved
964,20260717,1,7,1,1,63.3,66.6,9.5,Under Investigation
965,20260510,2,6,2,1,21.8,28.7,2.4,Resolved
966,20260720,1,7,2,1,88.4,87.2,9.4,Closed
967,20260714,1,3,4,3,60.4,66.9,9.6,Closed
968,20260613,2,3,8,3,68.1,60.8,9.3,Under Investigation
969,20260704,5,10,1,1,75.1,79.0,7.8,Resolved
970,20260614,5,6,5,2,38.8,45.0,6.0,Under Investigation
971,20260523,5,9,3,1,41.0,46.6,16.5,Resolved
972,20260709,2,7,1,5,88.5,81.4,11.0,Under Investigation
973,20260521,1,5,5,1,53.9,52.7,9.4,Resolved
974,20260527,2,6,6,3,45.1,46.9,16.4,Resolved
975,20260614,1,7,8,2,39.3,42.0,7.4,Resolved
976,20260713,1,2,5,3,62.9,63.6,11.8,Closed
977,20260602,1,5,3,5,77.6,86.2,6.3,Resolved
978,20260612,2,8,7,2,65.3,57.5,12.3,Resolved
979,20260502,2,1,2,4,57.7,56.3,6.6,Resolved
980,20260509,1,1,6,2,78.8,68.7,11.4,Resolved
981,20260504,3,2,8,3,75.9,79.6,15.9,Closed
982,20260505,2,6,1,2,60.0,63.3,10.3,Resolved
983,20260716,4,3,8,1,100.0,100.0,3.4,Resolved
984,20260713,1,5,2,1,61.3,67.5,10.1,Resolved
985,20260711,3,2,4,1,80.1,82.1,11.4,Under Investigation
986,20260504,1,3,3,5,49.1,50.6,12.7,Under Investigation
987,20260505,2,1,2,4,68.5,66.6,14.4,Escalated
988,20260524,1,9,6,1,51.3,52.1,14.6,Escalated
989,20260618,1,5,4,2,61.9,63.6,9.6,Resolved
990,20260529,3,2,5,3,90.9,79.1,8.0,Closed
991,20260611,1,6,4,2,69.3,70.5,6.6,Escalated
992,20260514,1,10,6,2,62.2,62.8,8.4,Under Investigation
993,20260703,5,9,8,3,46.7,57.2,11.4,Resolved
994,20260527,1,9,5,1,57.8,57.0,6.0,Under Investigation
995,20260504,3,5,2,2,39.9,35.3,7.2,Under Investigation
996,20260704,3,4,3,1,72.3,73.9,19.7,Resolved
997,20260719,1,4,4,1,81.9,82.3,16.1,Resolved
998,20260430,2,4,1,3,52.3,51.5,19.1,Under Investigation
999,20260607,1,10,2,3,80.0,72.3,7.6,Under Investigation
1000,20260712,3,2,2,5,87.2,86.3,10.9,Resolved
1001,20260701,1,9,8,1,59.2,55.7,7.7,Closed
1002,20260715,1,10,4,3,74.8,73.5,4.3,Resolved
1003,20260605,2,9,8,5,46.2,50.6,12.9,Resolved
1004,20260601,5,7,5,3,50.9,46.9,7.9,Resolved
1005,20260701,4,9,5,5,40.8,39.5,9.3,Under Investigation
1006,20260512,5,1,8,5,47.8,51.0,7.9,Resolved
1007,20260520,3,9,6,4,53.4,51.8,11.6,Under Investigation
1008,20260622,3,6,2,5,30.1,45.8,11.0,Resolved
1009,20260628,2,10,3,3,63.7,65.2,11.6,Resolved
1010,20260509,5,1,6,2,70.3,62.8,8.4,Resolved
1011,20260613,3,10,1,5,54.9,49.9,9.9,Resolved
1012,20260531,2,6,2,4,14.5,8.9,11.3,Resolved
1013,20260613,3,2,1,1,51.2,46.2,14.6,Resolved
1014,20260724,3,6,6,2,51.4,54.6,10.9,Resolved
1015,20260505,1,1,4,1,45.9,39.3,7.0,Resolved
1016,20260727,2,1,1,4,96.1,94.1,10.8,Closed
1017,20260608,2,6,6,1,18.5,25.4,9.5,Under Investigation
1018,20260707,4,9,6,2,48.8,45.7,4.0,Resolved
1019,20260606,2,2,6,2,67.4,71.4,4.5,Resolved
1020,20260526,4,3,2,1,44.5,34.4,9.8,Resolved
1021,20260707,2,4,7,5,49.3,47.1,18.1,Resolved
1022,20260629,4,6,2,2,86.2,80.9,9.1,Resolved
1023,20260511,1,1,5,1,60.7,62.5,12.7,Closed
1024,20260701,5,7,5,1,71.0,64.8,7.2,Resolved
1025,20260705,2,5,2,4,67.1,79.5,5.8,Escalated
1026,20260602,1,10,4,3,57.4,47.6,7.5,Under Investigation
1027,20260721,1,4,1,2,89.3,96.1,16.2,Resolved
1028,20260625,1,5,4,2,83.6,88.9,9.8,Resolved
1029,20260529,2,1,6,5,29.7,31.6,7.6,Resolved
1030,20260429,3,10,3,4,54.5,54.8,3.6,Escalated
1031,20260628,5,9,5,3,54.4,65.5,2.3,Closed
1032,20260517,3,4,8,2,48.6,63.4,18.4,Resolved
1033,20260706,3,5,2,5,75.0,73.8,6.6,Resolved
1034,20260615,2,9,3,3,58.9,59.8,4.0,Resolved
1035,20260610,4,3,1,2,83.9,80.6,11.9,Resolved
1036,20260513,4,3,5,5,71.5,64.5,14.6,Closed
1037,20260702,1,3,2,4,78.1,80.9,9.7,Resolved
1038,20260513,5,8,7,3,37.0,38.5,10.8,Resolved
1039,20260605,2,3,3,4,42.9,33.2,10.8,Under Investigation
1040,20260713,4,1,6,2,54.1,56.8,3.1,Resolved
1041,20260720,5,2,2,2,89.5,91.2,12.7,Resolved
1042,20260727,3,10,3,1,59.8,56.2,13.7,Resolved
1043,20260724,1,9,2,3,58.3,54.3,15.5,Under Investigation
1044,20260618,3,10,5,2,38.2,40.7,8.7,Closed
1045,20260517,1,3,1,2,96.3,100.0,6.6,Closed
1046,20260713,4,5,1,5,62.9,65.3,14.1,Under Investigation
1047,20260710,1,5,5,1,70.9,75.6,11.5,Escalated
1048,20260727,3,6,5,4,57.2,52.2,12.6,Under Investigation
1049,20260626,5,1,3,1,69.4,66.9,8.1,Resolved
1050,20260511,1,6,4,1,28.4,32.0,10.8,Resolved
1051,20260613,2,1,4,1,40.3,32.1,6.8,Resolved
1052,20260608,3,3,7,2,44.0,45.2,10.0,Resolved
1053,20260713,2,3,4,2,68.3,71.3,9.0,Closed
1054,20260603,1,7,7,2,43.1,42.9,17.0,Under Investigation
1055,20260528,1,9,2,3,77.9,79.8,11.6,Closed
1056,20260506,2,7,2,2,62.5,62.8,3.5,Resolved
1057,20260713,3,5,4,1,54.7,51.0,10.0,Resolved
1058,20260705,3,6,1,2,74.6,67.5,11.1,Closed
1059,20260502,1,6,6,1,49.1,48.6,8.6,Resolved
1060,20260607,2,2,4,1,46.1,53.9,6.7,Resolved
1061,20260611,2,10,3,1,68.4,74.5,12.0,Resolved
1062,20260610,1,10,5,3,18.2,16.1,7.1,Closed
1063,20260720,3,3,1,3,80.7,78.5,11.7,Resolved
1064,20260512,2,2,4,4,44.3,41.7,6.9,Closed
1065,20260526,3,2,8,4,44.3,41.7,8.4,Resolved
1066,20260515,5,7,6,2,84.4,86.1,12.9,Resolved
1067,20260520,3,1,5,2,47.0,53.3,11.5,Escalated
1068,20260719,3,2,5,1,83.3,96.9,10.1,Resolved
1069,20260722,1,7,4,3,75.2,70.2,9.9,Resolved
1070,20260503,1,2,8,1,60.7,64.6,10.3,Under Investigation
1071,20260624,1,1,8,1,51.2,54.5,7.6,Resolved
1072,20260519,4,1,4,5,50.5,48.5,5.4,Resolved
1073,20260516,4,8,8,1,77.9,71.7,11.7,Resolved
1074,20260525,1,4,1,1,69.0,70.7,22.6,Resolved
1075,20260516,1,3,3,5,47.5,60.2,11.8,Resolved
1076,20260612,2,7,3,2,39.3,40.9,10.8,Escalated
1077,20260727,3,2,6,2,65.6,60.9,6.4,Escalated
1078,20260620,3,6,5,1,69.7,68.8,12.6,Resolved
1079,20260703,3,5,4,2,76.0,69.2,11.4,Resolved
1080,20260612,5,7,3,5,63.3,63.4,12.3,Under Investigation
1081,20260430,1,7,5,3,30.7,34.8,13.1,Under Investigation
1082,20260506,3,7,3,2,66.3,62.1,14.8,Resolved
1083,20260523,3,3,4,2,74.6,55.1,6.7,Under Investigation
1084,20260520,2,2,3,2,57.6,59.3,6.1,Resolved
1085,20260713,5,6,8,3,94.7,91.7,10.4,Resolved
1086,20260713,1,1,6,1,45.2,40.7,7.2,Resolved
1087,20260714,3,5,2,1,75.9,71.3,6.7,Closed
1088,20260625,3,7,8,3,39.7,42.1,13.7,Resolved
1089,20260618,5,9,6,4,70.9,68.5,7.0,Under Investigation
1090,20260626,3,7,3,5,64.2,69.8,10.0,Resolved
1091,20260604,2,10,5,4,82.0,87.7,5.1,Resolved
1092,20260628,4,6,2,2,62.5,60.9,10.2,Resolved
1093,20260709,4,5,1,4,56.3,53.2,13.5,Resolved
1094,20260706,3,3,4,5,53.0,53.8,13.6,Under Investigation
1095,20260623,4,7,7,1,51.2,50.3,13.1,Under Investigation
1096,20260504,1,9,3,2,47.3,36.8,9.8,Resolved
1097,20260703,3,4,4,1,78.5,90.0,21.3,Resolved
1098,20260531,4,1,8,5,74.1,78.4,11.3,Resolved
1099,20260704,2,1,8,5,36.6,33.8,8.7,Under Investigation
1100,20260616,2,7,4,4,55.6,44.1,11.1,Resolved
1101,20260717,5,7,1,1,79.1,78.0,12.7,Closed
1102,20260529,4,2,6,5,43.3,39.8,6.0,Resolved
1103,20260721,4,1,6,1,76.9,76.5,6.8,Resolved
1104,20260714,2,7,8,1,87.6,74.6,9.6,Under Investigation
1105,20260528,5,4,8,3,68.4,65.6,14.3,Escalated
1106,20260611,1,5,6,4,75.2,72.7,6.3,Resolved
1107,20260615,3,3,1,4,44.2,43.0,8.7,Resolved
1108,20260707,2,8,2,2,61.5,60.1,13.0,Resolved
1109,20260630,4,8,6,2,44.8,45.1,12.9,Resolved
1110,20260714,5,1,5,2,69.3,78.4,11.0,Under Investigation
1111,20260601,3,1,4,1,59.9,56.8,10.5,Under Investigation
1112,20260613,3,6,4,4,69.4,63.9,16.3,Resolved
1113,20260606,2,7,6,2,74.7,64.3,8.4,Resolved
1114,20260719,3,2,4,1,79.3,76.2,10.7,Under Investigation
1115,20260526,3,2,2,2,42.1,33.7,8.2,Under Investigation
1116,20260620,1,7,8,3,34.7,40.5,6.1,Escalated
1117,20260509,3,5,3,4,62.8,62.2,13.6,Under Investigation
1118,20260714,4,2,3,1,88.2,93.8,9.1,Resolved
1119,20260602,3,7,1,1,54.6,63.4,12.1,Under Investigation
1120,20260529,4,1,4,5,32.1,26.9,9.3,Resolved
1121,20260620,2,3,8,3,86.3,84.2,13.7,Under Investigation
1122,20260612,3,8,2,2,62.3,70.3,7.0,Resolved
1123,20260714,1,3,2,1,68.2,69.3,13.5,Escalated
1124,20260615,2,1,2,5,37.5,40.6,12.7,Resolved
1125,20260614,2,10,1,3,55.2,61.4,4.6,Resolved
1126,20260508,1,3,5,1,65.3,70.7,8.4,Resolved
1127,20260430,1,6,3,1,62.5,65.0,13.1,Escalated
1128,20260603,3,9,7,1,44.8,53.2,14.9,Under Investigation
1129,20260727,2,10,4,1,73.5,73.1,12.1,Resolved
1130,20260720,2,9,6,1,60.4,63.5,8.8,Resolved
1131,20260624,1,4,1,1,80.0,78.9,15.1,Resolved
1132,20260624,3,9,3,1,68.4,74.5,11.7,Under Investigation
1133,20260603,2,1,4,2,47.1,42.9,8.7,Resolved
1134,20260514,2,4,1,2,37.5,27.4,16.8,Under Investigation
1135,20260429,3,2,4,2,59.2,63.1,9.3,Under Investigation
1136,20260529,1,6,4,4,47.6,41.5,12.6,Escalated
1137,20260527,5,9,4,1,48.7,42.0,15.4,Resolved
1138,20260516,1,8,5,4,38.0,45.6,13.1,Escalated
1139,20260522,2,10,7,5,39.8,45.6,10.0,Resolved
1140,20260501,1,2,7,5,57.4,55.3,7.3,Under Investigation
1141,20260622,3,8,1,1,51.0,32.7,12.0,Under Investigation
1142,20260721,1,8,6,1,100.0,100.0,15.0,Closed
1143,20260630,4,5,8,3,65.2,69.2,13.0,Resolved
1144,20260608,2,1,7,1,37.7,40.8,10.6,Under Investigation
1145,20260605,3,2,3,1,32.0,34.8,8.5,Under Investigation
1146,20260526,1,10,7,1,61.0,59.9,11.0,Closed
1147,20260511,1,3,7,3,49.0,46.5,13.5,Resolved
1148,20260621,2,7,3,4,75.0,68.4,10.7,Under Investigation
1149,20260618,3,10,7,1,59.2,55.0,9.7,Resolved
1150,20260429,2,5,6,5,25.3,27.2,7.9,Closed
1151,20260605,5,3,7,4,39.7,41.7,17.8,Escalated
1152,20260524,3,5,6,1,44.9,49.6,7.3,Under Investigation
1153,20260514,5,3,7,2,61.6,53.2,7.0,Resolved
1154,20260701,1,2,8,1,41.2,31.2,10.5,Under Investigation
1155,20260615,4,9,7,5,57.3,55.0,9.4,Under Investigation
1156,20260625,3,4,4,4,35.0,28.9,21.1,Resolved
1157,20260702,3,7,5,3,57.8,58.9,13.2,Escalated
1158,20260726,5,8,6,3,79.2,71.3,6.4,Resolved
1159,20260710,3,6,7,1,84.9,92.0,7.7,Resolved
1160,20260623,4,6,4,5,58.7,53.8,7.4,Under Investigation
1161,20260717,3,2,3,5,65.9,75.5,12.4,Resolved
1162,20260610,1,6,6,3,77.4,80.5,11.3,Under Investigation
1163,20260726,3,8,8,2,70.9,64.6,8.9,Resolved
1164,20260706,2,2,8,1,71.9,84.5,10.6,Under Investigation
1165,20260626,5,3,2,1,45.8,47.4,6.6,Resolved
1166,20260719,4,7,8,1,70.4,71.4,7.8,Under Investigation
1167,20260614,1,10,7,3,43.0,42.6,6.1,Under Investigation
1168,20260702,1,4,2,4,62.5,65.3,18.4,Under Investigation
1169,20260524,1,9,1,5,67.1,70.3,10.4,Resolved
1170,20260724,2,2,2,1,64.9,59.7,7.0,Under Investigation
1171,20260624,1,6,8,1,46.7,45.4,11.3,Resolved
1172,20260708,3,10,7,1,67.0,67.7,13.2,Resolved
1173,20260609,3,5,5,5,42.6,46.1,6.9,Resolved
1174,20260716,4,6,6,4,54.7,58.3,9.0,Resolved
1175,20260505,1,2,4,2,60.3,61.3,11.5,Escalated
1176,20260509,3,6,8,3,53.4,50.1,10.0,Resolved
1177,20260613,1,6,2,3,53.1,49.5,5.9,Under Investigation
1178,20260703,4,10,3,1,66.1,59.0,8.7,Under Investigation
1179,20260710,1,3,2,1,72.9,76.5,8.6,Resolved
1180,20260607,1,4,7,1,52.6,48.9,17.5,Resolved
1181,20260626,1,7,5,1,38.2,37.0,9.6,Resolved
1182,20260617,4,10,6,3,45.4,46.8,14.7,Resolved
1183,20260724,1,3,8,2,81.1,81.1,9.4,Resolved
1184,20260626,3,7,2,3,57.0,57.0,4.8,Escalated
1185,20260605,4,9,8,3,46.8,41.4,10.3,Closed
1186,20260725,4,7,2,2,61.2,62.8,15.2,Resolved
1187,20260508,1,5,7,5,64.3,62.4,9.5,Resolved
1188,20260726,1,3,6,2,70.3,69.8,8.7,Under Investigation
1189,20260512,2,3,7,3,66.3,73.2,9.1,Closed
1190,20260524,1,1,2,1,68.2,71.2,11.8,Closed
1191,20260711,3,2,8,3,59.0,55.6,9.1,Closed
1192,20260704,2,5,7,2,73.2,72.3,5.5,Resolved
1193,20260725,2,2,1,1,75.1,84.7,8.0,Closed
1194,20260705,1,1,5,1,63.7,61.9,9.8,Resolved
1195,20260625,3,7,7,3,22.2,22.4,11.6,Resolved
1196,20260530,1,1,4,3,40.4,44.4,8.3,Under Investigation
1197,20260429,3,2,4,3,41.2,42.5,9.1,Under Investigation
1198,20260510,1,6,3,2,50.2,48.0,10.1,Escalated
1199,20260525,5,10,5,3,56.7,52.2,7.7,Under Investigation
1200,20260502,3,8,8,3,57.3,57.2,9.7,Escalated
1201,20260613,1,1,5,1,59.3,63.2,11.4,Resolved
1202,20260707,1,2,6,2,50.7,58.6,6.4,Resolved
1203,20260724,2,8,7,2,82.7,73.9,10.9,Escalated
1204,20260612,1,8,7,4,82.1,92.7,6.7,Resolved
1205,20260716,1,4,4,2,72.2,70.5,14.8,Resolved
1206,20260726,4,10,7,2,63.7,69.2,8.0,Resolved
1207,20260715,3,9,3,5,56.1,51.7,14.1,Escalated
1208,20260609,1,8,5,4,56.3,46.6,4.9,Closed
1209,20260528,3,8,3,1,47.1,39.2,8.6,Escalated
1210,20260726,1,8,8,5,47.7,45.7,9.9,Under Investigation
1211,20260520,5,2,6,1,33.1,36.2,13.5,Escalated
1212,20260605,1,8,5,4,70.3,70.5,15.8,Resolved
1213,20260505,3,10,4,1,74.2,72.7,8.7,Under Investigation
1214,20260709,4,3,5,2,86.3,93.0,11.6,Under Investigation
1215,20260626,1,1,7,5,58.4,58.4,9.7,Closed
1216,20260506,1,4,3,1,40.1,41.8,17.7,Resolved
1217,20260518,2,3,7,4,48.4,67.1,10.8,Closed
1218,20260617,4,10,3,2,32.6,32.6,5.2,Under Investigation
1219,20260616,3,5,2,1,32.1,27.9,9.9,Resolved
1220,20260710,3,7,6,5,66.8,69.7,11.4,Resolved
1221,20260522,4,10,6,3,63.1,67.5,7.4,Resolved
1222,20260721,4,8,3,4,99.7,100.0,11.4,Under Investigation
1223,20260608,2,8,6,4,53.8,54.7,4.8,Resolved
1224,20260712,3,10,6,1,44.0,52.9,10.3,Escalated
1225,20260520,3,7,7,1,53.2,61.3,14.0,Under Investigation
1226,20260502,1,3,8,2,50.8,50.1,9.3,Escalated
1227,20260503,4,8,7,2,47.6,43.7,7.1,Resolved
1228,20260601,1,4,4,1,60.2,62.8,13.7,Closed
1229,20260723,1,4,2,2,53.4,49.5,19.2,Closed
1230,20260503,4,7,1,4,57.0,62.3,12.8,Under Investigation
1231,20260601,2,4,5,1,64.8,67.3,17.8,Resolved
1232,20260508,1,1,6,3,76.3,92.3,8.6,Closed
1233,20260721,1,10,6,2,75.0,83.8,4.2,Escalated
1234,20260628,3,6,1,1,70.6,64.1,10.4,Closed
1235,20260706,4,7,6,1,53.7,50.6,7.9,Resolved
1236,20260702,1,9,7,1,53.1,41.6,8.1,Escalated
1237,20260627,1,7,6,3,75.2,62.4,14.8,Resolved
1238,20260707,2,7,5,1,40.4,41.1,4.6,Resolved
1239,20260429,5,8,1,4,49.0,41.8,5.0,Under Investigation
1240,20260715,1,3,4,4,83.3,93.1,10.7,Resolved
1241,20260704,5,9,6,1,55.8,62.7,8.8,Resolved
1242,20260704,4,8,5,4,54.7,53.1,8.4,Resolved
1243,20260603,1,2,5,5,51.0,49.0,10.8,Resolved
1244,20260710,4,2,5,1,64.8,73.7,10.8,Under Investigation
1245,20260602,3,9,5,5,71.3,81.6,7.1,Resolved
1246,20260503,3,9,3,1,68.9,63.3,8.2,Resolved
1247,20260719,2,10,5,3,69.2,62.8,10.1,Under Investigation
1248,20260520,4,2,3,1,71.4,69.6,10.5,Closed
1249,20260508,4,9,4,4,60.1,62.7,11.4,Resolved
1250,20260623,4,9,4,4,67.9,64.8,8.3,Resolved
1251,20260520,5,8,6,5,39.6,42.3,11.0,Closed
1252,20260715,2,5,8,5,92.4,100.0,12.9,Closed
1253,20260607,4,6,6,1,58.3,49.9,10.1,Under Investigation
1254,20260429,4,5,2,3,13.8,11.1,9.7,Resolved
1255,20260723,1,1,6,1,96.6,88.3,9.3,Resolved
1256,20260614,1,6,3,1,55.1,50.1,8.1,Under Investigation
1257,20260522,2,3,1,1,49.1,47.3,7.2,Escalated
1258,20260628,4,3,2,5,45.9,41.5,9.1,Closed
1259,20260615,1,1,8,3,61.6,64.7,11.4,Resolved
1260,20260501,3,5,4,1,41.7,42.6,7.3,Resolved
1261,20260706,1,1,2,5,51.7,53.5,9.8,Closed
1262,20260604,2,9,2,4,46.7,44.9,9.4,Closed
1263,20260630,3,9,6,2,51.9,50.6,15.3,Under Investigation
1264,20260718,1,9,7,2,60.6,58.5,12.2,Resolved
1265,20260622,4,4,3,3,67.8,66.3,20.1,Under Investigation
1266,20260628,1,2,1,3,59.1,61.6,12.8,Resolved
1267,20260521,5,6,3,2,60.9,49.4,8.4,Resolved
1268,20260520,1,7,6,2,64.2,65.9,14.1,Resolved
1269,20260605,5,1,1,1,53.6,48.4,10.5,Resolved
1270,20260714,3,9,3,2,50.4,48.4,9.9,Resolved
1271,20260615,1,5,1,2,82.1,72.7,6.4,Resolved
1272,20260530,1,9,4,1,68.9,66.7,8.8,Resolved
1273,20260708,1,1,2,1,85.9,87.6,4.7,Resolved
1274,20260714,3,5,2,3,81.2,83.9,9.3,Resolved
1275,20260719,4,5,1,2,62.1,55.0,8.3,Closed
1276,20260525,2,1,6,2,19.8,22.3,8.8,Under Investigation
1277,20260701,2,8,4,1,38.6,45.4,5.8,Resolved
1278,20260621,3,10,8,5,64.5,61.5,12.1,Under Investigation
1279,20260608,3,6,4,1,53.5,53.5,11.8,Resolved
1280,20260603,3,4,2,2,48.7,36.3,23.1,Resolved
1281,20260509,2,7,2,1,17.6,12.2,15.0,Resolved
1282,20260523,3,4,8,3,54.8,56.4,18.5,Closed
1283,20260617,5,4,5,2,38.8,44.5,21.1,Resolved
1284,20260717,2,8,3,2,67.3,63.7,10.8,Closed
1285,20260715,1,6,6,4,79.1,95.1,8.7,Under Investigation
1286,20260515,1,3,5,4,39.6,41.5,9.2,Resolved
1287,20260629,3,5,1,2,41.7,34.1,11.9,Closed
1288,20260506,2,9,6,2,57.8,65.5,22.3,Resolved
1289,20260628,5,6,1,5,68.1,60.6,13.5,Under Investigation
1290,20260529,3,1,2,5,49.0,51.0,10.7,Escalated
1291,20260608,3,9,6,3,77.0,71.4,11.5,Resolved
1292,20260702,4,8,4,4,38.5,30.4,11.4,Resolved
1293,20260606,1,3,2,4,33.2,39.0,9.7,Closed
1294,20260710,4,10,1,5,39.9,38.3,12.3,Resolved
1295,20260616,1,10,5,1,30.2,40.6,9.5,Closed
1296,20260727,3,10,6,5,79.4,73.3,7.0,Resolved
1297,20260625,5,4,2,3,40.3,30.9,19.4,Resolved
1298,20260525,4,10,4,3,33.8,30.9,11.8,Resolved
1299,20260707,4,9,3,2,66.7,84.0,9.6,Resolved
1300,20260604,2,9,8,2,67.4,72.4,10.9,Closed
1301,20260616,4,6,7,4,70.8,74.1,12.9,Resolved
1302,20260511,3,3,3,3,68.1,71.6,9.8,Under Investigation
1303,20260509,3,3,5,1,41.2,38.3,8.7,Resolved
1304,20260619,1,10,8,3,59.1,75.5,7.9,Resolved
1305,20260515,1,6,3,1,62.5,65.2,9.2,Resolved
1306,20260727,3,10,2,2,67.2,69.4,14.6,Under Investigation
1307,20260715,1,6,3,3,68.8,74.7,9.4,Under Investigation
1308,20260701,4,6,5,3,38.2,30.6,11.1,Resolved
1309,20260704,4,1,8,1,49.6,44.3,9.0,Closed
1310,20260621,5,5,3,1,60.6,59.1,8.8,Resolved
1311,20260504,1,6,1,1,77.6,83.5,7.4,Escalated
1312,20260603,5,2,2,3,72.3,64.5,10.3,Resolved
1313,20260612,1,2,4,5,64.9,64.5,8.4,Under Investigation
1314,20260720,2,6,1,4,70.9,69.6,13.8,Resolved
1315,20260518,4,3,1,4,53.9,44.5,9.7,Resolved
1316,20260612,1,8,6,2,33.3,30.2,9.9,Escalated
1317,20260529,1,5,7,1,42.5,45.8,9.5,Under Investigation
1318,20260511,1,5,2,4,43.0,34.1,11.1,Resolved
1319,20260508,3,2,5,2,63.6,72.1,14.5,Under Investigation
1320,20260531,4,5,5,1,69.2,72.0,6.9,Resolved
1321,20260506,1,6,6,2,66.0,68.1,10.8,Resolved
1322,20260505,1,6,8,3,72.7,72.7,5.3,Under Investigation
1323,20260530,3,3,8,2,56.1,49.5,13.7,Closed
1324,20260517,1,1,3,1,40.3,36.4,9.7,Resolved
1325,20260617,3,10,8,3,54.3,56.5,5.5,Under Investigation
1326,20260430,5,10,1,1,44.1,40.2,6.2,Escalated
1327,20260526,4,10,8,2,64.9,66.0,12.4,Under Investigation
1328,20260608,4,3,2,4,49.6,44.2,5.0,Resolved
1329,20260724,3,7,1,5,70.9,73.6,10.8,Resolved
1330,20260625,4,2,1,2,65.4,68.6,8.7,Resolved
1331,20260717,1,10,1,1,67.1,57.3,9.4,Resolved
1332,20260529,1,1,4,2,69.5,69.9,8.0,Under Investigation
1333,20260608,3,5,6,1,34.8,25.7,7.1,Resolved
1334,20260605,1,9,6,4,59.6,48.4,8.5,Resolved
1335,20260717,4,8,1,3,76.8,73.2,11.7,Under Investigation
1336,20260724,3,9,3,2,84.7,100.0,9.1,Resolved
1337,20260724,5,5,2,4,51.7,56.4,11.3,Under Investigation
1338,20260705,2,1,2,2,36.7,45.1,9.3,Under Investigation
1339,20260613,2,1,6,2,66.3,70.0,11.8,Under Investigation
1340,20260616,4,2,6,5,49.1,50.3,11.2,Resolved
1341,20260726,1,1,2,1,72.3,77.7,8.4,Resolved
1342,20260524,3,5,3,2,45.1,41.3,7.1,Resolved
1343,20260530,3,1,8,4,68.7,71.5,12.9,Escalated
1344,20260718,5,2,5,2,72.8,79.9,7.6,Under Investigation
1345,20260602,4,5,2,2,58.6,62.8,11.5,Under Investigation
1346,20260520,1,8,8,1,37.5,45.0,10.1,Resolved
1347,20260618,2,7,2,2,62.5,63.6,8.6,Escalated
1348,20260528,3,1,3,2,40.1,50.3,11.3,Resolved
1349,20260718,1,10,6,2,58.5,57.3,14.1,Resolved
1350,20260719,2,6,5,1,48.5,61.2,11.9,Resolved
1351,20260526,1,4,1,2,52.7,56.1,18.4,Escalated
1352,20260615,1,4,7,3,71.0,68.7,22.9,Under Investigation
1353,20260726,3,9,2,4,77.1,70.0,5.0,Escalated
1354,20260704,1,5,6,3,52.4,47.6,6.7,Under Investigation
1355,20260518,3,3,3,3,56.6,50.8,8.6,Closed
1356,20260621,1,5,7,4,56.6,56.1,14.3,Under Investigation
1357,20260623,3,1,8,1,56.0,48.4,12.8,Under Investigation
1358,20260626,1,2,7,2,57.7,65.5,4.9,Resolved
1359,20260501,4,4,8,1,39.4,40.1,16.7,Under Investigation
1360,20260525,1,3,5,2,56.6,57.0,6.0,Under Investigation
1361,20260714,3,4,1,5,39.3,32.3,17.9,Resolved
1362,20260520,2,1,5,2,63.6,59.0,12.7,Resolved
1363,20260525,1,7,4,4,38.5,25.2,12.9,Resolved
1364,20260528,2,2,6,1,72.7,82.4,10.8,Resolved
1365,20260514,4,3,2,2,18.3,9.8,8.7,Under Investigation
1366,20260512,5,10,6,2,80.1,72.0,9.7,Resolved
1367,20260530,2,1,4,1,30.4,38.9,12.0,Closed
1368,20260716,1,3,6,2,59.5,61.8,17.0,Resolved
1369,20260429,3,6,4,3,59.5,60.2,6.4,Under Investigation
1370,20260524,3,4,4,2,64.3,66.3,22.8,Under Investigation
1371,20260504,1,4,2,4,50.7,56.4,18.7,Under Investigation
1372,20260618,4,2,7,5,68.4,69.0,12.5,Resolved
1373,20260521,3,5,1,2,43.1,33.8,10.6,Resolved
1374,20260709,3,8,2,5,56.3,60.7,14.2,Resolved
1375,20260620,2,6,4,1,50.5,53.0,11.0,Under Investigation
1376,20260708,2,10,2,1,53.6,60.6,8.1,Resolved
1377,20260625,1,7,8,2,26.0,18.5,11.4,Resolved
1378,20260607,4,8,3,3,54.6,50.2,13.4,Closed
1379,20260715,1,5,2,3,64.6,67.0,10.0,Under Investigation
1380,20260610,4,7,3,3,71.2,65.5,3.8,Resolved
1381,20260723,4,6,2,4,52.4,38.3,9.7,Resolved
1382,20260727,4,9,6,1,64.7,65.9,10.3,Under Investigation
1383,20260621,1,6,4,4,73.1,78.5,9.9,Closed
1384,20260628,1,5,2,3,59.4,58.6,8.5,Escalated
1385,20260522,2,1,7,2,63.2,66.5,14.0,Resolved
1386,20260711,3,9,6,1,70.5,72.9,2.9,Closed
1387,20260628,5,5,4,2,61.9,62.0,10.3,Resolved
1388,20260719,2,8,5,2,96.3,97.1,10.3,Resolved
1389,20260523,4,7,6,4,56.4,64.5,16.3,Resolved
1390,20260708,1,1,2,2,46.5,40.7,10.0,Resolved
1391,20260610,2,7,7,1,64.6,69.2,11.3,Resolved
1392,20260515,1,5,3,4,46.5,39.4,10.4,Resolved
1393,20260514,4,3,1,3,53.4,48.6,10.3,Resolved
1394,20260618,1,3,5,5,60.6,67.8,15.3,Resolved
1395,20260527,1,7,8,2,42.7,35.4,6.7,Closed
1396,20260508,4,1,6,3,47.3,45.9,8.0,Under Investigation
1397,20260606,3,7,3,2,62.1,76.3,12.3,Under Investigation
1398,20260626,1,9,4,3,46.8,53.0,10.8,Escalated
1399,20260527,1,1,5,2,69.6,65.2,9.2,Under Investigation
1400,20260723,3,1,2,1,56.9,53.5,9.8,Resolved
1401,20260708,2,1,7,5,46.8,45.8,12.7,Closed
1402,20260614,1,8,3,3,83.6,91.5,11.5,Resolved
1403,20260722,3,9,2,3,48.0,42.0,7.9,Resolved
1404,20260606,1,10,1,2,54.6,48.2,10.7,Closed
1405,20260511,3,1,6,3,82.8,87.1,9.9,Resolved
1406,20260502,2,5,1,1,54.6,44.5,11.4,Resolved
1407,20260722,1,1,7,2,91.2,85.7,9.0,Closed
1408,20260724,1,4,8,1,82.1,81.6,14.4,Resolved
1409,20260704,1,4,1,1,58.9,58.7,20.0,Resolved
1410,20260508,1,7,1,1,53.0,44.8,11.6,Closed
1411,20260525,2,10,8,4,23.2,25.3,14.2,Closed
1412,20260502,5,9,1,1,50.2,53.5,6.1,Closed
1413,20260503,4,1,4,4,58.5,54.5,9.8,Resolved
1414,20260521,2,3,7,5,58.5,68.5,9.3,Escalated
1415,20260619,3,3,2,1,92.0,94.0,8.8,Under Investigation
1416,20260504,3,3,6,3,59.2,53.2,5.4,Under Investigation
1417,20260726,4,4,4,2,83.1,92.8,14.8,Resolved
1418,20260608,1,7,4,5,72.5,69.4,10.8,Under Investigation
1419,20260522,1,8,8,2,63.1,64.2,8.5,Resolved
1420,20260614,2,10,6,2,53.7,50.8,7.5,Closed
1421,20260709,1,8,3,1,61.1,64.8,14.3,Under Investigation
1422,20260527,2,3,8,5,49.7,46.8,17.1,Under Investigation
1423,20260503,4,2,5,1,61.7,59.2,9.8,Resolved
1424,20260503,5,4,1,4,52.4,51.4,13.5,Resolved
1425,20260714,1,8,4,1,75.0,72.0,11.2,Resolved
1426,20260509,2,10,2,3,39.9,46.3,3.7,Escalated
1427,20260625,2,4,6,2,57.2,49.7,13.9,Under Investigation
1428,20260602,2,2,7,1,78.3,78.1,11.2,Resolved
1429,20260707,3,1,1,1,57.6,58.1,5.8,Resolved
1430,20260504,1,1,7,1,82.6,81.9,9.1,Resolved
1431,20260718,4,7,8,4,70.8,76.6,5.5,Resolved
1432,20260630,5,6,8,3,55.5,46.5,10.2,Resolved
1433,20260608,3,7,6,1,56.7,60.1,13.4,Resolved
1434,20260517,3,1,3,2,50.3,42.8,8.2,Resolved
1435,20260725,3,5,2,1,43.3,40.2,9.9,Under Investigation
1436,20260526,2,2,8,3,68.2,60.1,7.6,Resolved
1437,20260612,1,4,4,4,87.9,85.9,15.8,Resolved
1438,20260603,3,7,3,4,62.2,58.7,7.5,Under Investigation
1439,20260519,1,3,6,4,63.1,72.9,12.4,Resolved
1440,20260605,4,7,6,2,52.3,53.7,5.8,Resolved
1441,20260512,2,3,7,1,72.4,75.0,9.0,Resolved
1442,20260429,2,6,8,4,54.4,47.8,11.2,Resolved
1443,20260525,2,5,8,1,59.0,63.4,12.7,Escalated
1444,20260509,5,4,2,1,31.5,41.3,19.3,Resolved
1445,20260605,1,2,2,2,47.1,52.3,9.8,Closed
1446,20260715,1,6,2,4,71.8,63.9,8.3,Resolved
1447,20260513,1,10,6,3,68.6,65.8,12.8,Escalated
1448,20260429,3,7,5,5,69.0,69.7,7.4,Closed
1449,20260508,5,8,7,2,31.3,27.8,7.4,Resolved
1450,20260613,1,9,7,1,32.8,48.0,14.1,Under Investigation
1451,20260523,5,1,7,2,63.8,60.9,11.1,Resolved
1452,20260612,1,8,1,4,43.8,43.5,11.2,Resolved
1453,20260501,3,3,6,1,68.4,64.8,11.8,Escalated
1454,20260528,1,7,7,5,30.5,31.9,9.7,Resolved
1455,20260604,2,10,8,2,53.5,61.8,5.7,Closed
1456,20260606,3,9,3,4,54.5,55.2,10.8,Escalated
1457,20260617,3,5,7,4,62.2,60.9,9.9,Under Investigation
1458,20260708,1,9,4,2,46.2,39.8,7.4,Under Investigation
1459,20260610,4,7,2,4,25.5,32.8,6.7,Escalated
1460,20260713,5,2,3,2,67.6,66.7,9.9,Resolved
1461,20260615,2,3,3,4,62.9,61.8,5.9,Under Investigation
1462,20260522,3,10,8,4,70.1,56.1,9.6,Resolved
1463,20260519,4,10,2,3,49.6,48.8,9.2,Resolved
1464,20260528,1,9,2,1,66.6,64.2,9.6,Resolved
1465,20260621,4,4,5,5,62.3,51.3,19.2,Resolved
1466,20260520,1,4,5,5,74.8,80.7,19.9,Resolved
1467,20260720,4,9,5,3,68.8,65.6,7.9,Under Investigation
1468,20260611,1,1,2,5,29.1,40.5,12.6,Under Investigation
1469,20260715,1,9,4,2,65.3,73.8,9.3,Closed
1470,20260629,3,7,8,2,57.0,52.7,15.3,Escalated
1471,20260529,3,7,1,2,62.8,71.0,8.2,Escalated
1472,20260519,4,5,7,1,32.0,41.7,5.2,Closed
1473,20260704,5,10,2,3,54.3,50.9,12.5,Escalated
1474,20260528,1,8,2,3,68.0,61.8,11.3,Resolved
1475,20260521,1,1,8,1,53.4,40.5,13.6,Resolved
1476,20260721,2,6,3,1,65.7,68.0,10.9,Resolved
1477,20260611,2,9,5,3,83.6,77.8,17.0,Resolved
1478,20260503,2,1,4,4,38.9,41.4,9.4,Closed
1479,20260612,4,8,5,5,73.5,70.1,13.1,Resolved
1480,20260609,4,3,4,1,70.3,65.6,8.4,Closed
1481,20260715,1,6,4,4,63.0,59.6,11.5,Resolved
1482,20260702,2,9,7,1,57.2,49.4,12.0,Closed
1483,20260516,3,5,5,1,54.5,51.1,12.5,Resolved
1484,20260512,2,1,5,3,57.7,53.3,12.3,Resolved
1485,20260622,1,1,7,2,46.1,46.0,2.0,Closed
1486,20260503,2,8,4,4,48.6,49.2,9.8,Resolved
1487,20260527,2,10,7,1,49.7,43.3,8.3,Under Investigation
1488,20260511,1,3,6,1,50.2,56.8,8.9,Resolved
1489,20260430,4,10,8,3,50.3,49.3,9.1,Escalated
1490,20260720,2,5,4,1,36.1,45.1,12.9,Under Investigation
1491,20260507,3,1,5,1,56.5,57.9,10.6,Escalated
1492,20260429,3,6,2,1,47.1,47.5,8.5,Resolved
1493,20260721,4,10,1,2,42.3,39.4,5.6,Under Investigation
1494,20260515,1,3,1,4,49.7,53.4,14.6,Resolved
1495,20260711,1,10,6,1,58.0,58.2,8.1,Under Investigation
1496,20260501,2,7,3,3,74.1,79.3,9.6,Under Investigation
1497,20260512,2,4,3,3,46.9,56.5,24.4,Resolved
1498,20260508,1,7,5,2,65.0,60.6,8.1,Escalated
1499,20260701,4,5,4,2,77.7,81.4,9.2,Resolved
1500,20260623,1,1,2,3,45.6,49.1,10.7,Resolved
1501,20260610,1,9,5,4,54.3,57.0,5.2,Under Investigation
1502,20260520,2,4,5,1,80.9,78.3,12.8,Under Investigation
1503,20260506,4,6,2,4,58.4,55.9,8.6,Under Investigation
1504,20260619,4,8,3,1,60.6,57.1,8.7,Closed
1505,20260519,3,1,2,2,48.9,45.3,10.4,Resolved
1506,20260621,3,8,6,2,65.3,60.3,7.1,Closed
1507,20260629,3,4,2,1,55.1,54.5,19.3,Under Investigation
1508,20260714,3,6,1,1,38.2,33.7,3.5,Resolved
1509,20260612,1,5,3,1,49.7,52.3,9.8,Under Investigation
1510,20260429,3,8,4,1,37.3,37.6,11.1,Resolved
1511,20260524,4,2,7,3,56.7,57.7,11.0,Closed
1512,20260714,2,2,1,1,51.9,50.3,9.5,Resolved
1513,20260615,3,5,8,4,62.2,62.6,8.0,Resolved
1514,20260623,2,2,3,4,55.7,54.2,9.4,Under Investigation
1515,20260609,3,3,3,1,36.3,41.0,13.7,Resolved
1516,20260513,1,7,1,1,47.6,44.9,8.2,Resolved
1517,20260718,3,9,3,2,77.6,79.9,12.9,Resolved
1518,20260707,4,7,4,4,78.2,70.4,13.4,Closed
1519,20260727,1,4,6,2,60.8,65.1,12.8,Resolved
1520,20260714,2,9,7,1,49.2,45.8,9.6,Resolved
1521,20260525,1,5,5,5,84.3,78.8,7.1,Resolved
1522,20260521,1,2,1,2,54.9,48.1,5.5,Closed
1523,20260521,5,8,4,2,56.4,49.1,12.4,Closed
1524,20260720,2,6,6,4,58.6,55.7,11.4,Closed
1525,20260618,2,4,6,5,58.2,67.2,18.8,Resolved
1526,20260608,1,7,5,2,80.7,76.8,6.7,Resolved
1527,20260725,5,8,5,2,76.8,63.5,10.6,Escalated
1528,20260622,1,3,5,2,71.0,73.2,6.1,Resolved
1529,20260719,3,2,8,1,69.4,62.7,10.2,Resolved
1530,20260726,1,6,5,2,58.3,63.2,8.0,Closed
1531,20260506,1,1,5,1,44.8,42.3,13.2,Resolved
1532,20260531,3,7,3,3,38.2,36.6,8.9,Resolved
1533,20260704,1,5,4,4,62.3,69.5,10.7,Resolved
1534,20260711,3,3,6,5,82.0,85.7,10.7,Resolved
1535,20260512,1,6,7,4,57.4,49.9,9.8,Closed
1536,20260527,4,4,7,1,50.4,43.8,18.3,Resolved
1537,20260617,4,4,6,1,43.2,32.5,18.9,Resolved
1538,20260709,3,3,7,2,67.7,83.3,7.3,Resolved
1539,20260509,1,7,1,1,36.4,31.2,11.2,Resolved
1540,20260622,3,10,3,1,38.0,45.0,12.6,Escalated
1541,20260525,5,7,2,4,68.5,65.3,11.2,Under Investigation
1542,20260518,1,3,6,2,50.8,44.3,8.9,Under Investigation
1543,20260614,1,9,7,1,50.5,50.6,10.5,Resolved
1544,20260605,4,2,2,2,52.5,50.5,8.9,Resolved
1545,20260625,1,3,2,5,65.9,70.7,9.6,Resolved
1546,20260527,3,1,4,3,57.5,62.4,6.4,Closed
1547,20260712,4,9,8,1,53.2,49.7,14.1,Escalated
1548,20260506,1,1,1,2,44.4,35.8,15.8,Resolved
1549,20260715,3,6,8,5,63.4,56.2,7.9,Escalated
1550,20260501,3,2,2,1,59.5,45.8,12.4,Escalated
1551,20260704,2,3,3,3,58.5,56.9,14.4,Escalated
1552,20260530,4,7,6,3,53.1,53.0,7.1,Escalated
1553,20260602,1,9,6,3,55.7,48.8,3.5,Closed
1554,20260430,2,1,7,1,54.5,46.9,14.6,Resolved
1555,20260701,4,2,1,5,45.3,45.2,10.0,Resolved
1556,20260513,1,3,1,2,71.6,67.8,8.4,Closed
1557,20260627,4,10,4,1,47.8,46.5,10.1,Under Investigation
1558,20260703,1,1,5,1,60.3,58.1,8.9,Under Investigation
1559,20260714,2,2,3,2,34.8,36.3,18.9,Resolved
1560,20260701,1,5,6,1,53.8,50.4,8.4,Resolved
1561,20260526,3,4,3,4,38.5,35.6,19.0,Closed
1562,20260704,4,1,8,4,44.3,33.0,13.9,Resolved
1563,20260712,4,6,2,1,100.0,99.7,13.9,Under Investigation
1564,20260527,5,7,6,4,58.7,59.2,13.3,Resolved
1565,20260510,3,2,5,5,73.4,72.3,8.7,Closed
1566,20260718,4,7,1,1,81.2,92.7,9.5,Resolved
1567,20260512,3,1,5,3,69.7,70.7,3.5,Closed
1568,20260621,5,8,2,5,52.0,51.1,9.8,Resolved
1569,20260520,3,3,5,4,79.1,82.1,10.1,Closed
1570,20260510,4,3,6,2,67.7,80.4,12.2,Resolved
1571,20260707,1,2,1,4,61.6,63.1,15.4,Closed
1572,20260511,2,9,2,3,58.9,45.6,12.1,Under Investigation
1573,20260628,3,6,3,1,52.9,55.5,13.2,Resolved
1574,20260630,1,7,8,1,57.1,51.8,9.9,Resolved
1575,20260504,1,3,2,2,54.3,42.8,13.9,Escalated
1576,20260514,5,1,8,2,60.7,70.9,10.0,Under Investigation
1577,20260709,2,1,5,2,88.4,97.3,13.4,Resolved
1578,20260613,1,5,8,1,36.9,31.5,12.4,Resolved
1579,20260509,2,4,7,4,72.1,66.7,19.2,Escalated
1580,20260727,2,8,3,3,68.8,69.8,5.4,Under Investigation
1581,20260522,3,8,5,2,74.0,68.7,13.3,Under Investigation
1582,20260429,5,4,6,1,50.0,49.2,19.1,Resolved
1583,20260721,5,5,1,1,76.5,72.2,12.1,Resolved
1584,20260430,3,4,6,1,52.6,50.2,18.9,Resolved
1585,20260617,3,7,4,3,29.0,20.6,11.5,Resolved
1586,20260727,2,7,1,1,100.0,100.0,13.9,Closed
1587,20260620,4,7,7,5,40.9,48.1,8.6,Resolved
1588,20260620,1,1,3,1,56.3,55.7,11.4,Resolved
1589,20260602,1,4,7,1,39.2,39.0,15.7,Resolved
1590,20260510,5,10,2,4,34.9,38.7,11.7,Resolved
1591,20260619,4,4,5,2,51.9,51.9,18.8,Under Investigation
1592,20260718,2,2,3,2,59.4,69.8,8.1,Under Investigation
1593,20260507,3,2,8,1,37.5,29.6,10.3,Escalated
1594,20260717,2,1,8,3,77.6,82.8,8.3,Resolved
1595,20260605,2,8,7,2,32.8,32.1,8.9,Closed
1596,20260616,1,1,7,4,56.9,50.2,11.1,Closed
1597,20260513,1,6,7,3,53.1,66.6,10.8,Closed
1598,20260623,3,4,3,4,17.8,32.1,12.2,Resolved
1599,20260515,2,1,8,3,47.2,46.0,11.1,Resolved
1600,20260523,3,9,5,4,62.0,64.7,9.1,Closed
1601,20260702,1,8,3,3,41.7,38.9,8.8,Escalated
1602,20260503,5,9,2,2,62.7,60.8,6.6,Resolved
1603,20260608,3,10,6,3,61.5,54.7,9.9,Closed
1604,20260621,4,10,3,3,39.7,32.0,8.4,Escalated
1605,20260510,1,8,6,1,54.8,65.9,13.8,Escalated
1606,20260525,3,6,1,3,67.4,67.2,4.8,Resolved
1607,20260529,4,7,6,1,41.9,42.2,7.1,Under Investigation
1608,20260627,2,5,6,3,51.9,47.0,6.9,Under Investigation
1609,20260725,1,2,5,1,90.3,91.4,10.8,Resolved
1610,20260713,1,4,6,1,52.1,43.1,21.5,Escalated
1611,20260516,1,5,8,1,61.9,57.3,11.5,Resolved
1612,20260430,2,1,7,1,38.8,31.6,6.7,Resolved
1613,20260503,2,9,4,1,52.6,60.4,8.7,Closed
1614,20260621,1,10,7,1,61.7,51.8,7.6,Resolved
1615,20260513,3,5,8,3,18.9,11.8,11.5,Resolved
1616,20260519,1,5,2,2,47.0,34.7,8.7,Escalated
1617,20260714,2,9,3,5,72.1,66.8,5.8,Escalated
1618,20260716,3,5,6,4,80.9,78.1,11.8,Escalated
1619,20260713,1,7,5,1,57.2,63.1,13.8,Resolved
1620,20260521,1,6,2,2,38.4,37.1,9.5,Under Investigation
1621,20260623,1,3,4,2,64.4,61.9,10.4,Resolved
1622,20260622,1,8,3,2,50.2,52.0,5.5,Resolved
1623,20260515,2,2,6,2,63.2,60.5,3.8,Resolved
1624,20260617,1,3,5,3,60.7,75.2,4.5,Resolved
1625,20260615,1,7,2,3,48.3,44.8,9.9,Under Investigation
1626,20260603,5,8,1,2,71.1,73.6,9.1,Resolved
1627,20260705,5,10,3,3,50.8,55.8,11.6,Closed
1628,20260628,1,8,2,1,72.9,69.2,9.4,Closed
1629,20260615,2,1,8,4,74.8,75.8,13.0,Resolved
1630,20260703,2,9,3,5,74.1,71.1,12.6,Escalated
1631,20260706,4,5,6,1,57.6,59.2,9.0,Under Investigation
1632,20260619,4,1,2,4,93.2,93.8,7.0,Resolved
1633,20260523,1,6,4,4,57.3,56.5,4.3,Resolved
1634,20260706,1,2,8,2,63.9,57.0,14.3,Under Investigation
1635,20260702,2,5,6,1,57.3,68.5,7.2,Resolved
1636,20260726,4,5,3,4,56.7,60.2,5.5,Under Investigation
1637,20260512,4,1,6,2,74.4,64.9,10.4,Resolved
1638,20260605,1,9,5,1,46.4,43.9,5.5,Resolved
1639,20260721,3,6,2,3,84.1,74.7,10.4,Under Investigation
1640,20260614,1,10,8,2,72.4,77.0,9.0,Resolved
1641,20260722,3,5,8,1,80.0,79.9,12.8,Under Investigation
1642,20260430,5,6,5,5,44.6,44.6,12.5,Under Investigation
1643,20260502,2,9,1,1,49.9,44.8,13.3,Resolved
1644,20260709,1,3,4,2,22.2,20.3,10.6,Closed
1645,20260531,3,10,5,3,53.3,58.0,7.4,Resolved
1646,20260614,2,2,8,1,67.0,73.3,6.9,Under Investigation
1647,20260606,4,10,6,3,51.4,56.5,8.4,Resolved
1648,20260604,2,7,2,3,46.1,36.8,16.0,Resolved
1649,20260722,4,6,5,2,66.5,65.4,9.3,Closed
1650,20260507,1,3,2,2,73.2,74.7,10.5,Closed
1651,20260707,1,6,4,5,60.2,55.8,14.6,Resolved
1652,20260718,2,6,5,5,96.2,86.2,10.8,Resolved
1653,20260627,1,10,5,1,46.4,38.7,7.8,Under Investigation
1654,20260603,1,9,4,2,58.3,67.3,12.2,Resolved
1655,20260513,3,5,4,2,48.5,41.4,8.7,Closed
1656,20260629,1,4,7,5,86.8,87.1,18.9,Resolved
1657,20260610,1,4,5,4,57.7,56.8,19.5,Resolved
1658,20260512,1,4,1,2,86.9,86.0,16.5,Resolved
1659,20260531,1,1,6,4,48.7,46.8,10.6,Resolved
1660,20260724,4,1,5,2,95.2,99.9,14.8,Closed
1661,20260522,5,8,6,1,56.8,57.0,8.1,Under Investigation
1662,20260515,1,3,6,3,67.5,63.7,14.0,Resolved
1663,20260629,4,5,2,2,37.4,37.7,8.2,Resolved
1664,20260516,3,7,8,3,60.2,52.5,15.4,Resolved
1665,20260720,5,7,8,2,53.6,56.5,7.4,Under Investigation
1666,20260715,2,4,2,4,70.2,66.1,16.8,Under Investigation
1667,20260726,1,8,2,5,50.9,47.2,14.5,Resolved
1668,20260720,2,2,2,1,68.3,71.4,14.7,Escalated
1669,20260520,4,5,8,2,71.4,69.0,12.5,Under Investigation
1670,20260518,3,2,8,3,63.2,61.1,6.8,Closed
1671,20260529,2,6,3,1,36.5,43.5,10.2,Under Investigation
1672,20260610,1,1,6,4,26.5,20.7,10.0,Resolved
1673,20260717,3,10,2,3,85.6,88.6,7.4,Resolved
1674,20260704,4,7,1,1,82.7,88.4,12.1,Closed
1675,20260625,2,3,2,4,40.5,47.5,7.7,Resolved
1676,20260717,3,7,1,2,100.0,100.0,6.1,Resolved
1677,20260626,2,4,7,1,54.9,51.0,13.1,Resolved
1678,20260602,2,6,7,1,25.6,20.4,15.1,Under Investigation
1679,20260605,3,2,2,4,31.6,36.5,8.5,Under Investigation
1680,20260614,4,6,5,5,66.5,72.1,8.5,Under Investigation
1681,20260506,5,2,2,2,56.9,52.2,6.9,Resolved
1682,20260704,2,2,5,1,81.2,84.1,14.1,Under Investigation
1683,20260626,2,6,8,1,37.0,53.3,5.9,Closed
1684,20260703,2,6,8,3,60.1,60.7,6.4,Resolved
1685,20260616,1,3,7,2,55.1,60.6,9.0,Resolved
1686,20260708,1,1,2,2,59.5,69.0,9.9,Closed
1687,20260723,1,5,2,2,65.9,80.9,12.0,Resolved
1688,20260619,2,10,2,2,49.6,51.1,8.0,Resolved
1689,20260607,1,8,2,3,57.6,65.1,14.6,Resolved
1690,20260508,2,1,5,3,59.5,54.8,8.0,Under Investigation
1691,20260708,4,10,6,1,65.5,65.6,7.0,Under Investigation
1692,20260719,1,5,8,2,87.1,84.4,6.7,Escalated
1693,20260630,3,6,1,2,38.3,27.0,7.7,Resolved
1694,20260715,5,1,3,3,39.2,29.6,6.5,Resolved
1695,20260715,3,4,6,1,81.6,84.2,20.3,Resolved
1696,20260709,1,8,6,1,48.2,50.9,7.0,Resolved
1697,20260613,2,4,4,2,49.3,43.1,17.6,Under Investigation
1698,20260507,3,2,2,1,45.8,55.1,6.9,Under Investigation
1699,20260429,3,1,4,3,45.5,38.8,6.5,Closed
1700,20260517,1,10,2,2,33.1,34.6,13.3,Resolved
1701,20260606,2,9,5,1,46.5,44.0,14.8,Resolved
1702,20260704,3,1,8,3,68.7,69.3,13.8,Escalated
1703,20260609,1,10,2,2,54.9,60.3,5.6,Under Investigation
1704,20260501,3,9,1,1,62.6,67.1,6.0,Resolved
1705,20260517,1,4,6,4,47.6,51.8,23.9,Closed
1706,20260726,2,7,1,2,87.2,90.7,9.2,Under Investigation
1707,20260726,4,3,8,5,66.0,58.4,5.9,Resolved
1708,20260601,1,3,7,1,23.4,30.2,13.2,Escalated
1709,20260710,3,8,4,4,67.7,61.3,10.2,Under Investigation
1710,20260702,2,3,3,4,69.2,68.6,11.7,Resolved
1711,20260721,2,4,4,1,61.9,59.8,11.3,Resolved
1712,20260717,5,4,4,2,96.2,98.3,17.0,Resolved
1713,20260624,2,2,7,3,42.2,39.3,12.8,Resolved
1714,20260603,1,9,7,2,65.1,64.1,8.1,Under Investigation
1715,20260624,5,7,2,2,81.2,90.9,13.7,Resolved
1716,20260527,4,9,2,5,55.6,47.8,6.0,Resolved
1717,20260530,3,6,5,3,51.6,51.6,9.7,Under Investigation
1718,20260622,1,2,6,5,53.4,46.7,14.9,Resolved
1719,20260619,1,3,6,4,79.4,83.4,6.5,Escalated
1720,20260620,3,4,3,4,61.0,56.6,18.8,Under Investigation
1721,20260602,1,10,4,3,87.2,87.4,11.8,Under Investigation
1722,20260604,1,3,1,3,59.2,51.3,10.3,Resolved
1723,20260429,4,7,4,4,45.2,52.9,9.2,Resolved
1724,20260622,1,2,6,3,46.2,46.6,7.4,Under Investigation
1725,20260619,1,10,3,1,55.9,56.7,10.6,Resolved
1726,20260722,1,7,3,3,40.4,45.4,9.7,Under Investigation
1727,20260613,2,5,4,1,47.9,40.4,5.7,Resolved
1728,20260610,3,4,7,5,48.2,44.5,21.3,Under Investigation
1729,20260505,4,4,5,3,58.6,59.6,15.3,Resolved
1730,20260516,1,3,8,3,84.1,73.5,5.8,Resolved
1731,20260529,1,6,1,1,55.8,45.9,8.2,Resolved
1732,20260601,3,9,7,2,26.2,21.3,7.3,Under Investigation
1733,20260531,2,3,1,2,41.3,34.5,9.2,Resolved
1734,20260603,2,8,3,3,58.9,56.8,6.3,Resolved
1735,20260707,5,6,4,3,62.4,65.5,11.3,Escalated
1736,20260510,3,8,2,2,79.4,83.9,14.1,Resolved
1737,20260528,2,8,8,1,69.4,80.3,10.3,Under Investigation
1738,20260513,5,1,8,2,69.0,68.9,5.7,Resolved
1739,20260526,1,1,5,2,51.7,52.6,7.3,Resolved
1740,20260629,5,10,4,4,72.2,72.1,10.7,Resolved
1741,20260503,3,2,7,4,41.6,43.5,4.1,Closed
1742,20260529,3,6,6,4,69.5,71.9,6.3,Resolved
1743,20260501,5,8,4,2,50.8,56.3,5.1,Resolved
1744,20260723,3,6,7,1,49.9,55.4,10.3,Resolved
1745,20260703,2,1,2,5,67.2,70.3,16.5,Escalated
1746,20260520,1,1,3,5,76.0,85.1,6.2,Resolved
1747,20260516,3,7,1,1,48.9,49.1,12.4,Escalated
1748,20260507,3,9,1,3,78.4,74.7,8.3,Resolved
1749,20260610,1,4,2,2,30.2,27.5,14.0,Escalated
1750,20260705,3,6,5,1,41.7,41.1,14.7,Closed
1751,20260620,3,10,7,5,52.8,46.3,16.5,Resolved
1752,20260717,2,9,5,5,72.6,68.9,11.2,Closed
1753,20260529,1,6,4,5,45.0,38.2,11.1,Closed
1754,20260524,2,7,3,1,57.0,59.1,10.2,Resolved
1755,20260611,1,10,1,2,47.1,49.2,9.6,Under Investigation
1756,20260517,1,8,5,4,49.6,39.0,11.0,Under Investigation
1757,20260725,2,5,2,3,77.2,73.3,12.0,Escalated
1758,20260515,1,7,7,2,45.0,56.0,15.0,Under Investigation
1759,20260611,1,4,4,2,53.4,57.2,16.4,Under Investigation
1760,20260614,3,10,3,1,45.3,48.0,10.4,Resolved
1761,20260504,2,1,1,3,36.9,32.9,9.7,Escalated
1762,20260610,5,3,2,4,66.5,68.2,13.1,Resolved
1763,20260608,5,4,1,1,80.6,80.5,25.2,Under Investigation
1764,20260522,3,3,6,1,71.0,66.2,13.2,Resolved
1765,20260510,5,6,4,2,60.0,57.0,12.4,Escalated
1766,20260503,4,8,7,3,45.4,42.6,12.7,Escalated
1767,20260429,2,9,5,2,50.7,41.8,13.8,Resolved
1768,20260611,4,6,8,1,70.9,63.0,17.2,Escalated
1769,20260507,1,7,7,4,20.8,19.6,4.9,Escalated
1770,20260724,3,6,2,1,66.9,61.8,11.8,Resolved
1771,20260521,2,1,1,3,66.0,64.2,2.3,Resolved
1772,20260626,1,8,8,3,37.9,28.3,12.9,Resolved
1773,20260628,1,1,3,2,61.4,66.2,11.7,Resolved
1774,20260612,5,6,7,3,60.7,73.2,8.4,Escalated
1775,20260717,2,10,6,3,56.4,62.6,2.0,Resolved
1776,20260508,1,8,6,3,56.3,63.1,10.0,Under Investigation
1777,20260520,1,6,3,3,45.7,49.5,10.7,Resolved
1778,20260521,2,4,3,2,61.2,62.8,17.8,Resolved
1779,20260511,4,9,5,2,65.0,65.5,8.1,Under Investigation
1780,20260525,4,9,1,2,61.0,55.5,7.3,Resolved
1781,20260527,2,4,3,2,56.1,60.2,17.8,Closed
1782,20260706,1,2,5,2,64.7,68.5,7.6,Resolved
1783,20260526,1,6,2,1,37.4,34.6,12.4,Under Investigation
1784,20260716,2,7,3,3,77.0,80.2,9.8,Under Investigation
1785,20260707,4,10,8,1,49.1,44.9,4.8,Under Investigation
1786,20260719,3,9,3,5,84.5,80.7,10.5,Under Investigation
1787,20260508,2,3,8,3,65.2,69.9,11.2,Resolved
1788,20260726,3,3,8,1,83.9,86.5,14.9,Escalated
1789,20260623,2,10,6,3,80.7,79.3,12.8,Under Investigation
1790,20260726,3,4,2,2,68.7,66.6,15.3,Escalated
1791,20260530,3,5,2,5,46.8,47.8,14.3,Resolved
1792,20260723,3,4,8,5,66.4,55.4,13.8,Resolved
1793,20260620,3,4,1,4,31.0,26.5,18.1,Resolved
1794,20260505,5,6,5,3,32.1,24.5,12.3,Resolved
1795,20260604,2,3,5,5,64.3,64.4,14.4,Resolved
1796,20260511,1,5,7,3,34.1,40.6,15.7,Resolved
1797,20260722,1,4,8,4,54.9,57.8,21.8,Resolved
1798,20260526,3,2,3,1,53.5,50.4,9.6,Resolved
1799,20260519,3,8,5,5,48.8,44.6,11.7,Resolved
1800,20260617,3,9,6,3,68.3,63.8,10.7,Escalated
1801,20260606,3,5,8,2,55.9,67.9,7.9,Closed
1802,20260507,1,3,5,5,43.0,43.4,9.7,Resolved
1803,20260711,3,7,1,3,78.2,79.4,15.4,Resolved
1804,20260714,3,6,8,5,76.6,63.9,11.9,Resolved
1805,20260704,2,6,5,1,37.8,30.7,16.2,Escalated
1806,20260623,2,6,2,3,58.8,58.5,6.8,Closed
1807,20260604,1,8,2,3,44.3,41.3,8.9,Resolved
1808,20260616,2,1,2,1,43.9,44.7,11.2,Resolved
1809,20260614,4,1,6,4,83.0,83.7,12.2,Resolved
1810,20260513,5,1,8,3,56.9,60.5,9.6,Resolved
1811,20260506,3,2,4,1,51.7,40.5,12.4,Resolved
1812,20260521,1,10,1,3,56.3,49.7,12.4,Under Investigation
1813,20260608,3,8,8,1,68.1,67.5,5.8,Resolved
1814,20260513,4,7,6,4,44.5,40.6,12.3,Resolved
1815,20260508,2,7,5,4,47.0,45.1,13.2,Under Investigation
1816,20260714,4,1,1,2,75.5,76.2,10.9,Escalated
1817,20260601,1,3,8,2,32.3,27.8,4.5,Resolved
1818,20260620,1,8,1,2,69.9,71.1,9.2,Escalated
1819,20260615,1,5,5,2,30.9,34.2,11.3,Resolved
1820,20260704,1,6,5,4,55.3,55.7,7.4,Resolved
1821,20260704,4,8,5,2,35.0,39.3,12.8,Resolved
1822,20260525,2,1,5,2,39.2,26.2,12.2,Resolved
1823,20260714,1,8,4,1,85.1,81.6,10.4,Resolved
1824,20260601,2,7,5,3,70.7,76.1,10.1,Under Investigation
1825,20260713,2,5,3,4,82.3,77.1,10.6,Closed
1826,20260604,2,5,4,1,33.3,27.3,10.0,Resolved
1827,20260508,1,1,6,1,39.2,38.4,6.1,Resolved
1828,20260706,3,3,6,1,65.4,65.3,8.7,Resolved
1829,20260501,1,3,2,1,65.7,62.5,10.2,Resolved
1830,20260707,4,9,8,2,49.0,60.1,14.3,Escalated
1831,20260502,1,2,1,4,46.3,48.0,12.1,Resolved
1832,20260517,3,3,3,3,38.0,32.6,14.4,Under Investigation
1833,20260622,4,2,3,1,79.9,71.3,5.8,Resolved
1834,20260722,1,3,3,3,63.9,66.3,8.9,Escalated
1835,20260604,1,1,3,4,55.5,49.9,16.2,Resolved
1836,20260509,5,3,3,2,56.3,69.2,7.8,Resolved
1837,20260519,2,8,4,1,71.6,74.2,7.7,Resolved
1838,20260718,3,8,7,4,54.0,57.4,9.2,Under Investigation
1839,20260703,1,4,7,1,75.9,77.4,24.1,Resolved
1840,20260508,1,8,3,4,35.8,42.5,8.0,Under Investigation
1841,20260602,3,7,3,4,72.5,58.1,11.7,Resolved
1842,20260522,4,10,6,4,29.3,22.1,11.2,Resolved
1843,20260515,1,9,1,1,53.4,59.6,4.2,Under Investigation
1844,20260714,4,3,4,1,90.0,99.0,10.0,Resolved
1845,20260623,3,6,2,4,65.5,58.1,8.3,Closed
1846,20260515,1,8,5,2,61.3,50.4,12.0,Escalated
1847,20260626,1,4,1,2,39.3,40.3,23.2,Resolved
1848,20260605,1,6,7,3,44.0,46.9,9.0,Under Investigation
1849,20260504,2,5,3,1,75.2,76.1,9.0,Resolved
1850,20260608,3,4,5,3,62.1,61.7,25.6,Closed
1851,20260515,2,2,5,5,68.4,57.3,7.9,Under Investigation
1852,20260521,1,1,4,3,56.1,53.8,6.0,Resolved
1853,20260717,3,8,4,2,73.9,72.5,14.1,Under Investigation
1854,20260701,3,9,3,5,68.5,65.2,9.8,Resolved
1855,20260511,3,7,7,3,58.9,47.4,10.8,Resolved
1856,20260714,3,3,5,1,63.1,66.6,16.7,Resolved
1857,20260619,1,1,2,3,33.8,39.0,5.8,Resolved
1858,20260716,3,7,3,1,91.8,87.0,9.4,Resolved
1859,20260705,2,2,4,2,66.3,65.2,6.3,Closed
1860,20260529,2,6,7,3,45.9,42.9,11.0,Resolved
1861,20260616,1,10,8,1,72.7,69.8,8.3,Closed
1862,20260615,3,1,4,1,58.7,61.7,6.5,Resolved
1863,20260702,3,6,4,3,61.6,64.7,12.2,Escalated
1864,20260521,2,10,2,1,68.3,74.7,10.0,Under Investigation
1865,20260528,4,4,5,2,65.0,71.3,14.2,Under Investigation
1866,20260521,4,9,2,1,59.4,58.4,6.4,Escalated
1867,20260525,1,9,7,3,52.2,69.3,10.6,Resolved
1868,20260513,3,5,5,4,84.8,94.1,5.0,Under Investigation
1869,20260502,2,4,2,1,44.0,40.1,18.7,Closed
1870,20260722,5,7,8,4,82.2,83.0,14.0,Resolved
1871,20260505,1,7,7,1,53.7,41.8,12.0,Resolved
1872,20260717,1,5,3,2,85.0,85.2,8.1,Closed
1873,20260429,2,2,1,2,73.5,83.5,10.8,Closed
1874,20260707,1,8,3,1,56.3,73.0,6.2,Resolved
1875,20260528,3,3,4,1,64.0,63.3,10.4,Escalated
1876,20260614,2,2,4,4,59.0,61.0,9.0,Closed
1877,20260524,1,1,7,4,45.4,49.0,6.9,Resolved
1878,20260612,3,5,8,5,73.9,85.8,11.9,Resolved
1879,20260608,4,2,6,5,65.7,59.8,4.1,Resolved
1880,20260615,4,4,7,2,48.5,64.4,14.4,Resolved
1881,20260603,2,3,2,1,71.6,69.7,6.8,Resolved
1882,20260616,1,5,2,1,42.5,35.5,8.5,Closed
1883,20260712,1,8,8,2,63.9,62.0,13.9,Under Investigation
1884,20260607,4,5,5,4,48.6,43.7,12.3,Escalated
1885,20260531,3,6,2,1,66.3,68.8,10.3,Under Investigation
1886,20260510,3,2,7,1,47.8,37.9,10.2,Resolved
1887,20260531,4,2,2,2,66.4,67.2,10.0,Under Investigation
1888,20260510,1,10,7,4,63.9,67.9,14.1,Under Investigation
1889,20260515,3,7,8,2,49.4,58.3,4.6,Under Investigation
1890,20260723,1,1,4,3,99.1,100.0,12.3,Resolved
1891,20260507,1,6,6,2,43.8,52.3,8.5,Escalated
1892,20260611,2,1,6,2,33.9,30.3,11.5,Resolved
1893,20260713,2,1,8,2,77.8,80.2,11.5,Resolved
1894,20260723,5,4,5,4,39.4,26.0,20.2,Under Investigation
1895,20260512,2,7,3,4,77.4,76.7,14.8,Closed
1896,20260513,4,7,2,2,56.5,58.8,5.9,Resolved
1897,20260601,4,8,3,1,33.6,36.5,13.0,Resolved
1898,20260617,3,2,1,1,40.8,31.4,9.8,Closed
1899,20260724,5,2,6,1,47.8,45.5,8.6,Closed
1900,20260517,2,6,3,1,60.7,59.2,16.1,Resolved
1901,20260513,2,9,6,1,35.1,32.5,12.1,Escalated
1902,20260521,1,8,1,3,62.5,66.9,8.7,Closed
1903,20260716,1,7,3,4,72.9,71.6,12.9,Resolved
1904,20260501,4,1,4,3,47.9,48.5,9.9,Escalated
1905,20260602,2,9,1,3,62.6,59.7,8.7,Resolved
1906,20260509,2,10,7,5,64.4,70.8,8.2,Escalated
1907,20260513,1,6,5,5,72.2,79.0,10.9,Resolved
1908,20260720,2,4,7,1,60.2,58.3,16.2,Under Investigation
1909,20260429,3,7,7,1,54.6,71.7,10.5,Escalated
1910,20260527,1,7,1,1,45.5,40.9,12.7,Resolved
1911,20260720,4,10,7,4,72.1,78.1,10.3,Escalated
1912,20260622,3,2,1,1,43.3,37.6,15.9,Resolved
1913,20260505,4,6,7,2,48.6,53.2,10.0,Resolved
1914,20260609,1,8,6,2,48.7,52.9,14.0,Closed
1915,20260725,3,4,7,3,77.4,71.3,20.9,Closed
1916,20260604,1,9,4,3,55.0,54.2,14.6,Under Investigation
1917,20260615,2,1,2,4,62.6,73.8,15.9,Closed
1918,20260615,3,2,2,3,53.4,48.5,4.7,Resolved
1919,20260627,3,8,1,4,46.3,48.7,10.8,Resolved
1920,20260515,1,2,7,1,57.9,59.9,9.7,Closed
1921,20260713,4,5,5,4,51.2,50.9,10.3,Closed
1922,20260726,1,3,2,3,82.2,71.8,8.8,Resolved
1923,20260511,3,7,1,1,50.7,55.7,8.4,Resolved
1924,20260711,5,1,1,5,66.7,66.8,6.7,Under Investigation
1925,20260711,3,4,3,5,67.0,73.6,18.3,Resolved
1926,20260704,4,10,6,4,83.0,84.4,12.8,Escalated
1927,20260601,3,4,8,5,60.7,61.1,16.5,Resolved
1928,20260610,4,6,5,2,56.1,58.3,9.0,Resolved
1929,20260713,3,10,8,1,54.6,48.7,7.9,Resolved
1930,20260512,3,7,4,1,67.0,76.3,7.0,Under Investigation
1931,20260712,1,8,3,4,60.3,58.0,9.3,Closed
1932,20260720,4,10,6,4,46.8,44.6,11.0,Resolved
1933,20260629,1,7,2,5,52.7,60.5,13.8,Closed
1934,20260529,5,9,8,4,57.9,59.4,6.4,Resolved
1935,20260618,1,6,7,3,42.7,41.3,9.9,Resolved
1936,20260503,1,9,1,1,53.2,55.7,13.5,Escalated
1937,20260721,4,7,2,1,69.3,73.1,6.5,Resolved
1938,20260529,1,4,6,2,54.2,53.5,21.8,Resolved
1939,20260504,2,6,6,4,73.5,79.0,8.7,Under Investigation
1940,20260709,3,4,2,1,42.7,35.1,20.1,Resolved
1941,20260627,1,4,6,5,85.5,87.1,17.3,Closed
1942,20260624,1,3,4,3,54.5,59.3,11.4,Resolved
1943,20260503,2,5,6,2,63.7,67.4,14.8,Resolved
1944,20260705,1,4,4,4,61.6,48.2,17.6,Resolved
1945,20260625,1,7,4,3,29.1,28.3,13.0,Resolved
1946,20260709,1,4,4,3,46.5,39.2,18.8,Under Investigation
1947,20260712,2,5,2,2,56.5,64.2,7.6,Resolved
1948,20260518,2,2,2,2,69.9,67.6,9.6,Closed
1949,20260517,1,4,2,1,34.2,41.2,17.4,Resolved
1950,20260721,3,4,7,2,57.5,50.2,13.8,Resolved
1951,20260615,3,10,4,4,57.5,59.8,11.4,Under Investigation
1952,20260607,1,5,4,5,62.1,62.1,12.0,Resolved
1953,20260524,2,1,7,4,61.6,78.2,12.4,Resolved
1954,20260625,4,4,8,1,40.2,47.3,22.3,Under Investigation
1955,20260705,3,8,2,5,35.7,42.4,12.9,Resolved
1956,20260429,2,2,3,1,63.1,75.3,8.2,Resolved
1957,20260617,2,2,4,1,76.5,78.2,8.8,Closed
1958,20260727,1,4,7,4,69.2,68.6,20.5,Resolved
1959,20260524,4,4,6,5,37.8,36.5,19.2,Under Investigation
1960,20260524,5,5,5,5,48.6,50.6,9.9,Resolved
1961,20260717,5,1,2,4,84.1,67.5,7.4,Closed
1962,20260504,1,8,4,1,51.5,51.5,8.4,Resolved
1963,20260603,2,3,1,1,76.1,77.5,11.7,Resolved
1964,20260609,1,8,6,1,68.9,68.0,4.1,Resolved
1965,20260709,2,6,8,3,65.1,55.9,3.0,Under Investigation
1966,20260510,2,3,7,2,25.7,24.8,12.1,Resolved
1967,20260607,3,5,3,1,44.6,35.4,8.4,Escalated
1968,20260512,1,1,4,2,46.8,57.4,11.4,Resolved
1969,20260708,5,8,8,3,50.5,49.0,14.7,Closed
1970,20260624,1,4,4,3,57.9,45.5,15.0,Closed
1971,20260612,1,4,7,2,58.2,57.0,13.0,Escalated
1972,20260603,4,2,5,2,29.9,35.3,9.2,Under Investigation
1973,20260512,3,4,4,3,67.1,68.2,15.9,Under Investigation
1974,20260720,2,4,5,3,69.9,64.4,17.9,Escalated
1975,20260626,3,3,2,1,60.4,56.3,11.6,Resolved
1976,20260527,1,10,4,1,66.2,64.5,11.0,Escalated
1977,20260605,1,3,3,5,43.5,40.9,10.1,Under Investigation
1978,20260703,2,2,7,4,77.2,69.6,13.2,Escalated
1979,20260702,2,6,5,1,55.5,55.1,12.0,Resolved
1980,20260609,3,4,4,3,77.7,69.7,17.5,Under Investigation
1981,20260526,1,5,7,3,41.6,47.3,11.9,Resolved
1982,20260627,3,8,4,1,76.6,83.0,5.4,Resolved
1983,20260627,4,1,8,1,41.4,35.4,13.2,Resolved
1984,20260621,1,6,5,5,93.2,88.9,10.1,Under Investigation
1985,20260505,1,1,8,2,40.7,38.2,6.4,Resolved
1986,20260610,2,1,8,1,70.8,70.6,8.8,Closed
1987,20260623,4,1,3,4,49.6,51.1,13.1,Escalated
1988,20260723,3,2,3,2,82.4,85.2,7.7,Closed
1989,20260615,3,4,7,3,54.4,57.0,19.2,Closed
1990,20260529,2,10,2,1,38.6,47.9,12.6,Resolved
1991,20260618,1,10,7,1,13.0,13.4,10.1,Closed
1992,20260514,3,2,2,1,92.6,84.8,7.4,Resolved
1993,20260507,1,10,7,5,56.1,46.4,9.8,Resolved
1994,20260629,3,7,6,3,11.5,21.3,5.8,Resolved
1995,20260726,1,6,5,4,78.2,81.3,8.5,Resolved
1996,20260714,1,8,4,1,76.0,77.2,6.7,Resolved
1997,20260620,3,5,6,4,44.3,47.0,9.9,Resolved
1998,20260502,2,3,4,2,44.4,45.4,6.2,Closed
1999,20260726,3,6,4,3,73.4,76.0,10.3,Resolved
2000,20260608,2,8,2,2,73.0,70.8,13.4,Closed
2001,20260525,5,7,2,3,56.5,62.8,13.6,Escalated
2002,20260718,4,2,8,1,90.3,87.2,6.3,Closed
2003,20260705,4,10,6,1,76.6,71.2,8.0,Escalated
2004,20260705,3,3,4,4,56.2,46.1,12.6,Closed
2005,20260523,3,9,7,1,31.4,30.0,12.1,Resolved
2006,20260727,3,4,5,1,70.9,78.5,16.2,Resolved
2007,20260608,2,1,5,5,62.9,60.2,8.5,Resolved
2008,20260615,2,10,1,1,55.9,47.6,10.2,Resolved
2009,20260705,3,6,5,3,69.2,70.9,4.5,Resolved
2010,20260627,1,3,1,4,68.0,64.1,11.6,Resolved
2011,20260514,1,1,6,4,63.0,72.3,13.2,Closed
2012,20260526,4,2,1,1,50.9,57.3,8.8,Resolved
2013,20260531,1,2,5,3,62.8,55.2,5.7,Closed
2014,20260723,3,10,3,3,100.0,99.0,14.2,Resolved
2015,20260702,3,2,2,2,35.3,30.8,10.7,Under Investigation
2016,20260531,1,2,4,4,62.3,55.3,12.1,Resolved
2017,20260704,4,9,2,5,86.5,86.2,6.0,Closed
2018,20260704,1,9,2,1,41.4,46.3,6.0,Under Investigation
2019,20260603,4,3,8,1,70.0,69.5,11.2,Resolved
2020,20260604,4,7,3,3,72.0,68.9,13.1,Closed
2021,20260718,1,6,4,2,46.2,33.0,6.6,Resolved
2022,20260618,1,6,1,4,65.7,61.7,9.7,Closed
2023,20260512,2,4,3,1,50.9,54.2,13.2,Resolved
2024,20260702,2,8,3,1,56.8,48.7,7.9,Resolved
2025,20260621,1,9,6,3,50.1,57.8,9.2,Resolved
2026,20260613,5,8,1,5,74.7,71.2,11.5,Under Investigation
2027,20260703,1,10,8,1,56.7,57.9,3.7,Escalated
2028,20260719,4,2,2,4,62.1,59.7,14.0,Under Investigation
2029,20260528,1,7,6,2,48.3,41.2,9.5,Resolved
2030,20260605,5,10,1,1,49.9,52.5,13.9,Resolved
2031,20260516,1,6,7,2,38.8,35.2,12.1,Resolved
2032,20260626,2,10,6,1,47.9,42.9,12.6,Resolved
2033,20260604,3,4,7,3,56.8,42.5,24.1,Resolved
2034,20260529,1,9,8,1,61.1,68.9,7.7,Resolved
2035,20260630,4,10,7,2,74.4,74.4,10.4,Under Investigation
2036,20260604,1,7,5,1,58.6,65.2,7.0,Under Investigation
2037,20260609,3,8,7,4,47.9,51.6,9.7,Resolved
2038,20260607,3,6,1,5,39.8,46.4,12.2,Closed
2039,20260522,3,4,6,2,59.4,56.0,21.4,Escalated
2040,20260510,1,6,8,2,53.2,45.0,8.9,Escalated
2041,20260712,1,10,4,5,63.1,67.7,6.4,Escalated
2042,20260507,1,1,8,1,58.9,59.7,10.2,Resolved
2043,20260528,2,3,5,4,62.8,60.0,7.4,Closed
2044,20260628,1,5,4,3,59.0,63.5,8.3,Resolved
2045,20260510,5,4,3,4,52.4,54.2,20.0,Resolved
2046,20260626,3,7,1,1,43.0,46.8,11.5,Escalated
2047,20260703,3,4,8,1,49.1,43.0,20.5,Closed
2048,20260627,2,7,6,2,67.7,73.6,9.0,Resolved
2049,20260526,1,2,4,1,48.6,48.6,13.0,Escalated
2050,20260430,3,4,8,1,34.8,41.3,18.0,Under Investigation
2051,20260717,1,7,2,5,95.6,100.0,9.1,Resolved
2052,20260528,2,5,7,1,40.9,45.0,6.7,Closed
2053,20260710,2,8,4,1,63.5,62.8,3.7,Resolved
2054,20260516,3,7,5,1,62.4,66.7,5.3,Escalated
2055,20260513,5,4,1,2,55.0,61.7,18.6,Escalated
2056,20260708,1,5,5,3,24.5,28.1,7.3,Resolved
2057,20260722,2,10,6,1,76.9,78.1,5.1,Closed
2058,20260715,1,10,8,4,86.2,90.5,8.7,Resolved
2059,20260705,2,1,3,4,71.5,68.3,10.8,Escalated
2060,20260521,3,8,1,1,23.1,32.2,11.2,Escalated
2061,20260720,1,5,1,4,100.0,89.9,9.9,Under Investigation
2062,20260628,3,1,2,2,35.1,35.3,9.8,Closed
2063,20260514,2,7,3,2,38.8,36.4,8.4,Under Investigation
2064,20260510,1,1,7,5,66.7,62.9,11.9,Resolved
2065,20260716,5,4,2,4,84.3,86.1,17.5,Under Investigation
2066,20260523,2,7,2,2,56.2,49.4,9.8,Under Investigation
2067,20260706,4,9,1,2,51.8,64.7,13.1,Resolved
2068,20260511,2,5,4,1,75.0,66.9,12.4,Resolved
2069,20260524,5,9,5,2,54.4,48.7,9.4,Resolved
2070,20260524,1,9,3,3,31.5,25.2,9.0,Closed
2071,20260524,2,5,4,1,73.5,74.7,9.0,Under Investigation
2072,20260628,4,2,2,5,58.3,64.4,3.9,Closed
2073,20260720,2,7,7,3,86.4,89.6,13.3,Resolved
2074,20260719,2,1,1,1,77.6,86.4,7.9,Closed
2075,20260704,5,9,2,4,94.9,89.9,12.6,Escalated
2076,20260517,3,4,5,4,50.4,54.4,18.1,Resolved
2077,20260724,3,8,7,2,72.6,70.8,14.2,Resolved
2078,20260616,3,8,4,2,65.8,67.2,11.6,Closed
2079,20260617,4,5,1,4,50.4,57.1,12.7,Closed
2080,20260701,4,10,5,5,69.0,58.8,8.2,Resolved
2081,20260707,3,8,3,1,16.8,28.7,6.1,Escalated
2082,20260723,1,9,3,3,70.6,69.7,10.4,Closed
2083,20260620,1,1,8,4,53.5,43.9,4.2,Resolved
2084,20260622,3,5,8,5,52.9,48.7,8.6,Resolved
2085,20260705,4,10,3,1,46.5,47.1,6.4,Escalated
2086,20260521,2,9,5,2,68.6,64.4,7.5,Resolved
2087,20260526,1,5,5,4,47.4,35.1,11.8,Escalated
2088,20260624,1,1,8,1,58.0,58.6,11.6,Resolved
2089,20260504,3,3,8,2,54.4,50.1,9.5,Resolved
2090,20260527,4,6,3,3,62.5,66.4,11.0,Resolved
2091,20260702,1,7,1,2,79.1,72.7,8.4,Under Investigation
2092,20260725,3,10,1,3,75.9,89.5,17.3,Resolved
2093,20260614,4,1,1,1,67.6,70.7,10.9,Resolved
2094,20260603,5,4,7,4,57.2,58.4,16.2,Resolved
2095,20260607,1,3,6,1,47.4,51.1,12.6,Resolved
2096,20260629,5,10,7,4,53.5,42.6,13.7,Escalated
2097,20260617,3,2,2,2,50.7,47.7,7.7,Resolved
2098,20260501,4,3,1,1,63.5,74.2,5.7,Resolved
2099,20260616,1,3,2,5,56.6,54.7,6.3,Resolved
2100,20260604,3,2,6,4,43.1,42.7,8.0,Resolved
2101,20260701,3,7,1,2,53.7,50.9,9.8,Resolved
2102,20260716,2,6,6,1,54.6,63.4,5.1,Under Investigation
2103,20260724,2,6,8,3,69.6,68.1,8.7,Under Investigation
2104,20260622,3,10,2,5,55.0,47.5,9.4,Resolved
2105,20260531,3,5,6,1,82.1,97.6,11.0,Resolved
2106,20260607,1,4,5,5,75.2,66.9,19.8,Resolved
2107,20260514,2,4,8,2,39.5,38.9,19.2,Closed
2108,20260722,1,9,2,3,74.0,68.9,15.4,Resolved
2109,20260714,5,6,2,2,69.0,64.8,13.3,Under Investigation
2110,20260714,5,2,1,1,62.2,55.8,10.7,Closed
2111,20260528,1,7,6,5,52.5,49.3,7.1,Resolved
2112,20260527,1,8,7,1,49.7,55.6,8.0,Resolved
2113,20260715,1,3,1,5,94.4,83.0,5.7,Escalated
2114,20260617,2,6,4,1,48.8,56.4,10.5,Closed
2115,20260701,4,6,6,1,62.1,68.6,11.0,Resolved
2116,20260612,3,2,7,5,17.1,20.2,12.7,Under Investigation
2117,20260607,1,1,8,3,67.4,68.2,10.8,Under Investigation
2118,20260624,1,8,6,1,72.8,74.5,13.2,Resolved
2119,20260711,1,7,8,3,47.9,56.4,13.2,Under Investigation
2120,20260529,4,8,8,1,47.3,36.8,6.9,Resolved
2121,20260710,3,4,8,4,69.8,74.2,16.4,Closed
2122,20260520,3,6,4,1,55.3,50.8,10.0,Resolved
2123,20260604,2,10,4,2,62.0,67.0,7.9,Resolved
2124,20260720,5,3,4,1,65.4,61.7,9.3,Under Investigation
2125,20260723,2,7,8,3,99.6,100.0,10.9,Resolved
2126,20260721,4,2,3,5,60.3,51.0,9.6,Resolved
2127,20260527,4,1,7,4,95.4,85.2,10.0,Resolved
2128,20260713,2,10,6,2,83.6,82.9,7.2,Under Investigation
2129,20260722,4,2,1,1,83.5,92.1,11.5,Resolved
2130,20260726,1,7,4,1,58.1,61.3,11.3,Escalated
2131,20260430,3,6,2,4,68.6,71.8,7.7,Escalated
2132,20260705,1,9,6,1,68.7,73.9,6.1,Resolved
2133,20260727,2,6,4,3,42.5,40.1,13.7,Under Investigation
2134,20260706,1,7,3,2,39.3,43.0,15.2,Resolved
2135,20260519,1,9,1,5,60.4,56.9,10.7,Resolved
2136,20260706,1,9,2,2,58.3,56.4,8.9,Resolved
2137,20260508,2,8,7,3,47.3,46.2,13.1,Resolved
2138,20260611,3,2,7,5,71.2,67.9,11.4,Escalated
2139,20260624,2,2,3,5,41.7,41.3,9.4,Closed
2140,20260609,2,5,7,3,48.2,46.7,12.9,Resolved
2141,20260630,5,7,5,4,46.6,42.4,7.6,Resolved
2142,20260520,5,7,3,3,62.7,61.9,7.9,Resolved
2143,20260622,1,8,4,2,29.2,30.1,11.1,Resolved
2144,20260626,2,2,6,1,47.5,40.9,10.3,Closed
2145,20260625,3,2,8,3,29.2,31.7,11.9,Resolved
2146,20260525,3,2,4,3,50.3,47.3,13.6,Closed
2147,20260526,2,6,3,1,65.8,67.0,5.3,Resolved
2148,20260522,4,7,7,1,66.1,62.1,10.1,Under Investigation
2149,20260609,1,2,5,3,44.1,50.4,15.7,Under Investigation
2150,20260620,2,9,4,1,63.0,68.7,8.2,Resolved
2151,20260531,3,4,4,3,52.2,45.9,15.9,Under Investigation
2152,20260604,3,7,5,3,75.4,78.5,3.3,Escalated
2153,20260524,4,8,2,2,53.1,61.8,10.3,Resolved
2154,20260518,1,1,1,1,10.4,5.0,11.7,Resolved
2155,20260627,1,9,6,2,68.4,63.2,11.7,Resolved
2156,20260711,1,10,2,2,56.8,61.2,6.9,Closed
2157,20260525,1,10,5,3,50.9,43.1,10.0,Closed
2158,20260715,1,2,7,4,71.4,66.7,10.7,Resolved
2159,20260619,3,4,2,4,33.6,27.5,18.2,Escalated
2160,20260514,3,3,4,1,56.1,60.6,6.7,Escalated
2161,20260531,3,5,8,3,63.0,58.8,10.2,Closed
2162,20260429,2,10,1,2,60.5,58.8,7.6,Resolved
2163,20260502,1,8,7,4,46.0,41.5,4.4,Closed
2164,20260529,3,8,2,1,69.9,76.8,12.0,Escalated
2165,20260608,1,5,8,3,40.0,34.8,10.4,Under Investigation
2166,20260709,4,10,4,3,53.0,44.6,11.8,Resolved
2167,20260511,1,10,1,2,53.0,44.3,8.4,Resolved
2168,20260713,3,9,6,5,69.4,73.6,11.9,Resolved
2169,20260520,4,9,2,1,50.1,54.7,13.1,Closed
2170,20260511,3,7,3,1,73.4,80.9,15.3,Escalated
2171,20260630,3,1,5,3,60.8,53.2,12.4,Closed
2172,20260707,3,3,6,2,62.1,60.7,11.2,Resolved
2173,20260622,1,8,4,1,58.9,73.5,5.9,Closed
2174,20260509,3,4,7,2,66.0,64.2,17.7,Closed
2175,20260509,4,2,4,1,58.6,55.2,5.7,Resolved
2176,20260603,5,10,3,4,27.9,27.8,7.5,Resolved
2177,20260608,2,5,3,3,71.3,74.5,15.9,Escalated
2178,20260727,2,9,7,1,76.1,79.2,6.9,Under Investigation
2179,20260524,4,3,6,2,65.3,61.6,3.0,Resolved
2180,20260516,3,4,2,5,48.9,45.4,20.4,Escalated
2181,20260723,1,4,7,4,44.3,42.5,16.0,Resolved
2182,20260512,1,4,4,1,20.8,16.4,20.3,Under Investigation
2183,20260501,1,5,3,3,40.8,33.4,6.5,Closed
2184,20260606,2,3,1,1,62.8,73.6,8.7,Resolved
2185,20260604,1,9,8,1,74.5,72.1,13.6,Resolved
2186,20260623,1,4,1,4,59.5,57.4,14.0,Under Investigation
2187,20260716,1,5,8,4,61.7,59.8,9.5,Under Investigation
2188,20260721,5,9,1,1,58.6,58.1,10.9,Resolved
2189,20260525,1,5,5,4,75.4,78.0,7.8,Resolved
2190,20260726,1,1,1,3,54.0,51.2,10.7,Resolved
2191,20260624,2,1,4,4,86.5,93.3,10.0,Escalated
2192,20260505,1,5,7,4,83.1,86.7,11.6,Under Investigation
2193,20260722,5,7,5,2,100.0,98.9,15.5,Resolved
2194,20260511,5,10,5,5,60.7,56.7,18.0,Resolved
2195,20260620,2,2,1,1,49.9,56.4,11.4,Resolved
2196,20260709,2,6,8,2,67.7,66.7,9.7,Resolved
2197,20260521,2,3,4,2,68.6,61.1,11.3,Resolved
2198,20260523,1,5,5,4,45.2,51.3,9.3,Escalated
2199,20260610,1,5,8,1,38.5,34.1,5.2,Escalated
2200,20260717,1,4,6,2,73.9,79.1,17.9,Resolved
2201,20260519,1,1,6,4,43.4,28.3,13.2,Closed
2202,20260627,3,1,2,2,73.6,71.4,5.6,Under Investigation
2203,20260608,1,6,4,1,45.8,52.8,7.0,Under Investigation
2204,20260509,1,3,5,1,56.4,56.4,8.3,Closed
2205,20260701,2,4,2,3,71.7,75.3,19.1,Resolved
2206,20260712,2,1,4,1,83.5,78.1,17.1,Under Investigation
2207,20260619,1,1,7,2,58.1,60.2,7.6,Resolved
2208,20260514,1,2,8,3,60.8,60.8,10.3,Closed
2209,20260513,1,4,7,5,39.7,41.2,18.0,Resolved
2210,20260606,1,2,8,4,70.3,82.5,9.1,Under Investigation
2211,20260613,4,3,8,1,74.0,81.8,9.9,Resolved
2212,20260617,5,4,2,4,26.9,31.7,16.6,Resolved
2213,20260520,2,3,7,4,81.4,86.2,18.2,Resolved
2214,20260613,2,1,5,4,44.5,39.0,12.2,Escalated
2215,20260525,3,2,7,2,63.9,61.1,8.6,Resolved
2216,20260629,3,10,6,1,56.8,47.6,13.6,Resolved
2217,20260709,1,7,1,3,61.4,53.8,10.8,Resolved
2218,20260626,1,2,5,2,51.9,46.6,10.2,Resolved
2219,20260429,2,3,7,2,40.1,39.9,9.5,Resolved
2220,20260727,3,4,1,1,82.2,74.8,17.2,Resolved
2221,20260501,1,10,5,1,50.7,50.5,6.3,Resolved
2222,20260727,1,9,6,3,54.7,53.8,5.0,Closed
2223,20260501,2,8,4,1,39.5,32.7,11.1,Resolved
2224,20260614,1,2,7,3,35.6,44.8,9.4,Resolved
2225,20260508,2,5,2,4,47.1,39.2,12.6,Escalated
2226,20260507,3,5,3,2,62.3,69.0,7.3,Resolved
2227,20260629,3,7,8,1,45.0,31.5,6.7,Escalated
2228,20260703,1,9,5,1,73.0,72.1,12.3,Resolved
2229,20260509,1,4,2,2,53.2,46.0,17.1,Resolved
2230,20260725,4,6,1,4,68.7,64.8,12.6,Closed
2231,20260527,2,3,5,3,55.3,66.2,10.1,Resolved
2232,20260527,1,3,8,4,75.9,73.8,15.6,Closed
2233,20260525,1,4,1,5,34.4,27.8,20.3,Resolved
2234,20260609,4,8,1,1,79.8,82.7,11.2,Resolved
2235,20260515,4,5,4,3,69.4,67.3,12.4,Resolved
2236,20260606,4,7,2,2,54.7,55.6,9.2,Resolved
2237,20260517,3,7,1,2,72.7,67.2,5.1,Escalated
2238,20260503,2,4,3,2,50.2,45.0,19.1,Resolved
2239,20260601,2,10,6,2,59.3,54.6,15.8,Resolved
2240,20260628,1,1,7,3,46.9,51.7,3.1,Resolved
2241,20260706,3,9,3,3,74.8,73.4,11.4,Under Investigation
2242,20260530,3,1,6,2,44.4,38.1,5.4,Resolved
2243,20260528,1,4,7,1,54.2,55.2,17.9,Resolved
2244,20260708,4,9,1,3,71.9,72.4,10.2,Resolved
2245,20260629,2,7,7,3,71.4,74.8,12.2,Under Investigation
2246,20260712,1,4,2,3,52.0,49.1,18.6,Closed
2247,20260719,2,9,6,1,80.3,79.8,14.1,Resolved
2248,20260711,4,2,7,1,48.9,51.4,13.5,Resolved
2249,20260722,5,7,7,4,38.7,32.6,9.4,Resolved
2250,20260605,2,6,4,4,43.8,49.1,13.3,Under Investigation
2251,20260603,5,3,6,1,67.5,67.6,9.1,Resolved
2252,20260527,4,10,1,2,54.8,48.2,8.5,Resolved
2253,20260520,4,8,4,2,47.0,40.3,6.4,Under Investigation
2254,20260705,4,1,8,3,60.5,59.9,13.9,Resolved
2255,20260702,2,1,2,1,58.0,54.7,9.1,Resolved
2256,20260710,4,1,2,3,72.3,76.8,2.7,Closed
2257,20260514,3,5,6,5,30.8,29.1,11.6,Closed
2258,20260612,3,5,5,2,53.5,55.3,8.7,Under Investigation
2259,20260518,1,8,4,2,56.9,51.8,9.1,Resolved
2260,20260718,3,7,2,1,47.9,47.8,9.3,Resolved
2261,20260523,5,1,2,1,34.3,42.2,9.0,Resolved
2262,20260511,2,5,6,5,49.5,48.6,18.2,Under Investigation
2263,20260619,5,8,3,5,55.1,51.8,15.0,Escalated
2264,20260717,2,9,7,1,78.3,73.1,12.1,Resolved
2265,20260720,1,3,4,5,61.3,61.2,10.7,Resolved
2266,20260507,1,1,4,1,46.0,54.5,13.4,Resolved
2267,20260528,4,2,2,3,49.1,40.9,10.7,Under Investigation
2268,20260512,3,4,6,3,59.5,59.2,20.4,Resolved
2269,20260526,2,5,3,2,73.7,63.4,11.7,Under Investigation
2270,20260616,3,4,8,2,21.7,19.2,18.4,Under Investigation
2271,20260524,2,1,4,3,64.3,65.9,12.8,Resolved
2272,20260505,2,4,7,1,53.3,43.8,16.7,Closed
2273,20260613,4,3,4,5,62.9,60.2,10.2,Escalated
2274,20260503,3,5,4,1,72.8,74.5,7.1,Under Investigation
2275,20260519,4,1,4,1,43.7,44.5,7.4,Resolved
2276,20260429,3,8,4,5,69.2,71.2,2.4,Resolved
2277,20260506,5,5,4,2,36.2,30.4,11.4,Resolved
2278,20260607,1,4,8,2,56.9,58.6,20.2,Resolved
2279,20260714,1,10,6,1,62.0,58.4,13.3,Resolved
2280,20260707,1,8,1,1,61.7,66.0,6.7,Escalated
2281,20260507,3,2,1,1,40.2,26.3,11.3,Resolved
2282,20260502,3,2,1,2,61.6,59.9,10.0,Resolved
2283,20260529,3,1,6,2,78.8,79.4,12.2,Closed
2284,20260626,2,6,2,2,40.4,48.5,8.0,Under Investigation
2285,20260705,1,4,4,4,62.5,63.0,17.0,Resolved
2286,20260712,3,4,7,5,77.2,78.3,13.3,Closed
2287,20260529,5,6,2,2,50.5,52.8,7.8,Resolved
2288,20260514,1,6,2,5,75.4,82.9,10.0,Under Investigation
2289,20260501,1,1,1,4,48.6,46.3,10.5,Resolved
2290,20260512,1,2,3,5,53.3,44.9,4.9,Under Investigation
2291,20260504,2,8,1,3,40.1,30.5,8.5,Escalated
2292,20260715,1,10,6,1,68.2,72.2,10.5,Under Investigation
2293,20260523,2,9,6,1,55.0,56.3,14.2,Resolved
2294,20260712,3,10,2,5,73.9,72.4,7.5,Closed
2295,20260617,2,5,5,2,45.5,42.0,11.5,Resolved
2296,20260616,2,9,3,4,44.8,45.9,8.3,Escalated
2297,20260608,1,9,1,3,61.9,63.2,8.7,Resolved
2298,20260711,5,9,4,1,84.6,87.5,7.4,Resolved
2299,20260502,2,2,6,2,64.4,57.7,6.9,Closed
2300,20260507,2,2,2,5,82.7,72.1,8.6,Under Investigation
2301,20260606,1,5,7,1,63.3,57.8,13.1,Resolved
2302,20260603,3,6,8,3,62.8,54.7,7.7,Under Investigation
2303,20260617,4,10,1,5,65.2,56.8,7.3,Resolved
2304,20260704,1,4,2,1,81.3,90.7,18.6,Resolved
2305,20260620,1,9,3,1,73.6,60.0,10.0,Resolved
2306,20260522,1,9,7,3,38.7,41.5,9.8,Resolved
2307,20260528,3,10,2,4,67.0,72.4,10.8,Resolved
2308,20260705,5,2,4,2,63.6,69.5,7.0,Under Investigation
2309,20260517,2,3,5,1,52.1,53.8,7.3,Under Investigation
2310,20260613,2,3,2,1,28.4,36.3,13.0,Resolved
2311,20260616,4,8,1,2,31.9,42.6,9.6,Under Investigation
2312,20260705,4,7,1,2,54.2,52.4,11.8,Resolved
2313,20260702,1,5,1,1,35.7,38.4,13.7,Closed
2314,20260609,1,1,5,4,49.8,57.5,12.5,Escalated
2315,20260526,2,6,8,1,65.7,60.5,5.9,Closed
2316,20260601,4,8,3,4,46.3,44.8,9.7,Escalated
2317,20260605,3,5,3,5,56.3,52.5,13.1,Under Investigation
2318,20260518,3,3,2,3,39.0,41.8,11.6,Resolved
2319,20260624,4,6,8,3,59.5,48.1,10.6,Closed
2320,20260517,1,7,8,1,62.6,71.2,5.1,Escalated
2321,20260626,2,6,6,3,33.7,36.9,8.2,Resolved
2322,20260705,1,9,4,2,48.4,51.9,10.2,Resolved
2323,20260724,4,4,2,1,53.3,39.1,13.7,Resolved
2324,20260509,3,7,8,3,62.6,56.4,12.4,Resolved
2325,20260706,1,9,1,1,62.8,71.7,9.6,Closed
2326,20260506,1,3,2,1,54.3,53.2,4.1,Resolved
2327,20260529,3,3,6,3,53.1,42.8,8.3,Resolved
2328,20260514,4,1,2,2,59.8,61.1,9.1,Resolved
2329,20260513,3,4,1,1,60.1,64.2,17.6,Under Investigation
2330,20260514,1,1,5,1,47.6,50.8,14.3,Under Investigation
2331,20260502,5,8,1,1,45.5,44.6,11.7,Under Investigation
2332,20260712,4,1,3,3,63.4,70.2,5.9,Resolved
2333,20260504,3,7,6,2,52.2,48.0,5.5,Closed
2334,20260603,3,6,2,1,85.9,89.1,9.2,Resolved
2335,20260630,5,10,7,3,50.6,51.4,10.4,Resolved
2336,20260727,5,4,1,5,78.7,77.9,21.0,Resolved
2337,20260714,3,4,5,3,72.7,70.4,23.2,Resolved
2338,20260511,2,3,1,2,76.0,73.9,15.4,Resolved
2339,20260726,2,6,6,3,61.5,61.7,8.7,Under Investigation
2340,20260626,4,3,7,4,75.1,73.3,12.8,Resolved
2341,20260515,3,2,7,5,52.8,57.2,11.3,Closed
2342,20260608,1,10,3,1,92.5,89.3,6.7,Resolved
2343,20260720,1,7,2,1,75.1,84.5,4.3,Resolved
2344,20260603,5,2,8,1,36.6,33.1,10.4,Under Investigation
2345,20260515,4,7,6,4,52.0,57.5,5.5,Under Investigation
2346,20260716,5,4,2,1,97.5,100.0,15.4,Closed
2347,20260723,2,2,1,5,72.9,73.9,7.9,Resolved
2348,20260725,4,5,3,1,72.1,72.6,10.7,Resolved
2349,20260724,4,8,6,3,83.1,78.7,13.8,Closed
2350,20260716,2,1,3,1,72.3,69.2,10.0,Resolved
2351,20260608,1,4,7,2,51.8,53.1,16.4,Under Investigation
2352,20260516,5,10,5,2,40.8,40.5,3.8,Resolved
2353,20260623,1,4,8,4,80.9,88.0,19.4,Resolved
2354,20260518,3,1,7,2,36.7,34.0,10.1,Closed
2355,20260610,3,5,4,2,57.5,55.1,8.4,Closed
2356,20260627,3,7,7,3,62.2,52.2,13.5,Closed
2357,20260723,1,10,4,5,71.5,75.4,6.4,Escalated
2358,20260525,3,7,1,4,36.2,39.5,7.9,Resolved
2359,20260521,1,1,3,3,40.0,45.9,9.3,Under Investigation
2360,20260704,4,9,4,2,66.8,73.0,8.3,Resolved
2361,20260429,1,8,8,5,43.3,48.0,11.7,Escalated
2362,20260618,3,7,7,2,23.9,28.9,11.4,Under Investigation
2363,20260705,4,9,2,5,65.5,69.2,13.2,Under Investigation
2364,20260617,1,8,1,4,41.9,46.5,11.5,Resolved
2365,20260602,1,3,5,1,64.5,53.4,9.7,Resolved
2366,20260712,4,5,5,1,61.3,54.7,9.0,Escalated
2367,20260601,1,6,6,4,51.3,43.7,11.4,Closed
2368,20260701,1,5,3,3,57.8,65.4,9.4,Resolved
2369,20260609,2,7,7,3,37.9,33.2,10.1,Resolved
2370,20260501,5,8,4,5,42.6,38.9,11.5,Closed
2371,20260615,3,2,3,3,51.1,51.1,10.4,Under Investigation
2372,20260503,2,6,4,2,37.8,30.3,10.9,Under Investigation
2373,20260721,5,1,8,3,81.0,83.3,7.6,Closed
2374,20260622,2,6,4,1,50.4,37.6,14.0,Under Investigation
2375,20260601,2,5,5,3,33.3,26.2,6.7,Under Investigation
2376,20260611,2,3,8,5,46.6,47.8,11.3,Under Investigation
2377,20260623,2,10,1,1,56.5,49.1,8.5,Resolved
2378,20260522,2,3,5,4,48.3,56.1,13.2,Resolved
2379,20260524,3,1,6,4,61.0,61.3,12.7,Resolved
2380,20260605,1,4,8,1,63.6,70.4,18.0,Under Investigation
2381,20260522,3,8,1,4,91.0,93.1,14.7,Resolved
2382,20260706,1,1,6,4,77.6,77.5,9.4,Closed
2383,20260508,2,5,7,2,30.5,24.5,12.6,Resolved
2384,20260712,1,5,3,1,58.9,64.5,7.8,Under Investigation
2385,20260530,3,9,6,1,51.0,53.6,11.2,Resolved
2386,20260618,3,1,4,3,63.6,76.1,7.2,Resolved
2387,20260513,2,1,6,1,41.0,46.0,10.1,Resolved
2388,20260602,1,6,4,2,47.0,44.6,9.8,Escalated
2389,20260705,1,2,2,5,41.0,42.7,12.6,Resolved
2390,20260523,4,8,7,3,46.0,48.5,8.0,Resolved
2391,20260510,1,3,2,3,46.5,53.5,19.2,Closed
2392,20260614,4,6,2,5,50.3,58.2,5.9,Under Investigation
2393,20260513,2,1,8,1,37.2,36.2,10.7,Escalated
2394,20260527,1,7,8,1,69.7,62.4,10.9,Escalated
2395,20260608,3,6,5,3,62.1,51.0,11.6,Under Investigation
2396,20260618,2,1,5,2,33.3,26.5,8.5,Resolved
2397,20260625,1,3,3,1,55.4,51.8,10.7,Resolved
2398,20260628,5,1,5,4,31.5,40.5,8.3,Resolved
2399,20260713,1,1,5,1,85.1,94.2,15.6,Resolved
2400,20260504,2,7,5,3,79.2,85.0,8.1,Under Investigation
2401,20260531,2,5,6,3,54.2,61.6,9.6,Closed
2402,20260429,2,9,5,3,42.2,38.0,8.0,Under Investigation
2403,20260429,4,3,8,2,45.0,35.9,7.6,Resolved
2404,20260518,1,8,6,1,48.2,42.2,5.8,Escalated
2405,20260621,5,7,4,4,53.4,41.2,12.0,Resolved
2406,20260718,3,7,6,5,88.9,82.2,8.0,Resolved
2407,20260707,5,9,2,2,75.3,72.3,7.6,Resolved
2408,20260626,4,8,2,1,69.6,70.6,7.1,Escalated
2409,20260708,5,8,7,3,64.2,65.0,10.9,Under Investigation
2410,20260514,3,8,5,2,37.7,33.6,10.1,Under Investigation
2411,20260713,2,5,1,1,53.4,56.8,10.1,Under Investigation
2412,20260718,2,8,3,1,69.2,65.2,7.7,Under Investigation
2413,20260507,3,9,8,1,37.0,37.1,11.3,Resolved
2414,20260610,2,8,6,2,59.6,52.9,8.0,Under Investigation
2415,20260712,3,7,7,1,76.4,82.9,10.2,Resolved
2416,20260610,1,1,5,4,63.2,63.3,9.6,Resolved
2417,20260713,4,5,1,2,72.6,76.7,4.9,Resolved
2418,20260722,1,1,2,2,43.0,35.7,16.1,Resolved
2419,20260610,5,2,1,1,75.0,76.0,11.7,Escalated
2420,20260504,1,4,6,4,31.5,34.9,18.5,Resolved
2421,20260529,1,5,7,1,52.7,40.4,11.0,Resolved
2422,20260518,4,6,4,1,64.3,71.3,16.2,Resolved
2423,20260610,4,10,6,3,60.4,52.9,13.4,Under Investigation
2424,20260620,3,8,5,3,35.8,37.1,11.0,Resolved
2425,20260609,5,5,6,4,38.5,49.2,7.9,Escalated
2426,20260516,1,4,6,2,59.3,65.0,16.3,Resolved
2427,20260526,4,8,4,2,62.7,53.8,4.6,Resolved
2428,20260629,2,3,6,1,39.1,38.0,8.9,Resolved
2429,20260501,3,9,3,3,60.9,68.3,12.0,Closed
2430,20260518,2,8,6,2,32.3,27.4,11.9,Resolved
2431,20260718,1,7,8,2,77.7,75.5,11.8,Resolved
2432,20260507,3,3,2,1,41.7,39.4,8.5,Resolved
2433,20260605,4,7,6,5,56.2,59.6,11.7,Resolved
2434,20260517,1,9,1,1,53.7,44.5,12.5,Resolved
2435,20260508,5,1,4,1,72.4,76.2,3.3,Resolved
2436,20260606,3,2,6,5,58.6,54.9,10.9,Escalated
2437,20260614,1,6,3,3,46.0,45.9,16.2,Closed
2438,20260514,3,4,2,3,60.4,59.1,17.1,Resolved
2439,20260506,1,8,4,3,87.1,90.7,2.4,Resolved
2440,20260511,1,5,1,1,66.1,66.0,7.6,Resolved
2441,20260626,3,10,6,4,54.1,62.7,4.6,Closed
2442,20260715,1,3,2,1,53.8,59.7,8.1,Under Investigation
2443,20260515,1,4,3,5,45.8,41.0,14.3,Resolved
2444,20260527,3,1,3,1,65.2,73.4,12.8,Under Investigation
2445,20260529,1,3,8,3,41.7,43.6,12.3,Resolved
2446,20260531,4,3,8,3,55.0,56.0,11.0,Resolved
2447,20260520,4,8,1,1,76.6,81.7,13.7,Closed
2448,20260503,1,4,2,2,57.3,51.1,16.3,Resolved
2449,20260615,3,3,6,4,38.8,30.5,10.2,Resolved
2450,20260531,1,4,3,1,87.7,87.8,24.6,Under Investigation
2451,20260529,3,6,6,5,81.4,77.8,11.8,Under Investigation
2452,20260522,1,8,8,1,62.5,74.9,11.7,Resolved
2453,20260721,5,10,2,3,89.5,84.9,7.7,Under Investigation
2454,20260622,1,1,8,3,51.0,51.2,8.8,Under Investigation
2455,20260605,3,9,1,2,65.9,67.1,7.0,Escalated
2456,20260517,1,4,2,3,48.6,56.0,23.0,Resolved
2457,20260710,1,9,5,4,42.7,36.7,5.3,Resolved
2458,20260717,2,1,8,3,100.0,90.3,12.7,Closed
2459,20260501,3,7,5,3,33.9,42.3,11.7,Under Investigation
2460,20260721,5,10,2,3,74.8,75.3,5.2,Resolved
2461,20260630,1,1,2,2,60.6,65.5,13.4,Under Investigation
2462,20260507,1,8,7,1,62.7,67.8,9.2,Resolved
2463,20260705,2,2,5,1,58.3,64.5,6.0,Closed
2464,20260508,2,10,1,3,53.8,51.5,11.1,Under Investigation
2465,20260503,4,8,5,5,57.1,53.2,7.5,Closed
2466,20260509,5,10,4,1,62.2,50.2,9.4,Under Investigation
2467,20260609,4,9,1,3,55.0,49.0,8.5,Escalated
2468,20260623,1,4,2,1,54.0,54.4,15.4,Resolved
2469,20260604,2,5,8,3,35.2,31.0,6.4,Resolved
2470,20260509,4,7,6,4,85.2,78.4,12.4,Resolved
2471,20260516,2,2,1,3,63.0,63.3,11.0,Closed
2472,20260714,3,4,1,3,68.8,76.9,18.8,Under Investigation
2473,20260724,1,1,3,4,63.0,62.7,8.9,Resolved
2474,20260705,2,9,4,1,44.6,37.8,10.2,Resolved
2475,20260508,4,3,4,2,67.9,75.5,7.8,Under Investigation
2476,20260711,1,5,6,1,61.3,56.7,7.7,Under Investigation
2477,20260630,5,5,2,5,65.6,74.5,15.1,Resolved
2478,20260615,2,4,1,4,34.7,33.1,20.7,Under Investigation
2479,20260511,1,8,6,1,78.2,78.8,8.3,Resolved
2480,20260727,1,10,8,1,87.9,97.3,5.5,Resolved
2481,20260607,1,6,2,2,53.8,45.7,4.9,Resolved
2482,20260502,3,9,3,5,62.0,55.7,8.1,Resolved
2483,20260517,1,2,6,1,66.1,64.1,10.3,Resolved
2484,20260604,3,10,2,3,34.9,34.1,10.4,Escalated
2485,20260504,4,2,7,2,80.2,96.1,10.4,Resolved
2486,20260528,2,1,2,3,62.2,56.9,11.0,Resolved
2487,20260610,1,1,5,3,44.4,36.6,6.9,Resolved
2488,20260723,2,3,3,1,55.2,49.6,14.5,Resolved
2489,20260506,4,9,6,4,69.8,71.2,9.4,Escalated
2490,20260619,3,4,2,1,58.2,61.2,18.9,Escalated
2491,20260720,1,8,1,4,76.9,72.7,8.0,Under Investigation
2492,20260710,3,5,5,1,63.4,63.5,10.9,Resolved
2493,20260721,2,2,7,3,55.3,67.0,16.2,Resolved
2494,20260514,2,5,6,2,62.6,62.8,7.0,Resolved
2495,20260710,1,3,7,3,60.0,61.9,6.7,Under Investigation
2496,20260726,5,3,4,1,73.3,84.6,7.4,Resolved
2497,20260528,1,6,2,3,90.7,86.5,9.0,Escalated
2498,20260612,1,8,4,1,68.0,63.4,8.4,Closed
2499,20260615,1,6,8,2,68.9,66.1,6.9,Under Investigation
2500,20260612,3,3,7,4,95.8,92.6,9.9,Resolved
2501,20260525,2,8,6,2,60.8,49.9,14.7,Escalated
2502,20260725,1,7,3,2,74.8,75.6,9.6,Resolved
2503,20260724,2,3,5,3,62.1,63.4,9.7,Closed
2504,20260602,3,9,5,2,48.2,47.1,11.0,Resolved
2505,20260710,1,9,6,4,32.3,33.8,11.9,Under Investigation
2506,20260603,5,7,8,2,66.9,68.4,14.1,Resolved
2507,20260709,2,3,6,5,43.3,35.4,10.7,Under Investigation
2508,20260620,1,4,2,4,68.5,70.2,18.0,Resolved
2509,20260610,5,5,2,2,54.4,57.8,7.0,Resolved
2510,20260510,4,2,5,2,56.9,47.3,12.2,Resolved
2511,20260626,2,4,7,3,54.4,63.2,15.5,Resolved
2512,20260527,4,2,8,4,75.8,68.4,7.4,Resolved
2513,20260518,3,2,5,1,73.1,66.3,10.6,Closed
2514,20260516,2,8,5,1,54.6,55.8,14.6,Resolved
2515,20260726,4,2,7,1,60.2,63.4,12.2,Under Investigation
2516,20260508,4,5,8,4,68.9,73.6,9.9,Resolved
2517,20260709,1,5,1,3,47.7,51.1,7.1,Under Investigation
2518,20260715,3,1,3,1,43.0,39.9,14.6,Closed
2519,20260501,2,9,3,2,62.5,63.2,9.8,Resolved
2520,20260621,1,10,5,4,73.3,71.4,9.1,Closed
2521,20260619,5,7,3,5,48.9,49.9,11.7,Under Investigation
2522,20260531,3,7,3,1,61.1,61.5,8.7,Under Investigation
2523,20260628,3,3,1,2,48.8,45.8,7.7,Resolved
2524,20260604,3,9,1,2,65.8,63.7,8.0,Closed
2525,20260607,3,8,4,3,71.4,60.3,8.0,Closed
2526,20260606,1,5,8,1,51.1,56.1,6.6,Resolved
2527,20260710,5,8,3,1,47.6,49.4,6.3,Resolved
2528,20260624,3,10,2,4,33.1,19.3,12.9,Resolved
2529,20260602,3,7,3,3,68.9,73.7,12.0,Resolved
2530,20260721,2,2,8,1,53.3,53.0,7.5,Resolved
2531,20260710,1,4,6,2,68.6,63.0,20.7,Closed
2532,20260721,1,2,6,1,82.0,75.8,10.9,Closed
2533,20260703,2,4,2,2,50.8,46.7,17.0,Resolved
2534,20260603,1,9,8,2,52.5,46.9,6.3,Resolved
2535,20260707,3,2,2,1,76.0,71.2,11.0,Under Investigation
2536,20260528,4,9,8,1,42.9,53.1,15.6,Closed
2537,20260523,2,3,8,4,41.4,43.6,10.0,Escalated
2538,20260608,2,5,5,4,51.5,63.7,13.0,Closed
2539,20260725,3,6,7,1,92.2,93.6,9.4,Escalated
2540,20260619,1,2,8,3,79.2,82.7,12.8,Resolved
2541,20260602,5,2,5,1,53.5,48.2,9.5,Resolved
2542,20260609,2,4,7,4,44.3,43.3,10.8,Escalated
2543,20260525,1,1,5,4,71.0,70.5,7.8,Under Investigation
2544,20260627,1,8,5,3,30.0,33.7,10.4,Escalated
2545,20260530,5,6,3,3,58.7,58.4,13.2,Under Investigation
2546,20260617,1,9,6,2,54.3,56.4,9.5,Resolved
2547,20260601,3,9,3,1,74.4,76.3,10.1,Resolved
2548,20260527,1,4,2,2,75.9,74.1,16.2,Closed
2549,20260725,1,9,3,1,58.9,56.5,14.7,Resolved
2550,20260530,4,1,1,3,57.5,53.5,14.5,Resolved
2551,20260505,1,5,8,2,46.4,52.9,8.0,Under Investigation
2552,20260602,1,7,3,1,50.6,48.8,5.5,Resolved
2553,20260615,3,5,7,3,64.3,66.3,4.6,Under Investigation
2554,20260507,4,8,4,4,50.0,49.1,11.8,Under Investigation
2555,20260526,2,9,3,3,57.9,64.3,10.4,Under Investigation
2556,20260513,1,5,2,2,69.4,57.5,7.7,Closed
2557,20260613,5,3,7,4,77.7,79.5,10.8,Resolved
2558,20260703,3,6,5,1,62.7,55.2,6.3,Closed
2559,20260725,4,9,4,3,74.8,77.1,12.4,Escalated
2560,20260603,4,10,6,2,38.4,37.5,8.9,Closed
2561,20260715,3,9,7,1,90.1,81.2,6.8,Escalated
2562,20260518,2,3,6,5,62.4,64.4,8.9,Resolved
2563,20260708,2,3,4,2,63.7,65.0,8.8,Resolved
2564,20260618,3,6,8,2,56.3,54.9,11.1,Resolved
2565,20260706,3,5,8,1,65.7,65.1,13.5,Under Investigation
2566,20260705,5,7,8,5,71.2,72.2,13.3,Resolved
2567,20260615,3,10,1,4,68.4,75.5,10.5,Resolved
2568,20260522,1,6,8,1,79.2,77.3,9.4,Closed
2569,20260615,2,4,2,3,58.6,64.7,16.3,Closed
2570,20260712,3,9,5,1,90.6,90.4,4.7,Under Investigation
2571,20260725,2,5,6,3,88.9,96.7,9.9,Resolved
2572,20260721,4,7,2,2,69.4,68.0,7.4,Escalated
2573,20260515,3,2,1,1,30.0,26.0,13.7,Closed
2574,20260621,1,6,8,3,56.3,49.7,9.4,Resolved
2575,20260508,3,5,8,5,78.4,78.2,12.2,Resolved
2576,20260628,3,2,2,2,43.4,38.6,8.6,Closed
2577,20260727,5,3,5,1,75.6,84.0,8.0,Resolved
2578,20260503,2,8,2,5,57.5,52.3,11.8,Under Investigation
2579,20260627,3,2,5,1,69.1,65.0,10.8,Under Investigation
2580,20260723,2,2,3,2,65.8,69.3,11.0,Resolved
2581,20260714,3,1,7,3,52.6,59.7,9.7,Resolved
2582,20260603,1,1,5,1,63.6,68.0,12.4,Under Investigation
2583,20260508,4,5,4,1,43.8,50.2,11.9,Under Investigation
2584,20260721,5,5,6,1,42.8,42.3,3.5,Closed
2585,20260720,3,7,4,1,97.3,96.9,9.2,Resolved
2586,20260620,3,6,1,2,68.9,81.0,13.0,Closed
2587,20260726,1,6,5,4,100.0,100.0,6.9,Resolved
2588,20260429,3,10,7,1,68.1,72.4,4.9,Resolved
2589,20260623,2,3,4,3,65.2,71.8,9.6,Closed
2590,20260502,3,8,2,2,60.5,65.7,11.6,Resolved
2591,20260722,1,1,1,1,68.2,61.0,8.6,Resolved
2592,20260629,3,9,3,2,63.3,63.1,13.9,Resolved
2593,20260720,1,4,7,1,61.4,70.4,23.5,Under Investigation
2594,20260618,3,4,3,3,39.0,43.3,12.2,Escalated
2595,20260506,3,2,8,2,50.0,49.6,8.8,Closed
2596,20260501,1,6,3,3,74.4,83.5,3.2,Resolved
2597,20260529,2,4,4,5,36.5,38.7,20.0,Resolved
2598,20260704,4,10,7,1,40.8,45.3,8.0,Resolved
2599,20260512,3,2,5,5,63.9,66.1,8.6,Closed
2600,20260714,1,5,1,1,59.4,62.6,13.4,Under Investigation
2601,20260520,2,10,1,1,62.3,66.0,6.0,Resolved
2602,20260612,2,9,2,1,69.8,77.6,5.3,Resolved
2603,20260517,3,8,7,4,61.9,70.5,3.2,Resolved
2604,20260609,3,6,1,3,45.5,42.8,13.8,Under Investigation
2605,20260608,1,9,1,5,74.2,76.3,13.1,Resolved
2606,20260429,3,3,7,3,66.1,73.7,9.1,Under Investigation
2607,20260619,3,9,5,2,55.4,54.6,6.2,Resolved
2608,20260708,4,6,8,4,61.3,53.4,12.5,Resolved
2609,20260722,1,4,2,5,76.6,71.1,26.3,Under Investigation
2610,20260528,2,3,6,4,50.3,45.3,9.3,Under Investigation
2611,20260717,2,6,2,3,53.7,51.0,6.4,Resolved
2612,20260717,1,1,5,4,89.4,84.9,13.7,Under Investigation
2613,20260726,2,8,1,1,84.0,90.2,6.6,Closed
2614,20260601,1,3,8,5,20.5,18.8,8.9,Under Investigation
2615,20260714,1,4,4,5,73.3,80.9,10.1,Under Investigation
2616,20260618,3,2,3,3,81.3,74.5,9.1,Under Investigation
2617,20260504,1,5,8,1,38.1,36.0,6.2,Resolved
2618,20260523,3,4,1,1,53.9,54.5,21.8,Resolved
2619,20260628,1,2,7,5,52.3,57.2,7.1,Resolved
2620,20260513,3,9,5,4,79.9,86.8,12.3,Resolved
2621,20260607,2,8,6,4,71.8,68.6,9.7,Under Investigation
2622,20260707,4,4,3,5,47.8,53.8,18.4,Under Investigation
2623,20260512,4,1,8,2,60.1,50.0,11.6,Resolved
2624,20260612,2,9,4,4,89.5,94.7,9.8,Closed
2625,20260518,3,7,4,1,45.6,37.6,8.1,Closed
2626,20260616,1,6,4,1,54.8,57.5,7.6,Resolved
2627,20260520,3,7,3,2,62.7,69.5,11.5,Resolved
2628,20260724,1,1,3,2,63.2,68.5,4.3,Resolved
2629,20260505,2,5,2,2,81.4,71.6,15.0,Closed
2630,20260724,1,2,4,4,65.2,62.5,10.4,Under Investigation
2631,20260709,4,7,4,1,41.5,45.8,9.0,Under Investigation
2632,20260715,2,10,4,3,58.5,62.6,10.8,Closed
2633,20260714,3,6,8,1,75.5,77.2,8.2,Under Investigation
2634,20260515,2,7,1,4,43.0,29.8,9.5,Closed
2635,20260721,1,7,8,1,74.9,82.1,6.6,Resolved
2636,20260621,1,10,7,3,63.4,71.7,11.1,Resolved
2637,20260724,5,1,1,3,54.2,55.2,9.8,Resolved
2638,20260717,4,4,6,2,69.7,71.1,18.6,Closed
2639,20260620,1,3,2,1,60.2,63.2,14.4,Resolved
2640,20260601,4,8,1,1,65.5,74.3,7.6,Resolved
2641,20260509,2,5,7,2,46.9,48.4,9.6,Escalated
2642,20260508,1,8,1,1,57.3,56.2,5.0,Resolved
2643,20260603,3,5,3,1,50.7,53.0,11.7,Under Investigation
2644,20260710,1,10,1,3,73.9,73.8,9.9,Resolved
2645,20260613,1,8,2,1,62.8,62.8,10.1,Resolved
2646,20260611,3,1,1,1,49.4,38.8,9.5,Resolved
2647,20260521,1,10,7,2,62.2,65.3,8.3,Escalated
2648,20260618,4,10,1,2,48.8,55.8,17.5,Resolved
2649,20260625,3,1,7,2,61.9,68.0,10.1,Resolved
2650,20260726,4,4,2,3,80.7,86.4,18.9,Under Investigation
2651,20260703,3,10,8,3,93.9,93.6,6.6,Resolved
2652,20260622,4,9,7,2,50.0,50.9,12.7,Resolved
2653,20260719,2,5,6,2,66.9,74.0,9.6,Resolved
2654,20260606,3,6,7,1,45.3,50.5,11.3,Closed
2655,20260722,3,1,3,3,55.5,64.4,12.7,Closed
2656,20260601,5,6,7,2,48.2,44.2,9.7,Resolved
2657,20260510,1,7,2,4,65.0,60.9,8.0,Under Investigation
2658,20260605,3,4,5,3,66.1,64.1,11.0,Resolved
2659,20260510,4,4,8,3,59.4,53.7,16.8,Resolved
2660,20260509,2,9,6,2,50.6,42.7,8.0,Resolved
2661,20260717,4,5,3,5,70.8,73.6,6.6,Closed
2662,20260709,2,3,6,2,48.6,51.0,14.4,Escalated
2663,20260518,1,4,8,2,46.6,48.1,20.9,Under Investigation
2664,20260713,3,5,8,4,45.6,47.7,4.5,Resolved
2665,20260505,2,3,6,3,75.4,66.6,10.5,Under Investigation
2666,20260524,1,6,6,2,82.6,79.7,7.5,Resolved
2667,20260701,1,9,7,1,28.0,26.2,11.1,Resolved
2668,20260526,1,8,6,1,59.3,59.6,7.6,Closed
2669,20260703,4,3,2,4,62.4,53.6,8.4,Closed
2670,20260716,4,5,7,1,80.6,75.0,12.9,Closed
2671,20260504,3,6,2,1,46.1,43.5,12.5,Under Investigation
2672,20260501,1,7,5,1,70.3,76.6,14.5,Under Investigation
2673,20260722,3,8,3,5,77.2,78.8,9.3,Resolved
2674,20260614,4,5,2,3,70.5,76.6,5.6,Closed
2675,20260613,4,4,3,2,43.9,43.2,20.8,Resolved
2676,20260609,1,7,1,5,34.3,34.3,12.8,Resolved
2677,20260607,1,2,4,2,61.5,64.5,11.9,Resolved
2678,20260630,5,7,4,4,41.9,40.8,7.8,Escalated
2679,20260620,4,9,4,3,70.8,67.1,6.8,Resolved
2680,20260513,1,8,1,2,23.1,14.2,11.6,Escalated
2681,20260624,4,5,5,4,48.0,44.4,7.3,Under Investigation
2682,20260628,1,9,2,5,45.8,50.8,9.1,Resolved
2683,20260509,1,6,7,1,50.0,57.6,18.7,Closed
2684,20260601,4,6,1,1,58.9,54.3,16.4,Escalated
2685,20260709,3,9,1,4,68.3,57.9,12.4,Resolved
2686,20260623,2,2,3,2,64.6,70.2,8.0,Resolved
2687,20260511,5,8,4,3,66.3,66.7,7.8,Under Investigation
2688,20260502,4,7,8,1,52.4,44.3,12.1,Resolved
2689,20260620,1,6,5,4,86.6,67.9,14.5,Resolved
2690,20260609,3,1,4,3,75.8,70.0,8.5,Closed
2691,20260724,4,8,7,5,67.7,64.9,8.6,Resolved
2692,20260615,3,3,2,2,52.9,46.0,10.3,Resolved
2693,20260721,5,9,8,5,65.3,69.5,5.8,Resolved
2694,20260518,3,8,4,2,60.4,55.5,5.9,Resolved
2695,20260608,1,4,3,3,40.4,40.5,14.5,Resolved
2696,20260511,1,5,3,3,43.2,57.4,11.6,Resolved
2697,20260619,4,1,1,2,22.5,23.2,10.8,Escalated
2698,20260515,5,5,6,3,49.0,48.3,13.4,Escalated
2699,20260612,1,1,5,1,71.0,70.4,4.8,Resolved
2700,20260529,1,10,6,2,52.7,56.7,5.4,Closed
2701,20260515,4,7,6,3,53.6,56.9,11.4,Resolved
2702,20260507,1,3,1,1,59.2,53.2,7.4,Resolved
2703,20260614,1,9,8,3,40.0,37.5,7.6,Escalated
2704,20260723,4,1,5,2,72.0,68.0,13.0,Under Investigation
2705,20260516,4,6,6,1,68.4,66.7,8.3,Closed
2706,20260604,4,2,1,3,59.6,70.6,8.7,Under Investigation
2707,20260519,3,1,7,1,69.7,73.4,9.2,Closed
2708,20260710,2,3,6,5,82.0,81.5,9.4,Resolved
2709,20260605,5,3,3,5,64.9,72.4,12.1,Resolved
2710,20260725,1,8,8,2,62.3,63.4,6.4,Resolved
2711,20260521,1,9,6,2,49.8,40.0,9.4,Escalated
2712,20260506,4,8,8,1,84.0,94.0,13.5,Resolved
2713,20260620,3,8,7,4,59.7,58.8,16.4,Resolved
2714,20260626,4,6,2,1,57.7,44.2,5.9,Closed
2715,20260727,1,4,8,5,61.4,51.8,19.0,Under Investigation
2716,20260716,5,3,6,5,76.1,82.9,9.4,Resolved
2717,20260717,3,10,2,1,88.9,79.4,9.7,Resolved
2718,20260625,3,6,7,3,55.2,63.3,7.6,Escalated
2719,20260531,5,6,4,2,47.2,47.7,12.3,Closed
2720,20260606,2,1,7,3,50.7,55.0,12.1,Under Investigation
2721,20260511,3,5,2,1,72.9,71.4,17.6,Resolved
2722,20260606,3,7,3,3,65.0,68.1,6.0,Resolved
2723,20260531,4,5,3,1,63.0,64.9,4.8,Resolved
2724,20260502,4,7,4,4,61.6,61.4,16.2,Closed
2725,20260517,3,9,6,2,37.3,30.9,9.8,Escalated
2726,20260616,1,1,2,3,59.1,61.3,8.6,Escalated
2727,20260601,1,10,6,5,71.0,60.1,10.6,Resolved
2728,20260727,5,9,1,3,70.4,76.0,5.8,Resolved
2729,20260611,5,5,3,3,69.7,70.9,11.1,Escalated
2730,20260724,5,8,6,2,80.5,83.3,9.8,Under Investigation
2731,20260627,1,1,3,2,67.4,51.7,13.2,Resolved
2732,20260502,2,4,4,2,55.8,49.0,20.6,Escalated
2733,20260517,4,2,5,5,68.3,65.3,12.8,Resolved
2734,20260701,4,7,2,1,35.0,39.0,10.6,Under Investigation
2735,20260617,1,9,8,2,55.5,49.8,14.8,Under Investigation
2736,20260526,3,7,7,4,65.7,81.0,11.7,Resolved
2737,20260614,1,8,8,2,59.4,57.8,8.4,Escalated
2738,20260719,2,2,4,4,85.4,79.3,7.6,Resolved
2739,20260602,1,10,3,1,52.6,51.5,7.9,Resolved
2740,20260503,1,2,8,1,46.8,41.1,11.8,Closed
2741,20260526,1,6,6,3,30.4,23.3,6.0,Closed
2742,20260722,5,7,7,2,66.9,73.0,10.5,Resolved
2743,20260706,4,9,2,5,68.1,71.2,7.5,Under Investigation
2744,20260713,5,10,7,2,76.4,79.5,6.2,Resolved
2745,20260720,2,6,5,1,48.7,56.4,6.7,Escalated
2746,20260509,2,6,7,2,72.6,75.5,9.9,Resolved
2747,20260524,2,5,7,2,40.4,34.0,12.3,Resolved
2748,20260504,3,6,1,3,53.2,57.5,8.0,Resolved
2749,20260429,2,7,1,1,46.5,39.7,3.8,Closed
2750,20260713,4,7,1,3,71.3,68.4,19.5,Closed
2751,20260722,4,6,6,5,72.4,72.1,13.4,Resolved
2752,20260513,4,5,8,2,65.2,64.3,12.8,Under Investigation
2753,20260702,1,2,1,3,85.3,74.6,14.9,Resolved
2754,20260616,3,1,2,1,61.0,55.2,10.3,Resolved
2755,20260505,1,5,4,4,46.3,46.2,9.6,Resolved
2756,20260720,1,4,4,1,76.6,72.9,22.1,Escalated
2757,20260716,3,7,1,3,100.0,100.0,14.0,Resolved
2758,20260619,3,10,5,2,64.8,72.6,11.8,Resolved
2759,20260701,3,8,8,1,71.2,64.5,12.6,Closed
2760,20260603,1,9,2,2,31.1,31.5,6.3,Resolved
2761,20260709,5,6,1,1,68.1,77.6,9.2,Resolved
2762,20260608,5,10,2,4,51.0,50.2,15.1,Closed
2763,20260727,2,10,2,1,64.1,61.7,12.4,Escalated
2764,20260504,4,2,4,5,54.7,59.9,5.6,Resolved
2765,20260514,1,7,1,2,56.6,55.0,8.4,Resolved
2766,20260725,3,6,3,1,63.6,71.2,14.6,Escalated
2767,20260524,4,10,1,2,57.8,54.2,11.4,Resolved
2768,20260526,4,6,6,1,52.4,49.6,10.5,Under Investigation
2769,20260709,4,1,4,4,72.9,77.6,10.6,Resolved
2770,20260516,2,3,1,1,58.4,59.0,9.7,Escalated
2771,20260614,4,2,1,4,60.6,61.3,8.4,Resolved
2772,20260524,3,3,4,1,69.7,58.2,7.5,Resolved
2773,20260516,1,1,5,1,63.3,61.2,13.0,Escalated
2774,20260724,1,8,2,1,72.2,77.4,10.7,Resolved
2775,20260516,4,5,3,3,23.7,19.0,12.1,Under Investigation
2776,20260507,3,7,5,2,62.7,66.9,11.6,Closed
2777,20260628,3,10,4,5,41.3,42.9,14.2,Under Investigation
2778,20260716,5,7,1,2,76.2,75.0,11.4,Resolved
2779,20260510,3,5,4,1,60.6,68.7,12.5,Closed
2780,20260701,2,3,2,4,77.0,75.0,10.5,Resolved
2781,20260616,2,8,8,3,82.6,81.0,7.2,Resolved
2782,20260712,3,6,7,4,50.5,49.2,9.3,Resolved
2783,20260510,4,8,3,2,35.3,35.8,11.8,Under Investigation
2784,20260725,3,1,2,3,77.9,82.5,12.0,Resolved
2785,20260623,3,2,2,1,58.6,49.8,14.4,Resolved
2786,20260713,3,2,6,5,47.0,52.2,8.6,Resolved
2787,20260531,3,7,8,1,54.8,55.2,10.7,Resolved
2788,20260722,4,6,3,4,80.0,83.3,9.6,Escalated
2789,20260624,1,4,6,1,36.5,50.9,22.9,Resolved
2790,20260510,4,4,2,4,40.1,37.0,19.1,Under Investigation
2791,20260721,3,7,8,4,60.7,53.4,11.2,Resolved
2792,20260709,1,10,3,4,59.1,60.3,9.9,Closed
2793,20260526,3,10,1,2,65.4,67.5,9.3,Resolved
2794,20260617,3,5,8,2,50.1,55.3,5.7,Resolved
2795,20260602,3,7,8,4,55.8,52.6,6.2,Resolved
2796,20260616,4,1,4,3,88.7,83.7,10.5,Closed
2797,20260724,2,10,8,3,58.0,48.8,10.2,Under Investigation
2798,20260718,1,1,2,1,58.5,50.3,10.6,Resolved
2799,20260518,2,4,3,2,65.2,62.7,20.8,Resolved
2800,20260725,2,8,5,2,87.8,87.1,10.3,Resolved
2801,20260607,3,10,5,3,61.2,73.6,9.0,Resolved
2802,20260701,4,2,4,1,84.1,73.9,9.4,Under Investigation
2803,20260706,3,7,7,2,65.1,67.1,10.7,Resolved
2804,20260611,1,2,7,4,25.4,21.0,8.9,Resolved
2805,20260609,2,1,1,3,56.5,57.8,13.2,Escalated
2806,20260609,1,5,8,4,46.4,43.1,10.0,Resolved
2807,20260715,3,6,2,1,87.1,93.3,10.8,Resolved
2808,20260602,1,3,5,2,69.5,75.7,7.6,Resolved
2809,20260524,3,10,4,2,31.2,30.5,13.2,Closed
2810,20260531,4,7,4,2,75.3,83.9,14.3,Escalated
2811,20260516,3,5,2,3,69.1,73.7,5.9,Escalated
2812,20260603,1,5,3,1,50.1,58.5,11.2,Escalated
2813,20260509,2,5,1,2,53.8,53.5,9.7,Resolved
2814,20260507,3,2,8,1,75.9,81.6,10.9,Resolved
2815,20260703,3,7,2,3,28.8,24.2,11.4,Resolved
2816,20260505,1,8,4,4,61.7,56.5,3.3,Resolved
2817,20260619,4,5,2,1,71.4,84.5,12.3,Escalated
2818,20260708,3,5,2,2,60.3,53.8,13.3,Resolved
2819,20260703,2,10,4,2,68.1,65.5,13.7,Resolved
2820,20260608,1,7,8,3,56.5,45.1,7.2,Resolved
2821,20260516,2,3,4,1,43.2,38.1,9.9,Escalated
2822,20260721,2,1,8,2,58.2,52.2,8.4,Escalated
2823,20260713,1,9,7,4,75.7,71.7,4.3,Escalated
2824,20260623,3,7,4,2,45.5,47.3,8.1,Resolved
2825,20260506,2,7,8,4,32.1,35.3,6.7,Closed
2826,20260502,4,3,3,2,56.8,50.8,11.0,Closed
2827,20260527,5,2,5,5,47.3,42.6,5.1,Under Investigation
2828,20260513,1,5,6,1,37.0,43.5,7.1,Under Investigation
2829,20260715,1,8,5,1,67.4,77.6,8.4,Resolved
2830,20260517,4,3,7,2,66.5,74.0,12.3,Under Investigation
2831,20260524,5,6,2,2,55.3,45.4,18.3,Closed
2832,20260725,4,10,4,3,57.0,64.1,10.9,Resolved
2833,20260711,1,3,6,1,70.9,82.0,6.9,Resolved
2834,20260518,1,3,3,1,70.5,60.3,8.0,Resolved
2835,20260602,1,3,7,4,88.2,94.7,12.0,Closed
2836,20260614,4,10,3,1,76.6,78.0,6.0,Resolved
2837,20260627,3,6,3,3,39.9,37.9,13.3,Closed
2838,20260722,3,10,3,3,83.9,84.5,10.8,Under Investigation
2839,20260716,3,10,6,1,81.3,84.0,9.6,Resolved
2840,20260725,1,5,1,3,55.7,62.6,4.9,Under Investigation
2841,20260502,3,1,2,4,59.3,65.9,12.8,Resolved
2842,20260520,1,4,7,4,83.8,74.8,15.7,Resolved
2843,20260618,3,6,2,1,72.9,69.0,10.5,Resolved
2844,20260503,3,4,1,2,39.8,40.4,17.5,Under Investigation
2845,20260530,3,1,3,5,55.2,64.6,5.2,Resolved
2846,20260512,2,10,4,3,62.4,46.0,9.3,Resolved
2847,20260721,4,4,1,1,44.4,40.7,14.4,Closed
2848,20260504,3,7,7,1,29.6,20.4,8.0,Resolved
2849,20260512,1,10,1,3,57.3,49.1,11.3,Closed
2850,20260516,1,6,4,4,57.5,63.4,12.1,Resolved
2851,20260512,3,7,2,5,27.4,24.2,9.9,Under Investigation
2852,20260619,1,1,3,5,60.8,46.8,7.3,Resolved
2853,20260531,1,7,1,2,71.3,70.3,8.1,Resolved
2854,20260720,1,9,8,3,66.4,78.6,8.0,Under Investigation
2855,20260522,1,10,8,1,55.9,45.1,3.6,Closed
2856,20260616,2,1,2,1,63.6,66.8,10.2,Resolved
2857,20260627,3,3,2,1,61.6,71.0,5.0,Resolved
2858,20260624,1,1,8,5,30.0,29.7,10.2,Escalated
2859,20260709,3,10,4,1,48.8,60.4,5.6,Closed
2860,20260517,1,3,1,2,49.1,45.1,6.4,Under Investigation
2861,20260613,2,6,2,2,42.1,50.8,12.0,Resolved
2862,20260710,1,5,4,2,85.0,92.3,10.1,Resolved
2863,20260715,4,7,5,2,75.9,75.7,4.3,Closed
2864,20260623,5,9,6,1,38.4,29.5,8.3,Resolved
2865,20260626,2,4,2,2,51.8,45.8,18.8,Resolved
2866,20260715,1,8,3,2,83.3,69.2,8.1,Under Investigation
2867,20260624,1,3,3,4,45.3,48.9,9.0,Resolved
2868,20260723,1,2,5,3,84.4,87.2,10.7,Resolved
2869,20260510,4,2,3,4,75.7,76.2,10.1,Under Investigation
2870,20260530,1,4,2,2,73.2,72.5,15.0,Closed
2871,20260509,5,6,7,1,57.7,65.8,10.1,Closed
2872,20260507,3,8,5,2,73.8,75.6,9.1,Resolved
2873,20260610,3,9,4,5,47.2,43.9,15.2,Closed
2874,20260519,4,6,2,1,92.3,93.2,9.7,Under Investigation
2875,20260604,1,5,1,1,58.6,70.9,10.4,Resolved
2876,20260607,4,2,7,5,72.2,75.9,10.8,Resolved
2877,20260623,1,10,8,5,49.6,47.3,9.0,Closed
2878,20260723,4,4,5,1,79.2,78.9,15.8,Resolved
2879,20260714,3,8,1,4,73.8,76.6,11.4,Resolved
2880,20260602,1,7,4,2,41.1,38.6,11.4,Under Investigation
2881,20260528,4,10,3,2,40.6,37.5,16.2,Escalated
2882,20260707,1,10,1,2,57.9,57.8,12.2,Resolved
2883,20260510,1,8,2,5,71.6,80.7,12.3,Under Investigation
2884,20260616,4,7,4,1,27.5,32.2,12.2,Escalated
2885,20260606,2,2,4,4,49.6,47.1,7.9,Escalated
2886,20260515,4,1,5,1,74.6,79.8,6.2,Escalated
2887,20260623,3,6,6,3,36.5,36.6,7.0,Resolved
2888,20260527,3,8,3,3,73.8,75.9,12.1,Closed
2889,20260515,1,8,3,4,38.1,39.6,14.3,Under Investigation
2890,20260626,1,3,6,5,41.3,28.6,12.2,Resolved
2891,20260514,5,6,2,4,52.8,34.5,9.5,Resolved
2892,20260628,1,9,1,3,83.1,84.5,15.0,Under Investigation
2893,20260513,3,1,7,1,45.4,40.3,8.7,Resolved
2894,20260607,1,4,2,5,29.0,19.2,14.6,Resolved
2895,20260710,1,10,1,2,42.0,37.1,10.8,Resolved
2896,20260519,3,2,6,2,69.0,74.5,13.9,Under Investigation
2897,20260707,4,4,5,2,40.7,42.8,15.5,Resolved
2898,20260702,4,5,2,2,75.5,80.1,4.9,Under Investigation
2899,20260719,4,7,7,3,70.0,72.7,10.1,Under Investigation
2900,20260514,1,3,2,2,54.5,49.0,12.3,Resolved
2901,20260702,2,8,6,1,62.1,66.8,2.0,Closed
2902,20260722,1,3,6,5,59.0,62.5,12.9,Resolved
2903,20260706,4,4,7,5,62.4,61.7,13.9,Escalated
2904,20260515,2,6,6,2,37.1,37.5,12.2,Resolved
2905,20260711,3,1,6,5,83.9,88.7,4.0,Escalated
2906,20260508,1,8,1,2,39.6,35.1,5.6,Closed
2907,20260620,4,7,8,2,61.6,68.1,11.9,Resolved
2908,20260612,4,9,2,5,39.5,42.9,13.6,Closed
2909,20260615,4,3,3,3,47.0,47.0,10.0,Resolved
2910,20260614,1,4,4,4,49.4,58.6,25.2,Escalated
2911,20260501,5,9,3,2,99.7,91.9,6.9,Resolved
2912,20260613,1,1,5,2,54.8,52.0,6.9,Resolved
2913,20260722,2,5,1,1,58.7,54.6,9.1,Under Investigation
2914,20260607,1,5,4,5,48.3,50.4,9.0,Resolved
2915,20260523,1,5,3,1,32.4,39.5,10.9,Closed
2916,20260727,3,5,6,2,71.9,66.0,7.8,Escalated
2917,20260507,1,8,5,1,82.8,100.0,11.7,Under Investigation
2918,20260611,2,2,7,3,60.0,56.0,11.6,Resolved
2919,20260614,3,9,2,2,68.6,70.8,14.8,Closed
2920,20260611,4,9,8,4,41.4,41.4,8.5,Closed
2921,20260720,3,2,4,2,66.6,66.9,11.0,Under Investigation
2922,20260605,3,10,3,1,58.1,53.3,11.8,Resolved
2923,20260725,1,3,5,1,62.1,68.5,10.0,Resolved
2924,20260505,4,1,2,1,61.0,55.9,9.4,Resolved
2925,20260704,1,4,7,3,68.2,57.6,11.8,Escalated
2926,20260621,1,8,3,4,63.1,56.4,10.3,Resolved
2927,20260520,1,9,8,2,52.7,61.4,11.8,Resolved
2928,20260519,3,7,2,2,71.4,78.9,9.8,Resolved
2929,20260702,2,9,7,1,53.8,41.8,7.7,Resolved
2930,20260625,3,3,4,4,49.8,54.7,5.0,Under Investigation
2931,20260623,2,9,5,5,76.6,64.7,11.4,Escalated
2932,20260503,2,7,7,4,38.4,38.2,10.1,Closed
2933,20260621,2,2,2,1,29.5,22.3,14.2,Resolved
2934,20260726,1,2,3,2,60.6,65.9,5.7,Resolved
2935,20260430,2,3,8,5,60.8,64.1,8.6,Resolved
2936,20260610,3,1,2,1,74.3,80.2,6.0,Escalated
2937,20260612,3,3,1,3,45.1,43.3,13.1,Closed
2938,20260718,1,10,5,5,95.6,94.5,13.7,Resolved
2939,20260524,3,3,1,4,55.4,46.4,15.8,Resolved
2940,20260610,2,7,8,3,53.3,47.1,11.6,Closed
2941,20260702,1,10,8,2,44.9,50.6,12.4,Under Investigation
2942,20260504,1,3,2,5,84.3,86.5,11.3,Resolved
2943,20260710,2,7,2,2,60.7,61.3,11.7,Resolved
2944,20260711,2,5,7,5,43.7,51.3,10.1,Resolved
2945,20260702,3,3,5,2,94.5,86.7,11.9,Resolved
2946,20260626,1,10,7,4,60.9,65.2,16.4,Under Investigation
2947,20260705,4,7,8,5,71.6,64.5,10.7,Under Investigation
2948,20260708,1,5,4,3,86.9,95.8,10.1,Resolved
2949,20260719,3,9,3,2,78.2,81.5,10.6,Under Investigation
2950,20260606,4,10,5,1,69.6,75.4,9.6,Resolved
2951,20260609,2,8,6,4,55.8,51.6,10.7,Resolved
2952,20260625,1,9,4,3,66.0,79.1,9.5,Resolved
2953,20260516,3,4,3,1,54.5,66.5,21.4,Resolved
2954,20260715,5,4,3,4,66.0,68.6,21.1,Closed
2955,20260707,5,3,5,5,62.8,69.9,16.5,Resolved
2956,20260624,1,7,4,4,49.0,47.2,9.9,Resolved
2957,20260526,4,9,4,3,62.6,55.0,10.9,Escalated
2958,20260530,2,7,1,5,62.5,67.3,10.7,Resolved
2959,20260607,1,6,8,4,67.3,61.8,10.6,Resolved
2960,20260627,3,8,6,1,64.6,72.5,13.4,Resolved
2961,20260708,3,2,8,5,91.7,98.0,5.1,Resolved
2962,20260628,3,4,7,3,70.8,72.2,19.4,Resolved
2963,20260721,4,8,5,5,67.2,68.3,16.0,Under Investigation
2964,20260724,2,1,3,4,79.1,85.0,14.1,Resolved
2965,20260701,3,10,6,3,78.2,79.8,13.7,Resolved
2966,20260601,2,2,5,2,40.8,38.4,12.5,Escalated
2967,20260621,1,8,8,1,85.2,76.1,8.2,Resolved
2968,20260606,2,7,2,1,43.4,49.2,7.8,Resolved
2969,20260624,5,9,1,3,68.5,70.7,7.8,Resolved
2970,20260711,2,8,2,4,63.8,80.3,6.6,Resolved
2971,20260601,1,6,2,1,54.2,53.6,12.8,Under Investigation
2972,20260613,3,8,6,1,35.5,37.3,14.4,Resolved
2973,20260503,5,4,2,3,68.6,70.6,19.3,Resolved
2974,20260704,5,6,2,1,39.7,43.6,12.4,Resolved
2975,20260612,3,10,4,1,33.4,27.6,10.9,Escalated
2976,20260609,2,1,7,1,72.4,71.9,11.7,Resolved
2977,20260615,3,4,4,3,81.8,86.8,11.6,Resolved
2978,20260518,4,1,3,3,45.0,43.0,10.9,Resolved
2979,20260621,4,6,3,4,70.0,74.7,8.7,Resolved
2980,20260705,4,8,7,2,71.6,72.2,9.9,Resolved
2981,20260530,2,1,4,1,53.6,56.0,10.7,Resolved
2982,20260510,1,6,3,4,75.0,81.9,7.9,Resolved
2983,20260602,3,5,7,5,52.5,51.1,6.8,Closed
2984,20260516,1,8,3,2,62.8,54.1,7.8,Escalated
2985,20260601,1,3,3,4,36.2,34.6,5.7,Resolved
2986,20260624,2,2,7,4,36.8,31.8,6.5,Escalated
2987,20260509,3,1,3,5,72.5,59.7,6.9,Resolved
2988,20260705,4,5,5,2,67.9,67.3,5.7,Escalated
2989,20260519,4,5,6,1,52.9,54.1,11.6,Under Investigation
2990,20260718,4,10,2,1,97.0,100.0,7.3,Under Investigation
2991,20260703,4,5,2,4,86.8,80.0,4.4,Resolved
2992,20260523,3,2,7,4,61.6,62.1,8.8,Under Investigation
2993,20260618,1,7,3,2,33.2,40.0,6.7,Under Investigation
2994,20260508,3,1,3,1,53.3,49.9,14.4,Under Investigation
2995,20260507,1,4,5,1,42.5,45.7,18.4,Resolved
2996,20260724,1,7,1,3,73.7,83.3,5.6,Resolved
2997,20260710,1,3,1,5,49.0,37.8,11.7,Resolved
2998,20260512,4,6,4,2,37.1,38.7,10.3,Resolved
2999,20260524,4,5,8,3,21.1,28.1,9.3,Resolved
3000,20260516,5,10,5,3,57.5,55.4,14.7,Resolved
3001,20260603,5,3,5,4,20.5,28.8,7.1,Resolved
3002,20260525,4,10,5,4,50.2,54.0,13.1,Resolved
3003,20260528,1,7,7,1,65.4,76.0,8.8,Resolved
3004,20260615,4,8,7,3,44.2,47.7,9.9,Resolved
3005,20260516,4,2,1,4,38.7,49.8,7.8,Closed
3006,20260717,4,1,5,5,77.1,78.9,7.9,Resolved
3007,20260703,1,8,5,3,45.9,37.7,8.7,Escalated
3008,20260706,1,5,2,1,63.1,59.3,4.3,Resolved
3009,20260514,5,4,8,3,39.5,45.6,19.0,Resolved
3010,20260701,1,9,3,3,55.4,61.4,10.3,Resolved
3011,20260713,2,4,7,1,59.8,57.9,13.5,Resolved
3012,20260514,2,5,1,5,54.8,65.6,12.0,Closed
3013,20260705,1,8,5,1,84.2,82.1,14.4,Resolved
3014,20260531,1,10,6,5,58.0,60.8,8.0,Resolved
3015,20260708,5,9,5,2,69.2,71.8,7.6,Under Investigation
3016,20260611,4,7,1,1,45.6,37.6,13.3,Under Investigation
3017,20260710,5,2,1,3,66.3,65.6,11.2,Under Investigation
3018,20260512,1,2,5,3,50.9,65.2,9.6,Resolved
3019,20260603,1,7,7,4,55.4,49.9,12.4,Closed
3020,20260523,2,6,5,3,64.7,68.5,10.8,Resolved
3021,20260521,2,2,1,1,47.5,40.6,14.3,Resolved
3022,20260526,1,7,7,5,49.0,43.4,9.9,Escalated
3023,20260602,4,10,4,3,47.7,39.2,11.3,Closed
3024,20260510,5,1,1,1,47.4,53.0,13.3,Closed
3025,20260701,3,9,3,4,59.6,54.4,2.7,Resolved
3026,20260617,2,4,2,1,49.5,57.1,21.4,Closed
3027,20260712,2,4,8,1,86.8,83.6,16.5,Resolved
3028,20260701,1,8,8,2,97.2,98.0,11.5,Closed
3029,20260512,1,3,1,3,46.5,49.0,15.0,Escalated
3030,20260505,3,2,5,2,59.4,49.7,9.1,Resolved
3031,20260606,2,10,1,5,70.6,71.8,8.6,Resolved
3032,20260611,3,4,4,1,51.0,53.1,17.8,Escalated
3033,20260520,4,2,2,5,40.1,46.9,5.6,Resolved
3034,20260708,1,7,6,1,87.7,81.9,16.6,Closed
3035,20260620,1,3,1,1,65.3,60.4,9.9,Closed
3036,20260705,1,8,8,1,64.4,68.4,14.9,Escalated
3037,20260508,1,1,2,1,76.8,85.3,9.0,Resolved
3038,20260711,3,6,3,2,75.2,71.6,10.1,Under Investigation
3039,20260517,4,5,8,4,54.3,46.9,12.8,Escalated
3040,20260608,4,10,8,4,40.4,38.5,6.7,Resolved
3041,20260607,3,6,1,4,47.6,41.5,9.7,Resolved
3042,20260711,2,10,1,1,81.7,84.1,12.7,Under Investigation
3043,20260523,1,3,7,4,65.2,58.7,9.4,Resolved
3044,20260520,2,5,8,2,52.2,58.0,8.6,Resolved
3045,20260529,2,9,4,3,81.5,82.8,13.3,Resolved
3046,20260531,4,2,2,3,52.6,58.6,14.2,Resolved
3047,20260515,2,10,2,1,69.8,55.3,14.7,Resolved
3048,20260514,1,8,3,2,58.3,47.8,8.0,Resolved
3049,20260519,1,7,6,5,84.0,91.8,8.3,Under Investigation
3050,20260610,1,3,1,1,66.3,62.0,8.6,Closed
3051,20260529,5,9,6,3,55.7,46.9,12.2,Under Investigation
3052,20260603,1,9,7,5,52.3,51.1,6.4,Resolved
3053,20260702,1,3,2,2,57.4,58.9,6.6,Resolved
3054,20260520,1,6,8,2,44.1,43.2,7.9,Resolved
3055,20260719,4,1,8,2,48.5,51.3,7.2,Under Investigation
3056,20260705,3,4,3,4,64.3,66.3,20.7,Closed
3057,20260514,3,2,1,2,47.0,48.7,12.5,Closed
3058,20260527,2,6,3,2,47.0,55.1,8.6,Resolved
3059,20260515,1,6,3,1,53.7,53.6,9.4,Resolved
3060,20260523,4,6,3,5,55.8,55.5,2.4,Under Investigation
3061,20260531,1,7,8,4,55.1,59.9,8.6,Closed
3062,20260510,1,10,2,3,81.1,84.4,13.7,Closed
3063,20260430,3,2,3,5,64.9,59.5,8.5,Closed
3064,20260607,1,3,7,3,86.6,86.0,6.7,Resolved
3065,20260701,1,3,1,5,50.4,53.0,14.1,Escalated
3066,20260526,4,10,1,1,66.8,63.3,6.7,Resolved
3067,20260715,2,1,3,1,60.6,57.4,14.6,Resolved
3068,20260601,1,1,8,4,46.6,38.3,18.7,Under Investigation
3069,20260719,2,2,7,2,100.0,82.7,9.7,Resolved
3070,20260520,3,8,8,2,43.5,41.3,13.7,Resolved
3071,20260616,1,6,7,4,21.5,22.3,5.0,Resolved
3072,20260706,1,10,1,3,49.7,43.1,4.9,Resolved
3073,20260504,3,3,4,2,24.9,33.2,7.6,Resolved
3074,20260721,3,4,5,2,56.1,49.8,20.5,Under Investigation
3075,20260531,5,6,2,2,42.1,47.6,10.0,Resolved
3076,20260612,2,1,8,1,55.5,58.0,9.4,Under Investigation
3077,20260624,1,10,5,1,24.3,37.4,6.1,Under Investigation
3078,20260625,3,9,7,2,72.9,76.1,9.6,Resolved
3079,20260501,3,2,3,4,26.9,18.2,8.1,Escalated
3080,20260716,1,9,6,2,75.6,81.9,7.2,Resolved
3081,20260624,3,5,1,2,50.1,60.3,7.0,Closed
3082,20260727,1,4,1,3,86.7,76.1,18.6,Closed
3083,20260610,4,10,6,1,60.3,64.1,7.8,Closed
3084,20260623,4,6,1,2,72.8,78.0,10.0,Resolved
3085,20260607,2,3,3,1,49.6,48.3,4.7,Escalated
3086,20260718,5,9,7,3,61.4,46.9,11.5,Resolved
3087,20260712,5,8,4,1,70.5,68.7,10.7,Closed
3088,20260719,1,2,4,2,84.4,80.9,9.3,Resolved
3089,20260613,2,7,3,3,67.4,76.6,10.5,Under Investigation
3090,20260709,3,7,6,4,67.2,66.7,12.8,Resolved
3091,20260531,1,3,8,3,58.5,56.0,5.7,Escalated
3092,20260609,2,5,6,5,54.5,51.0,10.2,Under Investigation
3093,20260706,1,9,3,3,66.5,68.5,6.1,Resolved
3094,20260506,5,2,4,2,85.5,85.8,10.3,Resolved
3095,20260701,2,8,1,1,53.4,48.7,9.2,Escalated
3096,20260430,4,9,2,1,49.5,51.1,9.9,Closed
3097,20260620,2,10,3,1,48.4,45.1,12.5,Resolved
3098,20260610,1,4,4,1,60.8,45.2,20.5,Under Investigation
3099,20260610,4,3,8,2,23.2,27.2,13.3,Resolved
3100,20260612,1,10,7,3,53.0,56.4,8.8,Resolved
3101,20260612,1,5,1,3,68.2,69.4,12.1,Resolved
3102,20260604,2,6,3,2,47.1,44.4,11.5,Under Investigation
3103,20260608,3,6,1,2,57.8,57.4,8.9,Resolved
3104,20260619,2,6,1,1,86.6,91.5,10.4,Closed
3105,20260706,1,7,3,2,65.3,61.5,9.6,Resolved
3106,20260617,2,5,8,2,21.4,26.6,14.2,Under Investigation
3107,20260625,1,4,2,2,33.9,25.1,20.4,Resolved
3108,20260713,1,5,6,1,61.2,62.2,9.0,Under Investigation
3109,20260727,3,7,4,5,62.3,62.5,8.8,Resolved
3110,20260508,1,9,5,2,56.6,62.6,12.9,Resolved
3111,20260702,1,6,7,3,53.2,47.7,14.0,Resolved
3112,20260519,3,7,7,1,72.5,67.6,10.9,Under Investigation
3113,20260516,3,5,7,1,38.6,30.2,12.0,Under Investigation
3114,20260709,1,8,4,2,59.2,55.8,13.9,Resolved
3115,20260505,2,4,1,5,58.3,59.8,17.5,Resolved
3116,20260714,1,5,8,1,70.8,60.0,10.3,Resolved
3117,20260707,5,1,8,2,63.2,60.5,11.5,Resolved
3118,20260727,1,3,7,5,38.2,41.9,8.7,Resolved
3119,20260628,1,8,4,2,56.2,55.6,15.1,Resolved
3120,20260716,2,1,3,2,75.2,75.7,8.7,Resolved
3121,20260509,1,3,2,3,68.0,59.0,10.2,Resolved
3122,20260718,1,8,3,2,79.2,78.6,15.7,Resolved
3123,20260513,1,9,3,5,58.6,58.8,4.4,Escalated
3124,20260527,3,5,3,1,59.7,58.7,10.6,Escalated
3125,20260510,3,5,8,4,75.3,76.2,8.0,Under Investigation
3126,20260604,3,6,6,1,72.3,70.4,10.0,Resolved
3127,20260705,4,8,2,4,63.8,61.1,6.4,Resolved
3128,20260523,2,5,6,4,87.2,81.0,8.9,Resolved
3129,20260711,5,2,6,4,54.2,60.0,10.1,Under Investigation
3130,20260622,3,5,5,4,37.2,29.8,10.7,Closed
3131,20260624,4,3,8,3,54.8,55.7,12.7,Under Investigation
3132,20260722,3,7,8,1,65.4,76.3,3.0,Closed
3133,20260606,2,2,4,1,18.0,24.6,9.6,Resolved
3134,20260530,1,7,4,2,45.2,48.3,9.5,Resolved
3135,20260727,2,2,2,2,79.5,81.0,9.8,Resolved
3136,20260618,1,10,7,2,54.1,53.3,10.1,Resolved
3137,20260623,2,7,8,4,43.4,38.0,7.5,Resolved
3138,20260525,1,2,6,3,55.6,54.1,5.4,Closed
3139,20260518,1,10,2,5,56.8,60.2,10.7,Resolved
3140,20260514,5,6,5,2,65.7,68.0,7.0,Closed
3141,20260519,3,7,7,4,45.4,50.1,11.2,Closed
3142,20260516,3,1,1,4,68.1,75.4,7.2,Under Investigation
3143,20260705,2,2,5,5,43.3,42.3,12.1,Closed
3144,20260504,3,9,6,4,47.4,48.6,9.8,Resolved
3145,20260624,4,5,5,1,80.5,69.1,10.0,Closed
3146,20260723,3,7,6,1,56.3,69.8,9.3,Under Investigation
3147,20260706,3,10,8,5,50.5,48.0,8.8,Under Investigation
3148,20260604,2,5,1,3,36.2,40.1,9.3,Under Investigation
3149,20260504,2,4,5,4,42.6,40.1,21.5,Closed
3150,20260713,3,9,7,4,67.1,64.5,5.4,Closed
3151,20260429,5,1,7,3,65.6,64.2,8.1,Resolved
3152,20260629,2,5,4,4,55.4,47.9,13.2,Resolved
3153,20260628,2,9,8,5,50.1,35.2,12.5,Resolved
3154,20260516,2,3,3,5,36.4,43.4,14.0,Escalated
3155,20260704,2,4,4,2,48.1,51.4,17.8,Resolved
3156,20260514,5,5,7,1,31.8,26.3,6.0,Under Investigation
3157,20260519,3,1,4,1,66.0,68.7,6.7,Resolved
3158,20260711,2,1,3,2,75.8,80.7,9.1,Closed
3159,20260726,2,3,5,4,73.1,68.9,12.3,Escalated
3160,20260522,2,9,5,4,61.6,64.1,9.2,Resolved
3161,20260720,1,3,8,2,82.8,88.8,9.0,Resolved
3162,20260720,3,8,5,2,71.2,62.6,11.2,Escalated
3163,20260707,4,5,2,2,81.9,85.1,10.1,Resolved
3164,20260511,3,8,1,4,39.6,41.8,8.7,Resolved
3165,20260525,1,4,8,3,49.8,61.1,15.0,Closed
3166,20260628,3,9,4,1,48.0,51.3,12.8,Under Investigation
3167,20260727,3,4,2,2,84.0,81.5,21.1,Closed
3168,20260711,1,8,2,3,42.2,40.4,6.8,Resolved
3169,20260605,3,9,1,2,76.7,88.8,8.8,Under Investigation
3170,20260520,3,5,2,4,63.4,61.3,12.0,Closed
3171,20260724,4,7,7,5,98.6,100.0,6.6,Under Investigation
3172,20260523,1,2,6,1,54.4,53.0,11.1,Closed
3173,20260529,1,5,5,1,46.7,53.2,9.0,Escalated
3174,20260724,2,4,1,2,82.2,89.0,14.3,Resolved
3175,20260618,1,10,6,1,70.5,70.4,15.3,Resolved
3176,20260522,2,10,8,2,44.3,41.9,9.0,Under Investigation
3177,20260429,4,8,8,1,25.0,22.4,11.6,Closed
3178,20260606,1,10,4,1,27.6,17.2,6.6,Escalated
3179,20260726,2,10,5,4,77.6,78.2,14.7,Resolved
3180,20260606,5,8,3,1,78.1,78.6,15.8,Under Investigation
3181,20260630,3,6,8,4,36.8,31.9,5.5,Under Investigation
3182,20260521,2,3,8,2,50.9,39.9,9.5,Resolved
3183,20260707,3,9,2,2,55.8,57.0,14.0,Under Investigation
3184,20260707,1,2,4,1,89.8,91.8,8.6,Closed
3185,20260622,1,2,2,1,88.9,91.3,11.2,Resolved
3186,20260707,3,9,5,2,67.4,61.5,5.0,Resolved
3187,20260620,2,2,3,4,68.5,70.9,7.6,Resolved
3188,20260602,1,2,6,5,68.1,67.0,10.9,Resolved
3189,20260704,1,6,8,1,39.8,45.0,8.2,Under Investigation
3190,20260713,4,6,7,1,75.5,69.7,8.9,Closed
3191,20260713,1,1,2,1,49.7,56.6,5.5,Under Investigation
3192,20260518,4,4,2,4,52.4,61.5,20.0,Closed
3193,20260628,2,3,7,1,72.1,72.8,6.0,Under Investigation
3194,20260429,3,4,1,1,56.2,58.6,22.6,Resolved
3195,20260619,1,2,4,4,71.5,76.2,8.0,Resolved
3196,20260619,1,7,8,4,74.5,68.3,12.4,Resolved
3197,20260531,3,5,4,3,28.6,25.7,12.1,Resolved
3198,20260727,3,10,1,1,41.7,42.8,7.0,Resolved
3199,20260717,1,1,8,2,95.6,100.0,8.3,Under Investigation
3200,20260502,2,8,6,1,73.0,65.8,8.6,Resolved
3201,20260517,2,10,3,3,58.8,68.6,8.8,Resolved
3202,20260517,1,5,5,4,60.9,59.7,6.1,Resolved
3203,20260718,3,7,5,1,81.7,81.5,11.6,Closed
3204,20260614,1,5,5,4,68.1,75.4,7.9,Resolved
3205,20260703,3,6,8,2,53.8,65.9,9.7,Escalated
3206,20260710,1,10,7,4,77.3,79.8,13.0,Resolved
3207,20260707,2,6,3,1,55.8,62.8,11.7,Resolved
3208,20260507,2,6,8,2,58.7,53.2,8.1,Resolved
3209,20260511,2,10,8,1,58.0,54.8,13.1,Resolved
3210,20260603,2,5,1,3,42.1,34.0,12.0,Resolved
3211,20260529,5,2,3,1,43.9,40.8,7.9,Resolved
3212,20260705,2,7,5,2,93.2,96.6,8.5,Under Investigation
3213,20260513,4,7,8,4,41.6,42.9,13.0,Resolved
3214,20260601,1,3,6,4,60.5,70.9,12.3,Resolved
3215,20260520,2,8,5,3,63.7,76.0,5.5,Resolved
3216,20260515,1,1,3,3,54.2,53.4,7.0,Closed
3217,20260514,2,4,1,3,65.1,61.0,20.1,Resolved
3218,20260516,3,9,8,3,59.9,66.9,6.5,Under Investigation
3219,20260618,4,7,5,2,41.9,49.5,12.4,Under Investigation
3220,20260604,3,7,4,1,63.1,65.7,15.8,Resolved
3221,20260607,3,7,8,2,46.8,51.0,11.1,Resolved
3222,20260611,1,2,2,1,81.1,84.4,7.2,Under Investigation
3223,20260704,1,10,3,2,65.4,59.5,10.5,Closed
3224,20260715,4,3,7,2,55.8,48.5,13.1,Closed
3225,20260615,1,8,3,1,60.1,59.8,10.3,Resolved
3226,20260625,1,10,8,4,41.1,39.9,11.5,Resolved
3227,20260704,5,3,7,3,62.9,64.6,7.6,Resolved
3228,20260630,5,7,1,3,52.9,52.1,7.8,Resolved
3229,20260511,3,1,4,5,42.6,32.4,12.7,Closed
3230,20260726,2,7,7,1,61.1,48.4,7.9,Resolved
3231,20260513,4,5,4,1,91.5,95.9,2.2,Resolved
3232,20260605,1,1,2,1,56.4,52.4,9.1,Resolved
3233,20260626,2,7,1,3,48.5,47.1,10.9,Closed
3234,20260604,2,10,1,1,45.9,42.6,13.2,Resolved
3235,20260520,5,1,2,4,62.1,56.6,14.9,Resolved
3236,20260721,5,9,3,2,60.8,55.2,10.3,Resolved
3237,20260505,3,9,3,2,38.6,44.7,12.0,Resolved
3238,20260521,1,6,7,2,54.5,53.1,10.4,Resolved
3239,20260727,2,10,5,2,73.7,77.5,11.1,Closed
3240,20260703,1,4,2,3,52.1,56.7,17.4,Under Investigation
3241,20260506,4,8,1,3,41.6,43.5,11.2,Under Investigation
3242,20260705,1,7,2,4,53.8,58.6,7.8,Resolved
3243,20260725,1,6,3,3,66.0,66.1,15.9,Resolved
3244,20260507,3,9,6,2,45.9,54.1,2.8,Escalated
3245,20260605,2,9,1,2,59.1,64.0,11.7,Resolved
3246,20260610,4,8,4,3,88.4,94.1,11.0,Under Investigation
3247,20260510,1,6,4,2,75.0,69.4,11.1,Under Investigation
3248,20260517,4,10,2,2,84.1,85.7,6.5,Resolved
3249,20260514,1,6,1,1,46.5,35.5,5.0,Resolved
3250,20260515,1,7,2,3,80.1,88.5,11.8,Closed
3251,20260604,2,2,2,1,58.4,54.7,14.0,Closed
3252,20260609,1,4,7,5,69.8,66.9,18.7,Resolved
3253,20260520,3,10,8,1,61.9,53.7,12.4,Resolved
3254,20260525,1,5,5,2,49.9,49.7,8.6,Under Investigation
3255,20260516,1,6,7,1,65.8,64.2,11.0,Escalated
3256,20260709,3,9,7,1,69.6,80.5,13.7,Resolved
3257,20260518,1,4,8,2,28.5,33.7,17.1,Closed
3258,20260719,3,3,1,3,67.1,64.0,13.6,Closed
3259,20260616,4,1,8,1,68.1,58.1,5.1,Resolved
3260,20260710,1,3,4,1,67.2,53.5,8.2,Resolved
3261,20260625,4,6,5,1,62.0,55.8,11.6,Resolved
3262,20260522,1,8,7,2,43.7,35.7,15.7,Closed
3263,20260622,2,4,4,5,58.8,60.9,18.0,Under Investigation
3264,20260523,1,5,3,2,53.6,52.7,6.9,Closed
3265,20260509,4,3,1,4,51.9,52.0,15.6,Under Investigation
3266,20260521,3,9,2,2,44.8,39.1,9.6,Under Investigation
3267,20260523,3,6,1,2,68.7,69.6,12.0,Resolved
3268,20260511,5,2,4,4,60.2,51.7,9.0,Resolved
3269,20260501,2,7,7,1,58.7,58.2,10.4,Closed
3270,20260722,4,4,3,4,100.0,100.0,16.3,Resolved
3271,20260614,3,9,5,2,62.1,59.9,16.8,Closed
3272,20260604,5,3,2,2,73.0,75.7,13.6,Resolved
3273,20260721,5,9,5,5,74.4,62.5,15.3,Under Investigation
3274,20260519,5,7,8,2,49.7,37.4,7.6,Under Investigation
3275,20260604,1,2,3,5,39.1,41.1,4.5,Resolved
3276,20260714,4,8,4,5,69.3,75.6,9.1,Resolved
3277,20260624,4,8,8,1,15.0,13.6,17.5,Closed
3278,20260603,3,5,5,2,59.1,72.0,9.0,Resolved
3279,20260522,1,2,4,4,59.7,51.0,13.2,Resolved
3280,20260502,5,5,1,1,51.7,47.6,6.9,Under Investigation
3281,20260506,1,7,8,3,53.6,54.4,7.5,Escalated
3282,20260513,2,2,5,1,36.2,39.0,9.8,Escalated
3283,20260708,3,4,1,1,82.5,79.0,24.3,Resolved
3284,20260625,1,8,5,2,49.9,43.5,13.3,Resolved
3285,20260607,3,6,8,4,40.4,44.1,3.8,Resolved
3286,20260708,1,10,8,3,69.8,70.6,12.0,Closed
3287,20260513,3,3,2,3,56.7,54.6,6.6,Closed
3288,20260517,4,8,4,1,49.6,52.6,8.0,Under Investigation
3289,20260603,2,5,8,2,48.0,47.2,11.5,Resolved
3290,20260720,3,3,7,1,69.6,68.8,14.2,Closed
3291,20260623,1,10,5,1,75.2,74.1,14.0,Resolved
3292,20260714,4,7,3,2,72.7,67.8,11.0,Resolved
3293,20260521,5,6,7,3,54.5,49.0,11.0,Resolved
3294,20260714,1,3,5,1,78.5,75.3,14.0,Under Investigation
3295,20260505,3,9,5,1,55.4,55.6,5.3,Resolved
3296,20260519,3,1,8,3,61.0,49.8,15.5,Resolved
3297,20260615,3,2,4,1,57.3,63.0,7.8,Escalated
3298,20260503,3,2,6,5,63.8,63.9,10.8,Under Investigation
3299,20260715,2,7,1,2,59.7,53.3,8.5,Resolved
3300,20260716,3,2,6,1,60.4,70.1,6.5,Resolved
3301,20260616,1,8,5,4,68.6,68.9,11.4,Under Investigation
3302,20260526,2,2,8,3,77.6,69.6,10.7,Resolved
3303,20260507,4,7,3,4,38.6,48.0,9.7,Resolved
3304,20260623,1,8,8,2,57.7,65.8,9.5,Closed
3305,20260616,3,9,5,2,48.3,42.8,14.6,Under Investigation
3306,20260706,1,3,2,3,73.6,71.7,16.6,Resolved
3307,20260622,4,1,2,2,58.7,56.0,13.8,Under Investigation
3308,20260510,3,8,2,3,100.0,88.7,10.8,Under Investigation
3309,20260509,2,5,3,1,50.5,52.4,5.1,Resolved
3310,20260708,1,10,5,2,84.7,89.8,11.9,Under Investigation
3311,20260513,2,2,7,1,79.5,83.4,12.0,Under Investigation
3312,20260722,5,6,8,4,79.0,79.2,12.3,Resolved
3313,20260508,3,2,6,2,55.6,61.3,6.6,Resolved
3314,20260703,2,5,4,5,59.8,53.0,12.6,Resolved
3315,20260725,4,1,5,1,73.2,84.1,14.7,Escalated
3316,20260607,2,8,3,2,72.0,67.4,7.1,Escalated
3317,20260504,2,7,2,2,41.9,37.9,12.1,Escalated
3318,20260716,2,1,5,3,75.1,71.6,7.6,Resolved
3319,20260515,1,5,7,4,50.8,46.9,9.7,Under Investigation
3320,20260615,3,5,1,2,29.1,27.9,7.2,Under Investigation
3321,20260726,4,7,1,2,86.6,85.2,8.9,Resolved
3322,20260705,5,5,2,4,75.6,76.4,9.0,Closed
3323,20260503,4,5,2,1,45.5,40.6,11.2,Resolved
3324,20260711,2,9,2,3,79.1,80.1,12.7,Resolved
3325,20260513,1,6,2,3,31.2,24.7,13.6,Escalated
3326,20260705,3,9,1,1,60.0,64.4,8.0,Under Investigation
3327,20260623,5,9,3,3,53.1,57.4,11.1,Resolved
3328,20260524,3,9,6,3,56.3,56.3,6.7,Resolved
3329,20260606,2,10,2,1,56.2,52.3,9.7,Under Investigation
3330,20260509,3,7,3,2,53.8,55.7,10.1,Resolved
3331,20260726,4,6,8,2,67.9,62.6,7.2,Under Investigation
3332,20260520,5,6,2,4,53.4,53.6,11.7,Escalated
3333,20260526,4,3,8,3,75.4,74.5,9.5,Resolved
3334,20260613,2,9,5,2,46.3,62.1,10.5,Under Investigation
3335,20260628,1,7,6,2,88.8,81.4,13.7,Resolved
3336,20260613,2,9,3,1,45.5,29.5,8.7,Under Investigation
3337,20260613,2,8,3,1,58.6,54.8,12.6,Resolved
3338,20260620,5,5,4,1,63.6,53.3,14.3,Resolved
3339,20260715,3,3,2,1,62.0,57.6,14.1,Resolved
3340,20260603,2,10,3,1,75.7,67.9,9.4,Resolved
3341,20260712,2,8,8,3,72.5,67.1,7.1,Under Investigation
3342,20260708,3,9,1,3,58.6,52.2,7.9,Resolved
3343,20260724,3,6,5,1,92.9,98.7,5.2,Resolved
3344,20260720,1,6,6,3,54.4,54.1,12.1,Closed
3345,20260709,4,1,2,1,53.9,60.4,12.2,Resolved
3346,20260521,2,1,1,2,63.4,63.6,10.4,Resolved
3347,20260707,2,8,5,5,73.0,78.6,5.9,Resolved
3348,20260704,1,3,2,2,63.8,62.0,8.9,Escalated
3349,20260525,3,1,8,1,53.1,62.7,14.1,Resolved
3350,20260629,3,8,2,2,51.9,54.7,11.8,Resolved
3351,20260521,4,7,2,3,72.0,67.3,12.3,Escalated
3352,20260615,1,2,3,1,58.6,62.3,19.9,Resolved
3353,20260709,5,5,3,5,49.2,49.4,11.0,Closed
3354,20260515,3,5,2,2,41.1,39.9,3.5,Resolved
3355,20260529,1,1,6,1,77.7,78.3,6.7,Resolved
3356,20260709,1,7,3,3,51.6,56.1,10.9,Under Investigation
3357,20260608,1,4,5,3,59.1,46.4,18.1,Resolved
3358,20260724,4,9,2,2,92.6,90.5,9.5,Resolved
3359,20260429,1,2,1,5,63.1,67.2,9.5,Resolved
3360,20260702,2,9,1,5,46.3,47.8,7.6,Resolved
3361,20260711,3,1,1,1,48.4,41.6,11.1,Closed
3362,20260720,4,8,7,1,97.7,83.5,14.2,Closed
3363,20260513,3,8,3,2,39.4,49.6,15.2,Resolved
3364,20260726,4,5,3,3,65.4,64.3,15.1,Resolved
3365,20260603,1,3,5,3,60.6,69.7,7.1,Closed
3366,20260530,4,2,1,1,51.7,56.5,9.9,Under Investigation
3367,20260530,1,4,5,5,63.6,58.8,17.1,Under Investigation
3368,20260625,1,7,5,2,33.0,18.0,11.8,Escalated
3369,20260627,5,8,7,4,51.8,49.0,9.8,Resolved
3370,20260610,1,2,1,4,65.2,65.0,9.3,Resolved
3371,20260505,1,1,1,1,65.2,67.9,14.4,Closed
3372,20260726,3,6,7,1,65.1,58.4,10.3,Resolved
3373,20260518,2,6,3,1,39.7,40.8,10.4,Under Investigation
3374,20260507,1,10,1,5,58.2,59.3,11.2,Closed
3375,20260621,3,8,5,2,35.3,41.2,12.0,Resolved
3376,20260605,4,6,4,4,74.3,72.5,12.0,Closed
3377,20260623,4,6,8,2,57.4,60.1,14.7,Resolved
3378,20260716,1,7,8,2,67.0,68.7,6.1,Closed
3379,20260507,3,5,5,5,39.2,44.5,11.0,Resolved
3380,20260524,4,7,2,2,45.5,40.6,9.7,Resolved
3381,20260614,1,2,6,4,31.6,13.2,9.1,Under Investigation
3382,20260708,1,9,2,2,69.1,67.7,12.3,Closed
3383,20260622,1,9,7,1,43.0,41.6,13.9,Escalated
3384,20260602,3,5,5,1,61.0,54.1,8.2,Under Investigation
3385,20260622,1,5,3,1,63.1,54.1,15.1,Closed
3386,20260726,3,5,8,3,88.2,84.8,5.7,Under Investigation
3387,20260611,5,9,5,2,58.8,58.1,11.8,Closed
3388,20260717,1,2,4,2,95.0,95.6,7.3,Resolved
3389,20260708,3,4,2,1,82.5,68.8,16.1,Resolved
3390,20260526,1,7,6,3,58.9,48.4,10.2,Resolved
3391,20260521,1,7,3,4,59.8,66.6,8.8,Closed
3392,20260707,4,3,2,3,52.6,51.5,2.0,Resolved
3393,20260517,2,2,1,5,40.2,40.2,11.8,Resolved
3394,20260529,5,6,6,1,74.2,66.2,12.3,Resolved
3395,20260520,3,7,8,1,64.1,64.1,9.5,Resolved
3396,20260622,1,8,3,2,65.3,63.0,9.3,Under Investigation
3397,20260525,2,1,2,1,46.1,42.4,8.9,Resolved
3398,20260627,1,1,5,3,79.4,70.6,4.9,Closed
3399,20260722,4,4,2,4,67.6,62.4,12.5,Closed
3400,20260712,3,6,1,1,52.3,64.1,12.4,Under Investigation
3401,20260723,2,1,6,5,63.1,61.0,13.2,Resolved
3402,20260501,3,2,5,1,78.6,83.3,11.8,Closed
3403,20260608,3,5,1,3,38.3,37.1,11.1,Resolved
3404,20260518,4,3,2,2,43.7,41.8,12.3,Resolved
3405,20260720,1,8,2,3,100.0,96.2,12.1,Resolved
3406,20260702,1,1,6,1,71.8,79.9,7.6,Resolved
3407,20260527,1,9,6,5,44.0,46.2,10.7,Under Investigation
3408,20260618,2,2,6,5,38.8,34.1,9.1,Resolved
3409,20260622,2,5,1,2,29.9,27.5,9.2,Escalated
3410,20260612,1,10,7,2,56.5,63.0,13.4,Under Investigation
3411,20260610,2,7,2,3,65.9,48.9,14.7,Resolved
3412,20260503,2,10,8,3,77.8,79.7,3.0,Resolved
3413,20260608,1,1,7,3,26.6,29.8,9.2,Under Investigation
3414,20260530,5,8,4,3,35.1,30.6,9.1,Resolved
3415,20260711,3,1,7,4,61.9,62.8,13.5,Resolved
3416,20260715,2,7,6,3,100.0,100.0,5.6,Under Investigation
3417,20260705,3,4,7,1,73.0,65.6,9.0,Resolved
3418,20260501,2,8,1,5,60.6,65.7,12.5,Resolved
3419,20260713,4,2,1,1,46.6,48.4,12.9,Resolved
3420,20260603,3,9,8,1,23.2,22.3,4.6,Under Investigation
3421,20260605,2,5,7,5,55.6,56.2,9.6,Resolved
3422,20260723,5,6,5,1,70.2,74.4,14.6,Escalated
3423,20260716,4,6,3,1,73.5,87.4,6.8,Resolved
3424,20260503,4,1,4,3,49.3,53.0,10.3,Resolved
3425,20260531,1,4,4,4,43.8,48.7,19.5,Closed
3426,20260705,1,8,4,1,45.0,46.2,5.7,Under Investigation
3427,20260616,3,10,6,2,75.8,87.2,8.3,Closed
3428,20260522,2,10,7,1,41.7,32.9,4.9,Resolved
3429,20260615,3,6,4,2,50.9,40.5,9.5,Resolved
3430,20260715,4,3,7,2,65.7,66.6,7.6,Under Investigation
3431,20260519,1,5,1,1,65.6,69.6,10.6,Closed
3432,20260705,1,5,7,5,46.9,31.5,11.9,Escalated
3433,20260704,2,4,6,3,73.7,73.7,22.2,Under Investigation
3434,20260717,1,4,5,4,69.5,68.4,25.0,Escalated
3435,20260525,3,9,4,5,52.6,57.1,10.6,Resolved
3436,20260518,4,4,3,5,79.6,82.2,17.1,Under Investigation
3437,20260617,2,1,3,4,40.5,29.7,8.9,Under Investigation
3438,20260615,3,8,8,2,65.8,59.3,7.1,Resolved
3439,20260604,3,7,1,4,70.1,65.3,11.3,Resolved
3440,20260708,3,4,6,2,66.3,70.7,16.5,Resolved
3441,20260709,1,7,8,1,60.6,62.8,11.6,Resolved
3442,20260521,3,10,5,2,86.9,83.2,7.2,Resolved
3443,20260709,3,10,6,2,62.1,63.0,8.6,Resolved
3444,20260519,1,8,5,2,58.1,51.8,11.3,Under Investigation
3445,20260604,3,6,5,4,50.0,62.3,9.6,Resolved
3446,20260501,4,1,6,2,57.3,60.7,4.2,Resolved
3447,20260529,1,6,8,1,69.5,74.2,10.0,Under Investigation
3448,20260724,3,9,6,1,68.2,76.5,7.6,Resolved
3449,20260607,5,9,7,4,23.4,29.5,13.5,Resolved
3450,20260701,4,8,5,2,64.7,64.9,12.9,Closed
3451,20260508,2,10,7,2,38.8,37.7,3.2,Escalated
3452,20260625,3,6,8,4,66.1,73.8,12.4,Under Investigation
3453,20260601,5,2,2,4,55.0,55.2,11.2,Under Investigation
3454,20260704,3,5,7,2,73.1,68.6,5.5,Resolved
3455,20260721,1,4,6,3,56.1,67.9,20.6,Resolved
3456,20260615,1,9,4,1,47.0,41.4,6.2,Resolved
3457,20260508,4,8,7,5,49.9,39.5,13.4,Resolved
3458,20260610,2,5,2,3,32.8,38.8,8.1,Closed
3459,20260510,1,4,6,3,71.7,67.3,13.4,Escalated
3460,20260608,2,2,5,1,30.6,33.2,16.4,Under Investigation
3461,20260504,4,1,8,3,71.5,82.4,5.4,Under Investigation
3462,20260625,2,4,5,2,61.4,53.2,15.6,Under Investigation
3463,20260526,4,3,5,2,52.0,51.8,8.2,Resolved
3464,20260517,3,3,5,3,60.2,69.1,8.6,Closed
3465,20260430,5,10,5,4,59.8,63.9,12.1,Under Investigation
3466,20260717,4,7,8,2,72.2,71.1,10.2,Under Investigation
3467,20260713,1,6,7,4,69.5,83.8,13.0,Resolved
3468,20260711,3,2,1,1,74.6,74.0,11.1,Resolved
3469,20260504,1,9,5,3,40.8,43.2,5.0,Resolved
3470,20260530,5,7,3,1,60.2,70.1,11.6,Resolved
3471,20260725,1,6,2,1,33.6,39.5,10.7,Under Investigation
3472,20260620,3,5,7,4,26.1,34.0,8.1,Closed
3473,20260510,4,6,7,1,63.5,58.1,16.2,Under Investigation
3474,20260511,1,9,8,5,48.7,56.1,11.8,Resolved
3475,20260522,4,8,4,2,42.2,43.2,12.8,Resolved
3476,20260725,1,5,4,3,72.2,67.7,12.9,Resolved
3477,20260514,2,7,7,1,49.1,50.4,8.7,Resolved
3478,20260719,2,10,2,3,54.2,55.3,11.9,Resolved
3479,20260629,2,4,1,5,31.1,42.3,18.9,Resolved
3480,20260720,3,10,4,3,40.1,42.4,8.3,Resolved
3481,20260712,5,7,6,2,75.4,70.7,6.3,Resolved
3482,20260528,2,2,4,4,48.7,42.6,10.1,Resolved
3483,20260712,3,10,2,3,78.9,78.6,11.8,Closed
3484,20260514,4,7,5,1,48.5,40.4,10.0,Closed
3485,20260525,4,4,8,3,60.3,56.0,17.5,Escalated
3486,20260518,1,3,3,3,53.1,51.6,10.1,Resolved
3487,20260510,5,10,4,4,55.7,53.2,9.1,Resolved
3488,20260507,1,9,3,2,56.4,60.8,14.6,Under Investigation
3489,20260515,3,1,3,2,48.3,43.9,10.8,Escalated
3490,20260509,3,7,6,5,36.6,21.8,8.5,Under Investigation
3491,20260602,4,2,3,3,66.5,56.4,4.6,Escalated
3492,20260505,1,3,5,2,78.9,78.8,9.4,Resolved
3493,20260504,1,6,1,5,79.9,76.4,8.3,Closed
3494,20260727,4,3,6,1,66.0,58.6,8.2,Escalated
3495,20260506,1,6,1,2,44.0,55.8,12.8,Resolved
3496,20260505,2,5,4,4,46.7,51.7,10.2,Resolved
3497,20260501,3,6,7,3,52.4,52.0,5.0,Under Investigation
3498,20260510,3,9,3,5,54.2,55.6,11.9,Resolved
3499,20260615,1,2,6,3,40.0,38.4,5.3,Resolved
3500,20260712,2,8,3,2,42.1,34.6,12.1,Under Investigation
3501,20260704,5,3,8,2,59.7,65.9,8.6,Under Investigation
3502,20260620,2,1,8,1,5.0,10.1,10.3,Closed
3503,20260506,1,5,8,5,53.5,41.6,9.9,Resolved
3504,20260707,1,4,4,1,46.8,48.2,17.6,Closed
3505,20260502,2,2,3,3,66.7,68.7,10.6,Resolved
3506,20260624,5,5,5,2,70.7,68.8,10.2,Closed
3507,20260604,2,9,7,1,71.1,83.7,15.6,Resolved
3508,20260717,1,6,5,1,73.0,84.9,10.7,Resolved
3509,20260526,3,8,6,3,38.0,35.7,10.7,Closed
3510,20260625,1,2,8,1,42.8,41.5,7.9,Resolved
3511,20260607,1,1,7,5,59.3,57.3,11.1,Escalated
3512,20260614,5,4,3,5,30.3,26.6,14.9,Resolved
3513,20260722,3,8,2,1,91.9,86.4,13.5,Resolved
3514,20260702,1,9,4,4,52.7,55.7,5.5,Under Investigation
3515,20260605,2,2,5,2,62.5,74.3,7.5,Resolved
3516,20260608,1,5,7,1,28.3,37.6,5.1,Under Investigation
3517,20260701,1,4,3,2,43.1,47.8,19.3,Resolved
3518,20260530,3,8,2,4,26.4,12.0,8.7,Under Investigation
3519,20260514,3,3,3,3,70.3,59.1,12.1,Under Investigation
3520,20260610,4,5,5,1,52.6,59.0,7.1,Resolved
3521,20260505,4,9,2,3,63.6,73.3,11.6,Resolved
3522,20260514,1,5,4,3,56.0,59.3,11.7,Under Investigation
3523,20260605,5,8,3,4,62.0,60.2,10.6,Resolved
3524,20260709,3,7,8,3,57.3,65.4,10.1,Under Investigation
3525,20260708,1,6,5,4,58.6,63.1,10.4,Closed
3526,20260522,4,3,6,3,53.6,60.4,7.3,Resolved
3527,20260605,1,10,5,1,61.1,50.0,6.8,Resolved
3528,20260512,3,3,1,4,61.5,63.6,11.6,Closed
3529,20260705,3,10,3,2,100.0,100.0,8.9,Closed
3530,20260521,1,10,7,3,80.2,83.4,11.4,Resolved
3531,20260709,4,6,5,3,35.7,41.4,14.7,Escalated
3532,20260713,1,9,6,2,62.9,63.1,8.6,Resolved
3533,20260630,4,8,7,1,50.2,50.8,8.2,Under Investigation
3534,20260528,1,8,5,3,74.2,82.6,9.0,Resolved
3535,20260723,1,1,5,4,66.9,62.9,10.1,Resolved
3536,20260629,2,2,2,4,62.6,58.0,11.8,Resolved
3537,20260626,4,1,2,3,19.9,17.0,9.9,Resolved
3538,20260715,1,1,2,1,43.6,43.7,16.2,Resolved
3539,20260717,4,9,3,2,100.0,90.3,11.3,Resolved
3540,20260505,1,2,6,4,55.8,60.2,12.3,Closed
3541,20260717,2,1,8,2,63.2,62.2,9.9,Resolved
3542,20260706,2,10,4,3,64.0,69.1,13.0,Under Investigation
3543,20260517,1,3,5,2,39.2,26.5,9.4,Resolved
3544,20260526,5,9,7,1,50.7,55.8,8.1,Closed
3545,20260705,2,10,6,3,37.9,45.9,12.7,Resolved
3546,20260518,3,6,3,3,43.2,45.8,9.8,Resolved
3547,20260608,3,10,3,3,48.8,49.0,10.7,Under Investigation
3548,20260630,3,10,6,1,73.1,78.3,12.9,Resolved
3549,20260626,3,2,3,4,62.0,69.6,10.4,Resolved
3550,20260719,4,2,2,2,78.6,81.7,9.6,Resolved
3551,20260509,3,4,5,4,54.6,58.2,16.4,Resolved
3552,20260525,3,6,6,3,67.3,77.2,13.2,Resolved
3553,20260726,3,8,3,2,60.6,65.2,9.0,Escalated
3554,20260619,3,2,1,3,44.0,39.2,9.8,Resolved
3555,20260521,2,2,7,3,61.1,68.7,10.9,Resolved
3556,20260525,3,4,4,2,50.8,50.1,18.8,Resolved
3557,20260529,2,3,6,3,54.8,55.0,13.0,Resolved
3558,20260617,4,10,2,1,52.5,53.1,9.8,Resolved
3559,20260524,5,4,3,5,73.8,79.6,22.1,Resolved
3560,20260623,5,9,5,2,74.6,85.1,9.3,Resolved
3561,20260608,4,1,1,1,45.6,45.7,11.1,Closed
3562,20260622,3,2,3,4,28.6,39.0,9.4,Resolved
3563,20260512,4,9,6,1,44.3,45.3,16.3,Resolved
3564,20260624,1,3,7,5,41.5,49.9,8.9,Under Investigation
3565,20260721,2,1,3,2,82.8,84.0,9.2,Resolved
3566,20260511,1,6,1,1,68.8,65.8,10.3,Resolved
3567,20260528,1,2,1,1,39.5,51.0,9.2,Closed
3568,20260630,5,1,5,1,45.0,41.5,10.9,Under Investigation
3569,20260623,4,5,6,1,32.8,28.9,13.7,Resolved
3570,20260628,3,6,5,1,57.0,49.5,10.4,Resolved
3571,20260618,1,6,4,2,54.3,61.9,10.6,Escalated
3572,20260629,3,6,1,2,67.5,76.5,9.3,Resolved
3573,20260622,2,1,2,2,62.5,64.7,8.5,Closed
3574,20260505,4,3,1,1,64.2,58.3,10.3,Resolved
3575,20260705,5,4,4,1,36.5,36.5,18.0,Resolved
3576,20260608,2,3,3,1,45.6,43.8,13.5,Resolved
3577,20260503,1,6,1,1,69.2,63.0,7.1,Under Investigation
3578,20260604,1,3,5,2,46.9,44.0,14.4,Escalated
3579,20260607,1,7,3,1,30.6,33.6,9.6,Under Investigation
3580,20260506,2,10,8,2,67.1,63.5,10.4,Resolved
3581,20260727,1,7,4,5,65.7,67.5,6.8,Escalated
3582,20260519,1,4,1,1,70.9,60.2,19.7,Closed
3583,20260528,1,5,6,1,54.7,64.8,7.1,Resolved
3584,20260607,1,6,6,3,50.8,48.5,11.1,Resolved
3585,20260712,3,8,8,2,84.8,90.0,10.8,Resolved
3586,20260704,1,4,6,1,39.5,40.6,17.0,Under Investigation
3587,20260707,4,1,3,4,82.5,84.9,3.8,Resolved
3588,20260520,1,8,6,3,45.4,38.6,16.5,Resolved
3589,20260714,1,7,7,5,68.1,63.5,6.8,Under Investigation
3590,20260712,1,2,5,5,66.9,62.5,10.8,Escalated
3591,20260609,3,7,7,3,48.6,48.8,7.8,Resolved
3592,20260617,1,1,8,3,43.6,51.6,13.1,Under Investigation
3593,20260502,3,7,7,2,49.5,52.1,8.9,Escalated
3594,20260706,1,8,5,4,45.1,39.7,7.7,Resolved
3595,20260724,5,1,4,3,100.0,100.0,11.8,Resolved
3596,20260610,1,8,7,2,47.8,47.3,6.2,Resolved
3597,20260616,2,2,7,1,72.4,70.3,8.8,Under Investigation
3598,20260612,4,3,3,3,70.4,70.3,12.1,Under Investigation
3599,20260506,1,8,1,2,60.4,65.0,14.5,Escalated
3600,20260623,1,4,7,4,53.0,48.7,15.1,Resolved
3601,20260702,4,10,2,1,60.6,58.5,8.2,Resolved
3602,20260721,1,10,8,4,78.9,84.8,11.1,Resolved
3603,20260721,1,10,1,1,71.8,74.6,4.0,Resolved
3604,20260612,2,2,8,3,31.5,39.2,14.1,Under Investigation
3605,20260724,1,2,6,2,45.1,53.7,7.0,Closed
3606,20260615,5,2,3,2,77.6,69.4,8.7,Resolved
3607,20260625,3,6,1,2,15.5,17.2,10.8,Under Investigation
3608,20260622,3,5,7,1,57.9,54.9,10.2,Resolved
3609,20260727,1,8,1,1,70.8,63.6,7.1,Under Investigation
3610,20260704,3,3,1,4,61.4,56.7,15.2,Under Investigation
3611,20260509,3,2,7,1,37.9,36.1,2.3,Escalated
3612,20260505,1,7,6,3,60.3,58.5,6.6,Closed
3613,20260604,4,7,2,3,58.1,54.5,8.1,Closed
3614,20260614,3,7,3,1,96.4,96.3,7.2,Resolved
3615,20260628,4,4,6,4,56.9,71.6,21.7,Closed
3616,20260611,1,6,6,4,75.2,64.8,5.0,Under Investigation
3617,20260614,1,10,3,4,32.5,39.3,14.7,Resolved
3618,20260720,3,7,4,4,85.0,84.9,9.2,Resolved
3619,20260529,4,10,1,3,58.4,55.8,5.9,Closed
3620,20260612,2,5,1,5,59.0,46.9,3.7,Closed
3621,20260618,1,1,8,1,59.3,63.9,9.4,Resolved
3622,20260610,4,8,2,1,80.6,72.0,7.9,Resolved
3623,20260725,1,5,8,3,76.8,81.8,10.7,Resolved
3624,20260724,2,1,1,1,60.6,71.0,8.6,Resolved
3625,20260614,3,2,8,3,45.8,38.1,12.9,Escalated
3626,20260608,1,4,4,2,67.3,74.3,17.6,Resolved
3627,20260621,1,2,7,2,61.7,61.9,8.7,Under Investigation
3628,20260515,1,7,7,4,32.0,19.4,12.9,Resolved
3629,20260606,5,7,3,1,62.7,55.5,10.7,Under Investigation
3630,20260518,2,4,6,1,38.8,39.9,20.3,Escalated
3631,20260511,3,1,3,3,61.6,64.0,13.4,Closed
3632,20260507,5,1,7,4,42.9,33.4,9.1,Resolved
3633,20260620,3,10,8,4,50.8,51.0,10.1,Resolved
3634,20260429,3,4,7,1,46.8,51.7,20.5,Resolved
3635,20260626,3,2,6,4,77.8,83.8,2.6,Closed
3636,20260606,2,8,3,3,61.0,58.5,9.7,Closed
3637,20260531,3,9,1,4,73.9,76.5,9.3,Resolved
3638,20260707,5,2,5,1,100.0,100.0,11.1,Resolved
3639,20260616,4,10,2,2,55.7,60.8,7.6,Under Investigation
3640,20260704,2,8,5,2,81.5,86.8,13.3,Escalated
3641,20260701,2,3,7,3,46.5,47.2,7.8,Under Investigation
3642,20260501,4,8,1,1,73.8,73.2,8.6,Resolved
3643,20260518,1,5,8,2,42.9,44.5,8.0,Closed
3644,20260619,4,7,5,3,54.7,50.1,13.7,Resolved
3645,20260725,1,2,1,2,81.1,87.8,3.7,Under Investigation
3646,20260512,3,3,6,2,65.4,56.2,15.4,Resolved
3647,20260508,4,8,1,1,35.9,32.9,14.4,Resolved
3648,20260722,2,9,5,4,58.0,57.8,8.3,Resolved
3649,20260725,1,1,5,3,82.2,85.0,13.1,Resolved
3650,20260514,4,3,6,3,49.5,53.4,10.4,Closed
3651,20260604,2,7,4,5,34.0,42.9,15.0,Under Investigation
3652,20260624,2,10,1,3,53.9,54.4,12.9,Closed
3653,20260516,3,7,4,1,53.2,48.9,16.6,Under Investigation
3654,20260528,2,8,7,3,57.7,56.8,5.3,Resolved
3655,20260603,3,4,8,5,62.9,61.0,18.6,Under Investigation
3656,20260625,1,1,2,1,62.0,65.1,4.8,Under Investigation
3657,20260526,2,8,3,3,43.5,37.1,8.4,Closed
3658,20260605,4,8,8,1,48.8,47.7,16.7,Resolved
3659,20260525,1,5,3,4,68.9,78.6,11.4,Resolved
3660,20260706,2,6,2,3,52.2,53.3,13.0,Under Investigation
3661,20260512,3,3,7,5,49.1,42.8,11.5,Escalated
3662,20260519,4,5,4,3,32.4,30.4,11.4,Resolved
3663,20260521,3,3,5,1,54.6,41.2,8.4,Resolved
3664,20260719,4,5,4,2,74.2,73.8,7.9,Resolved
3665,20260723,1,2,5,5,42.0,51.9,8.4,Escalated
3666,20260613,2,7,3,1,38.9,31.8,2.0,Resolved
3667,20260513,5,3,6,1,33.7,25.0,9.8,Under Investigation
3668,20260706,4,8,3,3,72.2,68.3,10.7,Resolved
3669,20260612,3,6,5,2,26.3,31.8,8.1,Resolved
3670,20260714,2,9,2,1,64.5,74.7,9.6,Resolved
3671,20260531,2,3,1,1,65.8,68.5,11.6,Resolved
3672,20260727,1,3,5,2,77.2,69.5,12.7,Resolved
3673,20260710,4,3,2,3,56.4,56.3,6.4,Under Investigation
3674,20260519,4,7,8,2,60.2,70.9,7.6,Resolved
3675,20260703,2,2,8,2,73.9,72.0,12.3,Resolved
3676,20260524,1,7,3,4,53.4,54.2,11.8,Under Investigation
3677,20260530,2,9,3,1,21.4,22.8,14.0,Resolved
3678,20260521,1,7,5,3,72.2,62.9,13.9,Resolved
3679,20260629,3,2,2,2,61.7,67.7,17.2,Escalated
3680,20260522,3,5,7,2,54.5,59.6,9.1,Resolved
3681,20260625,1,6,1,3,25.3,13.3,14.7,Resolved
3682,20260620,3,4,4,3,50.5,42.5,15.2,Resolved
3683,20260705,5,5,2,5,46.5,40.7,17.2,Resolved
3684,20260727,1,8,7,1,56.1,60.6,11.4,Resolved
3685,20260429,2,9,2,1,53.0,48.5,11.6,Closed
3686,20260727,2,4,4,2,66.3,68.7,21.0,Resolved
3687,20260508,1,4,7,3,47.9,46.8,13.9,Under Investigation
3688,20260615,3,3,4,1,66.1,66.5,6.8,Escalated
3689,20260529,3,5,2,4,58.8,61.8,10.3,Resolved
3690,20260625,1,6,2,4,47.6,49.2,11.0,Resolved
3691,20260702,1,8,5,2,48.3,48.2,16.2,Resolved
3692,20260715,4,3,1,2,59.5,61.5,7.2,Resolved
3693,20260604,2,3,3,1,51.3,52.6,14.6,Closed
3694,20260721,3,1,5,2,79.1,77.8,9.2,Resolved
3695,20260528,3,1,4,3,39.4,36.8,9.2,Resolved
3696,20260517,4,1,7,4,76.9,88.2,9.5,Resolved
3697,20260602,3,3,6,2,63.8,61.1,9.1,Under Investigation
3698,20260615,4,7,2,1,13.9,22.1,11.5,Resolved
3699,20260628,3,8,7,1,56.3,52.2,8.8,Resolved
3700,20260712,2,10,8,1,79.9,84.8,5.8,Resolved
3701,20260519,2,6,2,5,60.8,71.5,9.2,Closed
3702,20260526,2,5,3,4,48.8,46.8,11.4,Resolved
3703,20260722,2,9,4,4,70.1,66.1,5.8,Resolved
3704,20260607,1,2,4,4,57.7,55.1,11.7,Escalated
3705,20260520,2,7,4,1,66.5,66.4,13.5,Escalated
3706,20260726,2,9,8,3,52.4,54.3,14.4,Resolved
3707,20260608,1,6,6,3,45.9,45.7,11.0,Closed
3708,20260726,1,3,8,1,98.2,95.7,4.6,Resolved
3709,20260720,4,7,3,2,70.2,81.9,11.9,Escalated
3710,20260719,3,10,5,3,91.9,90.7,12.9,Escalated
3711,20260620,4,3,1,4,99.8,96.1,7.9,Resolved
3712,20260709,3,6,3,1,55.0,60.0,9.8,Resolved
3713,20260724,4,1,5,4,54.4,59.5,11.5,Resolved
3714,20260523,4,3,2,5,51.0,59.5,15.4,Resolved
3715,20260502,1,8,8,5,71.5,83.1,9.2,Resolved
3716,20260527,5,5,3,1,73.6,75.7,12.7,Closed
3717,20260625,1,2,2,1,89.1,87.4,10.9,Resolved
3718,20260617,3,4,7,3,54.4,43.0,18.6,Resolved
3719,20260506,4,2,1,2,62.3,56.7,14.0,Resolved
3720,20260618,2,8,3,1,44.3,45.6,7.5,Resolved
3721,20260514,3,10,2,4,17.4,10.3,10.7,Resolved
3722,20260613,2,2,6,1,54.4,44.9,10.1,Closed
3723,20260619,1,3,7,2,37.7,38.1,5.5,Resolved
3724,20260625,1,9,2,5,64.7,69.4,13.7,Resolved
3725,20260605,1,9,4,2,26.8,25.3,12.5,Resolved
3726,20260604,1,8,4,5,43.9,49.3,10.1,Resolved
3727,20260629,3,8,6,2,59.7,63.4,9.2,Resolved
3728,20260705,3,9,3,2,65.3,72.2,10.0,Resolved
3729,20260710,2,4,5,1,62.3,75.3,20.1,Resolved
3730,20260529,3,9,5,2,83.0,98.7,10.2,Resolved
3731,20260606,1,9,1,2,78.5,82.9,8.0,Resolved
3732,20260528,1,3,5,4,44.7,41.9,8.4,Escalated
3733,20260615,4,1,5,5,79.1,79.5,10.0,Escalated
3734,20260510,5,6,8,1,81.4,90.8,7.2,Resolved
3735,20260606,2,8,5,1,53.1,47.7,11.0,Under Investigation
3736,20260515,1,9,8,3,55.7,64.4,7.6,Resolved
3737,20260615,4,2,3,2,54.2,53.2,7.1,Resolved
3738,20260714,4,4,6,1,56.0,57.4,27.6,Under Investigation
3739,20260726,2,8,8,1,65.5,60.7,15.8,Under Investigation
3740,20260608,1,1,2,1,74.8,66.9,10.4,Resolved
3741,20260504,1,8,5,2,61.6,59.9,12.6,Resolved
3742,20260519,3,3,8,1,46.7,54.5,13.1,Resolved
3743,20260508,5,1,5,3,41.1,36.9,9.8,Resolved
3744,20260706,3,3,8,2,49.0,58.7,10.8,Resolved
3745,20260726,2,8,4,2,71.2,67.8,9.2,Escalated
3746,20260617,3,9,8,2,68.7,62.3,13.8,Resolved
3747,20260514,4,1,6,1,42.1,43.6,13.8,Under Investigation
3748,20260430,2,5,4,4,68.5,72.6,14.7,Closed
3749,20260725,4,3,2,3,76.0,77.1,10.8,Resolved
3750,20260527,2,7,2,4,57.1,58.0,16.5,Resolved
3751,20260509,2,8,3,2,70.4,80.0,9.8,Resolved
3752,20260514,3,10,7,2,67.7,68.3,16.1,Under Investigation
3753,20260521,2,4,4,1,33.9,31.1,16.6,Closed
3754,20260627,5,3,4,3,38.7,31.9,6.1,Closed
3755,20260718,3,4,4,3,64.9,72.5,24.1,Resolved
3756,20260523,2,8,3,2,60.3,57.7,12.0,Escalated
3757,20260629,2,5,7,1,76.1,74.1,11.6,Resolved
3758,20260504,3,1,4,1,56.0,62.3,8.9,Escalated
3759,20260429,2,10,4,1,80.6,92.9,7.5,Closed
3760,20260503,3,2,5,2,44.4,45.9,7.7,Under Investigation
3761,20260721,2,10,6,3,62.3,61.5,10.4,Resolved
3762,20260620,2,2,3,5,50.4,50.4,9.5,Resolved
3763,20260710,3,6,1,1,50.7,48.0,4.2,Escalated
3764,20260430,1,4,6,1,72.4,70.3,23.1,Resolved
3765,20260501,3,7,5,1,13.5,11.4,8.7,Resolved
3766,20260714,3,5,6,1,58.1,63.6,13.7,Under Investigation
3767,20260508,2,4,5,3,72.2,71.7,15.9,Escalated
3768,20260512,3,5,5,1,50.3,58.5,10.5,Escalated
3769,20260614,4,10,8,5,71.1,70.4,12.9,Resolved
3770,20260622,4,3,1,4,88.0,85.8,12.5,Under Investigation
3771,20260519,2,3,1,2,56.2,63.9,9.2,Escalated
3772,20260608,2,1,8,5,72.5,72.6,11.5,Resolved
3773,20260628,3,8,8,3,91.3,90.5,12.0,Resolved
3774,20260607,3,7,4,5,61.0,61.2,9.6,Under Investigation
3775,20260602,3,7,5,1,54.3,63.1,6.7,Resolved
3776,20260505,3,1,4,5,68.5,70.3,8.1,Resolved
3777,20260608,4,8,8,1,72.8,80.3,8.9,Resolved
3778,20260710,1,9,4,2,62.4,61.0,10.1,Escalated
3779,20260624,3,10,7,5,47.7,54.2,14.8,Resolved
3780,20260718,1,10,3,2,94.1,95.5,12.7,Resolved
3781,20260510,2,3,4,1,50.9,56.2,7.6,Resolved
3782,20260429,3,8,6,1,72.9,78.7,15.5,Resolved
3783,20260617,2,5,4,1,58.9,53.3,9.8,Resolved
3784,20260515,2,6,1,2,82.4,82.8,12.0,Resolved
3785,20260621,4,4,2,2,42.3,48.0,15.2,Resolved
3786,20260719,4,7,7,3,56.2,62.9,8.6,Resolved
3787,20260529,3,10,3,4,67.8,75.3,13.1,Resolved
3788,20260617,5,7,1,1,38.0,38.6,7.4,Resolved
3789,20260629,2,10,8,4,57.4,66.6,10.2,Resolved
3790,20260512,4,10,8,3,78.2,74.3,11.4,Resolved
3791,20260718,1,2,4,4,41.6,32.6,6.9,Resolved
3792,20260517,1,10,6,4,61.0,59.3,4.7,Resolved
3793,20260710,2,9,7,5,81.2,88.4,12.7,Resolved
3794,20260627,1,5,1,1,54.6,48.1,18.6,Resolved
3795,20260511,3,7,3,3,41.1,32.3,11.4,Resolved
3796,20260703,1,7,5,5,54.4,44.1,12.0,Closed
3797,20260516,3,8,5,3,42.4,46.8,7.3,Resolved
3798,20260621,1,9,3,1,56.0,47.3,14.4,Under Investigation
3799,20260724,1,2,1,3,68.2,71.5,8.9,Resolved
3800,20260723,5,1,8,4,64.0,62.0,13.5,Resolved
3801,20260716,3,3,5,1,84.5,79.9,11.8,Resolved
3802,20260612,5,6,7,3,78.7,72.7,11.9,Resolved
3803,20260618,2,9,4,4,59.9,61.1,11.8,Under Investigation
3804,20260526,1,7,5,2,75.2,70.7,11.7,Resolved
3805,20260720,3,2,4,1,93.3,93.3,10.9,Escalated
3806,20260610,3,8,4,3,46.2,48.6,12.9,Under Investigation
3807,20260707,1,5,6,3,65.1,68.8,7.8,Under Investigation
3808,20260531,4,4,8,2,48.6,54.2,17.3,Resolved
3809,20260704,3,8,7,3,36.8,37.8,14.4,Resolved
3810,20260519,4,3,6,2,60.3,54.0,10.5,Under Investigation
3811,20260704,2,7,1,4,43.2,46.0,9.0,Resolved
3812,20260503,3,2,5,4,62.3,66.2,13.1,Under Investigation
3813,20260508,1,4,8,4,31.7,30.6,20.5,Resolved
3814,20260530,5,6,4,2,57.6,55.9,6.1,Under Investigation
3815,20260611,2,7,5,1,31.4,46.3,12.2,Under Investigation
3816,20260702,1,10,3,3,67.8,60.0,10.4,Resolved
3817,20260531,1,3,2,1,49.1,52.1,12.1,Closed
3818,20260430,3,9,6,2,47.7,54.0,10.0,Under Investigation
3819,20260528,5,9,3,1,71.9,69.9,11.4,Resolved
3820,20260607,4,4,5,2,50.2,49.2,12.5,Resolved
3821,20260616,3,2,5,3,56.7,54.3,7.3,Under Investigation
3822,20260625,5,3,7,2,52.0,52.0,12.2,Under Investigation
3823,20260521,3,7,8,2,62.6,68.0,17.9,Closed
3824,20260622,2,8,5,1,70.6,69.4,11.1,Under Investigation
3825,20260624,3,7,1,2,67.5,86.2,7.9,Resolved
3826,20260707,1,8,5,2,54.0,51.3,10.4,Resolved
3827,20260614,1,2,8,4,73.1,81.4,7.3,Resolved
3828,20260710,2,6,4,4,49.3,52.6,13.7,Resolved
3829,20260518,1,9,5,5,43.9,44.6,10.1,Closed
3830,20260702,5,4,7,1,55.7,64.5,21.2,Under Investigation
3831,20260503,5,9,4,1,70.7,61.1,9.5,Closed
3832,20260508,2,2,4,2,37.4,40.0,13.4,Escalated
3833,20260715,3,10,4,3,79.7,75.4,5.1,Under Investigation
3834,20260610,2,8,7,3,54.2,51.6,10.1,Under Investigation
3835,20260623,1,7,4,4,48.5,45.6,11.6,Under Investigation
3836,20260622,2,7,3,2,71.5,65.7,9.2,Resolved
3837,20260630,1,10,5,3,44.3,34.4,11.1,Escalated
3838,20260521,2,4,6,5,89.3,91.6,19.0,Resolved
3839,20260515,1,2,8,1,52.4,52.0,13.1,Closed
3840,20260502,1,10,8,4,57.2,55.4,11.9,Under Investigation
3841,20260715,1,2,7,3,89.5,94.1,11.2,Resolved
3842,20260519,5,7,7,1,57.6,60.3,12.6,Resolved
3843,20260619,1,3,4,5,72.8,71.2,5.9,Resolved
3844,20260608,2,10,3,4,25.7,44.0,7.7,Under Investigation
3845,20260513,3,10,5,4,48.4,54.5,5.8,Resolved
3846,20260605,2,5,6,1,61.0,75.7,11.6,Resolved
3847,20260506,3,6,5,1,71.2,68.7,11.2,Resolved
3848,20260514,1,5,2,3,66.5,68.0,14.2,Resolved
3849,20260511,3,5,1,1,65.1,57.7,11.1,Closed
3850,20260712,3,10,1,1,80.2,78.2,8.1,Under Investigation
3851,20260619,3,3,4,2,62.1,58.6,10.4,Resolved
3852,20260721,3,10,7,1,38.2,56.2,4.4,Closed
3853,20260607,2,7,7,3,76.6,72.4,8.8,Resolved
3854,20260517,2,10,7,3,42.4,41.0,3.0,Closed
3855,20260622,1,7,6,1,59.7,51.0,11.0,Closed
3856,20260721,3,9,1,3,73.0,76.2,9.2,Under Investigation
3857,20260615,1,5,8,1,55.7,50.3,9.6,Resolved
3858,20260430,2,5,8,1,38.4,43.9,7.2,Escalated
3859,20260526,3,3,7,2,25.9,15.2,8.0,Resolved
3860,20260721,1,3,4,2,55.3,54.6,12.1,Resolved
3861,20260614,1,1,2,2,67.4,56.3,5.7,Resolved
3862,20260723,3,4,8,3,50.0,47.1,19.5,Resolved
3863,20260613,2,10,2,2,41.8,40.1,7.6,Resolved
3864,20260430,4,10,7,3,61.3,57.7,5.0,Closed
3865,20260716,5,7,8,2,62.1,59.1,13.7,Resolved
3866,20260706,5,4,8,3,52.2,58.0,22.0,Resolved
3867,20260702,2,6,5,3,58.9,71.9,8.4,Resolved
3868,20260725,1,8,7,1,77.2,79.2,8.4,Resolved
3869,20260516,3,1,7,3,39.3,34.1,9.2,Escalated
3870,20260719,3,10,8,4,71.1,71.5,7.6,Escalated
3871,20260519,3,9,3,1,61.0,58.9,8.1,Under Investigation
3872,20260725,2,10,6,3,53.9,59.2,11.4,Under Investigation
3873,20260516,1,1,7,4,58.2,59.9,16.2,Escalated
3874,20260617,1,10,2,1,44.3,34.8,8.9,Resolved
3875,20260709,1,7,2,5,64.2,70.8,13.1,Resolved
3876,20260506,1,6,4,2,65.8,71.6,11.1,Resolved
3877,20260505,5,2,3,3,52.4,61.4,5.0,Resolved
3878,20260714,1,5,7,4,79.4,76.3,9.9,Closed
3879,20260504,3,4,8,5,66.9,68.7,17.5,Escalated
3880,20260623,5,10,2,3,68.6,61.5,14.4,Resolved
3881,20260722,2,4,3,3,77.0,76.7,22.5,Resolved
3882,20260623,3,3,8,1,71.5,73.9,11.1,Under Investigation
3883,20260611,3,10,5,1,60.8,57.0,13.6,Closed
3884,20260605,2,2,2,4,30.0,32.1,9.6,Closed
3885,20260625,2,10,5,2,43.1,44.1,13.4,Under Investigation
3886,20260619,4,10,8,4,51.8,49.1,10.3,Under Investigation
3887,20260613,4,4,3,1,53.7,62.1,21.3,Resolved
3888,20260512,4,7,4,1,60.4,59.0,13.6,Resolved
3889,20260627,5,8,5,1,42.9,43.7,12.1,Resolved
3890,20260704,2,6,7,2,89.1,80.3,7.8,Under Investigation
3891,20260701,4,7,5,1,55.5,58.6,8.7,Closed
3892,20260505,3,2,8,2,54.9,52.0,12.3,Closed
3893,20260701,3,6,7,5,46.9,52.6,12.7,Resolved
3894,20260703,3,6,4,4,43.3,35.4,10.5,Resolved
3895,20260515,4,6,4,4,53.1,55.7,9.1,Resolved
3896,20260714,4,10,6,1,66.1,53.0,10.6,Resolved
3897,20260615,2,9,1,2,53.7,57.4,9.2,Escalated
3898,20260610,3,7,2,3,79.8,78.8,9.2,Escalated
3899,20260703,1,5,2,1,56.4,58.8,15.9,Closed
3900,20260613,3,5,7,2,53.7,50.1,8.6,Resolved
3901,20260617,4,1,7,5,67.2,61.5,11.5,Under Investigation
3902,20260527,4,6,7,1,52.4,49.8,10.5,Closed
3903,20260721,2,3,1,5,78.4,79.6,6.3,Under Investigation
3904,20260725,3,9,3,1,53.8,57.3,6.2,Resolved
3905,20260510,2,8,3,1,35.9,37.7,9.8,Resolved
3906,20260703,1,10,1,1,60.2,54.6,4.1,Resolved
3907,20260501,1,10,3,5,51.5,62.5,15.5,Resolved
3908,20260601,5,5,4,3,42.9,44.9,8.9,Resolved
3909,20260725,2,5,8,4,74.8,71.1,8.7,Under Investigation
3910,20260514,5,7,2,2,58.1,60.6,13.7,Resolved
3911,20260601,1,5,7,4,44.4,45.9,9.6,Resolved
3912,20260518,3,3,7,3,47.2,46.1,12.0,Resolved
3913,20260703,3,8,2,3,61.6,59.8,8.3,Escalated
3914,20260609,3,5,3,4,39.7,45.6,10.1,Resolved
3915,20260621,3,10,4,4,45.9,56.3,12.9,Resolved
3916,20260722,3,3,8,3,79.0,66.8,7.4,Under Investigation
3917,20260614,5,5,7,1,54.6,62.0,11.6,Resolved
3918,20260704,3,6,8,4,51.8,51.9,2.8,Resolved
3919,20260507,1,10,3,1,41.5,42.9,13.8,Escalated
3920,20260518,1,6,8,5,39.8,47.9,8.3,Resolved
3921,20260723,3,1,8,2,69.7,53.8,9.7,Resolved
3922,20260715,2,4,5,1,96.7,100.0,17.7,Under Investigation
3923,20260627,3,9,2,2,63.5,71.2,7.1,Resolved
3924,20260602,3,3,3,3,35.0,30.9,6.8,Resolved
3925,20260516,2,4,2,2,65.6,57.2,19.6,Resolved
3926,20260714,4,2,7,4,54.3,64.1,11.7,Resolved
3927,20260708,3,8,3,3,61.6,51.1,7.3,Resolved
3928,20260520,3,2,6,1,46.2,48.7,11.6,Resolved
3929,20260621,3,4,3,2,85.3,91.4,19.7,Resolved
3930,20260623,4,8,8,4,38.0,40.4,8.9,Escalated
3931,20260610,3,9,7,4,59.7,63.1,6.1,Under Investigation
3932,20260721,5,3,4,2,60.1,58.5,9.9,Closed
3933,20260510,1,4,4,5,66.1,68.9,19.1,Resolved
3934,20260522,3,2,1,1,59.4,55.1,9.8,Resolved
3935,20260507,3,5,2,3,73.8,70.3,8.2,Resolved
3936,20260630,2,10,8,4,67.1,67.3,11.4,Resolved
3937,20260625,1,4,7,2,44.6,35.4,21.8,Resolved
3938,20260726,3,3,7,1,100.0,100.0,7.7,Resolved
3939,20260616,2,4,6,3,63.3,48.4,17.1,Under Investigation
3940,20260512,5,9,2,2,46.7,48.9,18.2,Resolved
3941,20260608,2,6,1,1,58.1,60.8,10.9,Resolved
3942,20260506,1,7,6,1,64.5,59.7,6.2,Escalated
3943,20260628,3,8,3,4,63.9,56.5,8.6,Resolved
3944,20260628,2,8,1,1,62.4,60.0,7.7,Closed
3945,20260715,1,6,1,2,80.8,84.6,11.1,Escalated
3946,20260529,3,6,5,5,68.0,70.1,10.9,Resolved
3947,20260526,3,6,7,4,42.3,35.6,8.1,Resolved
3948,20260505,1,2,3,3,86.6,87.2,15.6,Closed
3949,20260605,3,5,8,2,84.5,86.1,10.3,Escalated
3950,20260610,3,9,4,1,67.0,68.3,8.6,Closed
3951,20260705,4,1,6,2,60.2,54.3,6.3,Resolved
3952,20260705,2,9,2,1,60.5,61.4,7.3,Under Investigation
3953,20260511,1,6,5,1,50.1,55.6,6.3,Resolved
3954,20260524,5,4,3,1,52.1,55.3,17.4,Resolved
3955,20260614,3,2,7,3,22.2,24.7,7.3,Resolved
3956,20260529,1,8,4,1,78.0,87.9,12.4,Under Investigation
3957,20260501,4,1,1,1,72.7,73.7,8.2,Resolved
3958,20260714,1,6,2,4,40.5,35.4,12.5,Escalated
3959,20260703,4,2,3,1,71.7,66.7,11.5,Resolved
3960,20260614,3,10,4,3,54.9,56.0,11.9,Closed
3961,20260527,5,2,3,2,52.0,43.4,12.7,Resolved
3962,20260713,5,9,5,3,72.4,70.5,16.0,Closed
3963,20260502,1,6,8,1,28.9,31.7,7.5,Under Investigation
3964,20260608,4,1,6,1,54.8,61.8,12.5,Resolved
3965,20260710,2,8,3,4,64.2,54.9,11.2,Escalated
3966,20260723,3,9,6,2,72.9,73.5,13.2,Under Investigation
3967,20260521,3,3,8,1,34.5,34.1,10.3,Resolved
3968,20260626,1,10,2,2,61.7,61.9,13.5,Resolved
3969,20260516,1,8,2,2,70.9,71.7,6.1,Closed
3970,20260509,1,8,1,1,61.1,60.9,7.0,Closed
3971,20260530,1,4,7,3,51.6,60.0,16.3,Under Investigation
3972,20260717,1,2,7,2,100.0,100.0,9.8,Resolved
3973,20260630,5,5,4,3,42.5,55.4,10.1,Resolved
3974,20260612,3,9,7,4,66.6,66.5,7.8,Resolved
3975,20260524,4,6,6,2,58.6,56.1,7.0,Under Investigation
3976,20260511,4,7,8,4,85.2,79.4,8.0,Resolved
3977,20260523,3,8,8,2,60.8,57.7,4.9,Resolved
3978,20260512,2,4,8,2,64.0,68.3,17.1,Escalated
3979,20260515,4,1,4,3,62.6,67.8,9.8,Closed
3980,20260629,4,9,6,3,39.8,43.9,11.3,Resolved
3981,20260510,4,7,2,1,42.0,38.0,10.5,Resolved
3982,20260503,5,6,8,5,50.9,46.9,15.4,Resolved
3983,20260616,3,6,3,5,69.4,81.1,12.4,Resolved
3984,20260524,3,9,4,1,58.5,53.5,12.2,Resolved
3985,20260608,4,8,5,3,51.9,60.4,11.1,Resolved
3986,20260511,2,7,7,4,75.6,78.0,11.6,Resolved
3987,20260517,4,8,6,5,25.3,20.9,9.3,Escalated
3988,20260607,1,3,8,3,35.6,28.5,10.3,Resolved
3989,20260630,1,8,6,1,18.9,14.8,15.8,Under Investigation
3990,20260605,3,10,7,3,73.1,75.6,9.8,Resolved
3991,20260616,1,3,5,1,53.5,48.0,6.0,Under Investigation
3992,20260614,5,6,4,3,69.5,78.8,12.1,Under Investigation
3993,20260523,1,7,8,3,53.4,52.2,12.6,Escalated
3994,20260524,3,6,4,3,70.3,74.5,10.5,Resolved
3995,20260606,1,10,5,1,53.1,56.8,4.4,Under Investigation
3996,20260501,5,5,3,2,61.1,70.8,13.9,Closed
3997,20260629,2,3,4,3,59.6,57.0,10.7,Resolved
3998,20260623,1,2,3,2,60.1,60.7,9.1,Resolved
3999,20260526,1,9,3,1,80.3,71.9,13.6,Resolved
4000,20260601,3,7,7,1,30.6,31.2,3.9,Closed
4001,20260528,5,6,7,4,54.0,60.8,10.3,Resolved
4002,20260626,5,5,6,2,58.0,59.3,8.4,Resolved
4003,20260706,2,5,1,3,61.1,75.0,14.5,Closed
4004,20260508,2,10,2,2,49.0,52.1,10.7,Resolved
4005,20260605,1,7,2,4,47.0,43.8,7.4,Resolved
4006,20260430,3,10,6,2,78.0,80.7,13.4,Under Investigation
4007,20260608,3,9,8,1,53.9,45.1,2.6,Resolved
4008,20260521,1,8,4,1,91.6,86.8,11.5,Resolved
4009,20260529,3,6,3,1,62.9,55.6,6.2,Resolved
4010,20260609,4,3,5,4,50.7,50.8,8.6,Under Investigation
4011,20260528,1,7,8,3,63.3,62.9,9.3,Under Investigation
4012,20260603,1,8,3,4,56.6,63.8,12.7,Resolved
4013,20260706,1,6,3,3,80.5,79.9,16.6,Resolved
4014,20260710,1,1,5,4,45.5,39.5,4.7,Closed
4015,20260429,1,10,8,5,28.0,37.4,11.3,Resolved
4016,20260602,3,9,6,3,60.4,42.7,16.6,Closed
4017,20260714,1,4,5,1,78.2,78.4,16.3,Closed
4018,20260615,3,5,6,1,59.3,60.6,8.1,Resolved
4019,20260517,4,2,1,3,65.1,65.0,10.7,Under Investigation
4020,20260621,5,10,7,4,62.9,65.9,12.5,Escalated
4021,20260512,3,3,1,3,32.8,33.5,12.0,Under Investigation
4022,20260430,1,4,4,2,59.2,62.2,16.9,Escalated
4023,20260624,1,5,3,3,74.8,71.2,7.6,Resolved
4024,20260614,1,3,6,2,57.6,48.8,13.9,Closed
4025,20260706,5,7,2,1,40.7,40.4,7.7,Resolved
4026,20260530,5,10,2,4,50.0,43.8,4.3,Under Investigation
4027,20260714,2,9,8,3,74.0,69.6,5.6,Closed
4028,20260605,2,6,4,1,81.9,88.9,8.3,Resolved
4029,20260704,3,2,6,2,29.7,39.0,14.5,Under Investigation
4030,20260508,1,9,5,3,60.4,67.3,6.4,Under Investigation
4031,20260507,5,3,5,2,41.0,46.7,14.6,Closed
4032,20260708,1,10,6,1,69.3,69.7,13.9,Resolved
4033,20260713,2,4,6,3,73.8,79.9,18.7,Under Investigation
4034,20260722,2,6,8,3,67.5,69.6,2.4,Resolved
4035,20260528,1,5,7,1,64.5,76.2,6.4,Resolved
4036,20260501,2,5,3,2,72.1,66.6,8.1,Resolved
4037,20260726,4,2,2,3,71.2,75.2,15.2,Resolved
4038,20260622,1,6,7,2,34.9,27.3,8.3,Resolved
4039,20260521,3,5,3,2,76.4,80.5,7.7,Resolved
4040,20260706,2,9,3,2,72.8,62.5,10.6,Resolved
4041,20260719,1,5,1,2,77.5,70.2,5.8,Resolved
4042,20260524,1,10,5,4,44.6,36.9,9.9,Closed
4043,20260707,1,3,5,2,75.8,77.3,7.6,Resolved
4044,20260708,1,4,7,5,92.3,94.4,26.1,Resolved
4045,20260613,2,1,6,2,53.2,67.9,7.2,Escalated
4046,20260624,4,8,6,3,56.4,55.9,15.8,Closed
4047,20260523,3,1,5,3,39.0,43.6,6.6,Under Investigation
4048,20260721,5,3,7,4,59.5,60.5,10.8,Resolved
4049,20260726,2,10,8,4,57.5,61.6,11.5,Resolved
4050,20260726,3,7,7,2,75.6,76.5,10.4,Resolved
4051,20260704,3,6,3,2,53.9,60.5,10.2,Escalated
4052,20260502,1,9,3,5,60.6,54.3,12.6,Resolved
4053,20260531,2,8,1,5,41.6,26.9,11.3,Resolved
4054,20260608,3,9,8,5,52.5,55.0,9.5,Resolved
4055,20260724,4,7,6,1,58.0,47.2,8.0,Resolved
4056,20260617,2,5,8,1,57.8,65.7,9.5,Resolved
4057,20260616,1,2,7,2,30.5,27.2,9.5,Resolved
4058,20260512,5,4,4,3,57.3,51.1,17.4,Resolved
4059,20260709,1,8,2,1,58.2,74.4,10.2,Resolved
4060,20260529,5,3,1,2,57.7,57.6,5.8,Resolved
4061,20260507,4,7,7,3,30.2,28.9,6.9,Resolved
4062,20260726,4,2,3,1,83.5,88.0,12.5,Under Investigation
4063,20260516,4,1,4,3,50.5,55.4,3.2,Resolved
4064,20260430,1,4,7,1,58.3,65.1,21.6,Resolved
4065,20260506,3,3,4,4,26.9,18.9,8.3,Under Investigation
4066,20260608,4,9,8,2,36.4,39.6,15.0,Resolved
4067,20260508,4,4,5,3,49.1,47.3,21.7,Resolved
4068,20260713,1,5,7,3,85.6,80.1,9.0,Resolved
4069,20260614,1,5,2,1,62.9,63.2,9.3,Closed
4070,20260528,2,4,4,2,56.9,46.0,22.8,Resolved
4071,20260429,2,10,2,4,41.1,46.6,13.8,Resolved
4072,20260611,3,8,1,3,38.4,36.7,12.9,Resolved
4073,20260512,4,2,8,1,59.1,56.2,13.4,Under Investigation
4074,20260726,4,3,5,3,84.2,83.4,6.7,Resolved
4075,20260525,3,1,3,1,58.1,57.1,10.6,Under Investigation
4076,20260610,1,3,4,2,80.6,87.4,7.7,Resolved
4077,20260430,2,7,2,2,44.8,38.2,6.7,Resolved
4078,20260510,2,10,1,2,57.7,55.4,10.5,Under Investigation
4079,20260517,1,5,8,1,29.6,28.3,8.8,Resolved
4080,20260503,1,1,1,1,58.2,51.8,9.5,Resolved
4081,20260703,2,1,4,1,80.4,81.4,8.5,Escalated
4082,20260723,1,5,2,2,56.0,51.7,6.2,Closed
4083,20260726,3,3,8,3,86.3,77.9,15.1,Resolved
4084,20260522,1,6,2,3,76.6,79.8,10.5,Under Investigation
4085,20260708,1,2,4,1,51.3,60.6,5.7,Resolved
4086,20260613,1,3,7,1,62.0,62.3,10.5,Under Investigation
4087,20260503,3,6,5,3,78.7,78.1,14.6,Under Investigation
4088,20260507,3,3,4,2,58.5,57.8,12.9,Under Investigation
4089,20260617,2,4,5,4,66.8,63.7,16.4,Resolved
4090,20260606,1,3,4,1,28.4,35.4,8.5,Resolved
4091,20260429,5,1,3,1,64.0,64.6,7.1,Resolved
4092,20260721,3,4,5,2,78.1,65.0,15.8,Under Investigation
4093,20260703,3,4,3,3,38.4,45.6,16.0,Under Investigation
4094,20260613,3,9,8,2,40.5,46.2,5.6,Resolved
4095,20260726,4,9,4,1,82.7,86.3,8.7,Resolved
4096,20260725,4,5,7,1,68.5,52.0,11.0,Under Investigation
4097,20260725,2,3,2,3,89.7,89.7,8.8,Resolved
4098,20260522,3,5,6,1,59.7,65.1,10.7,Closed
4099,20260717,1,7,5,3,79.0,81.3,14.9,Resolved
4100,20260613,3,4,6,1,52.4,53.6,23.5,Escalated
4101,20260703,2,8,4,2,62.7,68.1,9.8,Resolved
4102,20260715,1,10,6,1,78.4,79.2,12.6,Resolved
4103,20260513,5,5,1,5,63.0,70.2,9.5,Closed
4104,20260608,4,2,6,1,48.7,49.7,8.5,Under Investigation
4105,20260510,1,2,7,1,73.6,74.1,6.6,Resolved
4106,20260524,5,9,4,4,64.9,70.3,10.3,Closed
4107,20260605,2,5,1,1,60.8,58.4,13.3,Resolved
4108,20260714,2,4,5,1,67.0,60.4,14.2,Under Investigation
4109,20260715,4,7,7,1,73.8,73.8,9.1,Resolved
4110,20260603,2,10,4,3,27.5,31.0,9.0,Closed
4111,20260528,2,5,1,2,58.6,64.2,10.7,Closed
4112,20260615,3,4,4,4,79.6,85.2,18.8,Resolved
4113,20260720,1,9,8,4,73.0,72.6,11.6,Resolved
4114,20260725,2,1,3,2,74.3,73.3,15.7,Under Investigation
4115,20260519,2,9,5,1,46.1,42.5,7.4,Resolved
4116,20260515,3,6,3,4,62.4,63.9,7.2,Resolved
4117,20260701,1,1,6,4,54.1,44.3,10.7,Under Investigation
4118,20260526,1,3,4,4,74.6,74.7,14.4,Resolved
4119,20260516,3,7,4,1,42.0,59.1,5.6,Closed
4120,20260501,1,8,5,3,48.2,39.2,11.0,Under Investigation
4121,20260604,2,2,5,3,46.0,46.9,9.4,Resolved
4122,20260603,3,7,4,5,82.5,84.8,12.6,Resolved
4123,20260618,4,10,3,1,52.2,55.2,11.9,Escalated
4124,20260517,1,7,1,4,46.8,41.0,10.1,Resolved
4125,20260702,4,8,6,3,26.3,29.4,11.5,Closed
4126,20260629,3,2,3,4,42.0,38.8,8.0,Resolved
4127,20260609,2,7,5,3,62.9,54.3,12.4,Resolved
4128,20260515,4,8,4,4,62.9,68.6,14.2,Resolved
4129,20260613,3,2,7,2,45.2,49.2,10.3,Resolved
4130,20260628,3,4,6,1,46.1,40.3,16.8,Resolved
4131,20260601,3,9,4,2,82.9,79.6,9.6,Resolved
4132,20260522,3,10,3,4,95.4,91.9,12.4,Resolved
4133,20260613,5,2,6,1,72.2,62.3,9.9,Resolved
4134,20260530,3,8,1,3,78.4,83.0,6.4,Resolved
4135,20260604,4,6,1,5,81.6,86.4,12.9,Resolved
4136,20260530,4,6,1,4,88.2,86.2,7.1,Resolved
4137,20260526,4,6,3,3,50.5,50.3,11.3,Resolved
4138,20260702,5,9,4,4,44.5,45.2,4.4,Closed
4139,20260609,1,5,3,1,82.5,84.0,10.3,Resolved
4140,20260609,1,6,2,2,40.5,32.4,9.8,Resolved
4141,20260626,3,7,3,2,39.6,42.5,4.1,Closed
4142,20260531,2,6,4,4,39.9,32.8,11.0,Escalated
4143,20260508,3,9,3,1,53.0,57.1,6.7,Resolved
4144,20260714,4,3,5,1,35.9,29.5,10.3,Closed
4145,20260504,5,10,4,3,33.5,25.7,8.8,Closed
4146,20260619,2,7,8,2,45.7,45.5,5.6,Under Investigation
4147,20260522,3,10,8,4,37.1,36.8,6.9,Under Investigation
4148,20260518,1,4,6,2,70.9,71.5,15.1,Under Investigation
4149,20260502,3,5,5,4,55.1,49.7,12.9,Closed
4150,20260719,1,1,1,2,77.7,78.9,12.5,Resolved
4151,20260606,3,10,5,4,62.0,63.8,16.6,Escalated
4152,20260529,3,9,4,3,51.9,58.9,8.5,Resolved
4153,20260704,3,3,3,1,73.8,74.9,8.4,Under Investigation
4154,20260502,3,1,7,2,61.8,58.2,10.4,Closed
4155,20260618,2,7,1,4,50.2,42.1,8.9,Resolved
4156,20260612,1,7,3,1,29.7,20.5,8.3,Resolved
4157,20260617,1,6,7,3,62.8,64.7,10.2,Escalated
4158,20260510,5,2,8,1,36.1,40.9,12.1,Under Investigation
4159,20260723,5,10,5,4,77.4,72.1,3.7,Under Investigation
4160,20260520,2,5,5,1,56.2,57.7,8.3,Closed
4161,20260629,1,8,8,3,35.3,34.3,5.8,Resolved
4162,20260705,2,9,1,3,63.5,67.8,9.5,Under Investigation
4163,20260529,3,6,4,1,57.9,63.1,11.3,Under Investigation
4164,20260510,2,1,2,2,57.9,44.3,13.4,Resolved
4165,20260525,1,9,4,4,57.2,63.4,8.7,Resolved
4166,20260710,2,7,8,3,53.2,54.7,10.3,Under Investigation
4167,20260719,1,9,5,5,77.9,74.7,5.0,Under Investigation
4168,20260722,2,7,8,4,60.7,57.7,7.4,Under Investigation
4169,20260519,1,10,5,3,38.9,39.1,10.6,Resolved
4170,20260622,3,9,7,3,65.1,62.1,5.9,Under Investigation
4171,20260512,3,3,2,5,69.0,63.4,13.7,Resolved
4172,20260701,1,2,3,2,66.1,61.9,11.6,Resolved
4173,20260605,3,2,3,2,51.9,45.7,7.3,Under Investigation
4174,20260702,2,8,7,4,28.6,36.7,5.6,Under Investigation
4175,20260629,4,3,5,5,77.9,78.2,7.8,Escalated
4176,20260727,5,5,2,2,45.0,58.5,7.3,Resolved
4177,20260611,1,8,2,1,63.8,66.0,6.3,Escalated
4178,20260529,4,5,4,3,86.7,90.2,5.8,Closed
4179,20260615,3,1,2,4,57.2,50.8,9.3,Resolved
4180,20260513,3,4,6,2,59.4,58.1,20.2,Resolved
4181,20260509,2,1,7,4,60.7,61.1,7.9,Closed
4182,20260614,2,4,8,2,58.0,54.2,19.3,Resolved
4183,20260712,1,8,2,2,99.6,96.8,9.0,Under Investigation
4184,20260615,5,6,4,3,42.4,44.9,11.8,Under Investigation
4185,20260708,3,7,5,2,47.1,49.7,7.6,Resolved
4186,20260515,2,2,4,4,50.1,42.1,10.8,Closed
4187,20260608,3,8,4,1,81.1,82.8,10.4,Resolved
4188,20260623,1,5,2,4,46.3,49.6,14.1,Resolved
4189,20260530,1,3,1,2,61.5,58.0,11.7,Resolved
4190,20260430,3,7,4,5,71.1,66.9,10.8,Closed
4191,20260505,3,2,1,4,66.7,69.3,5.6,Resolved
4192,20260721,4,5,1,1,85.6,70.2,8.4,Under Investigation
4193,20260622,3,5,5,5,76.3,76.3,7.6,Resolved
4194,20260522,3,2,7,2,59.6,69.4,7.5,Resolved
4195,20260522,4,10,5,2,48.1,32.5,10.0,Resolved
4196,20260502,1,4,1,5,57.2,62.1,18.7,Resolved
4197,20260723,3,1,7,5,66.6,69.9,10.8,Resolved
4198,20260508,3,5,6,3,92.8,84.2,13.8,Resolved
4199,20260706,1,10,3,5,52.3,55.4,11.5,Resolved
4200,20260520,1,7,3,2,62.2,68.2,6.3,Resolved
4201,20260529,1,7,8,1,32.5,25.4,10.6,Under Investigation
4202,20260523,1,10,4,1,57.0,52.8,11.8,Resolved
4203,20260712,3,1,2,2,60.0,60.2,13.8,Resolved
4204,20260501,1,6,3,3,65.1,71.0,9.5,Resolved
4205,20260530,3,4,3,2,65.5,62.3,17.6,Closed
4206,20260524,1,7,4,3,76.3,76.0,13.2,Under Investigation
4207,20260523,1,9,3,1,75.1,71.1,10.5,Closed
4208,20260516,2,1,5,2,54.0,54.1,5.2,Resolved
4209,20260720,1,2,3,4,55.5,61.8,4.6,Escalated
4210,20260602,5,10,6,1,42.6,43.2,15.5,Resolved
4211,20260605,2,5,4,3,59.5,57.4,4.9,Under Investigation
4212,20260602,1,4,8,4,57.4,57.2,17.5,Resolved
4213,20260726,1,2,7,3,77.5,72.7,12.6,Under Investigation
4214,20260529,2,4,3,4,47.0,41.0,12.7,Closed
4215,20260529,3,1,1,5,76.6,83.8,6.8,Under Investigation
4216,20260528,4,3,5,1,32.9,42.7,6.3,Resolved
4217,20260528,2,2,3,3,46.1,35.4,15.4,Under Investigation
4218,20260507,3,1,8,1,38.8,42.3,16.1,Under Investigation
4219,20260622,2,10,4,2,51.9,57.1,7.8,Resolved
4220,20260501,4,8,3,3,73.7,66.4,11.7,Resolved
4221,20260519,3,10,3,3,50.7,47.9,10.9,Under Investigation
4222,20260517,1,3,7,4,56.5,53.0,9.2,Resolved
4223,20260525,3,3,1,3,65.0,76.4,5.1,Resolved
4224,20260706,4,3,8,4,55.3,65.2,16.9,Closed
4225,20260621,2,6,2,3,60.7,55.2,4.6,Closed
4226,20260727,5,2,7,1,78.1,69.3,10.6,Resolved
4227,20260530,4,3,5,1,38.0,42.6,8.1,Closed
4228,20260721,1,10,5,2,63.4,66.7,13.0,Closed
4229,20260503,4,4,2,3,60.3,67.8,20.5,Under Investigation
4230,20260613,3,8,6,1,74.2,67.8,7.1,Under Investigation
4231,20260709,3,3,6,2,81.6,85.9,7.6,Closed
4232,20260615,3,10,4,1,86.4,82.0,5.3,Under Investigation
4233,20260721,4,7,4,3,77.6,81.3,10.6,Resolved
4234,20260527,3,9,5,2,48.8,48.6,12.1,Resolved
4235,20260501,3,6,4,1,54.0,65.4,8.7,Resolved
4236,20260707,1,10,8,1,59.3,62.0,9.3,Resolved
4237,20260505,2,4,1,2,48.9,47.0,23.7,Resolved
4238,20260706,5,5,3,2,66.1,66.9,12.8,Resolved
4239,20260704,3,1,7,5,65.4,64.8,14.0,Resolved
4240,20260713,1,2,7,1,47.4,40.5,3.3,Resolved
4241,20260611,4,8,3,2,71.3,82.8,11.6,Closed
4242,20260718,4,4,5,3,40.8,50.4,18.8,Resolved
4243,20260514,3,2,1,3,51.7,50.6,6.2,Under Investigation
4244,20260607,1,3,2,2,72.2,76.4,6.9,Under Investigation
4245,20260509,3,4,8,1,64.1,76.4,17.3,Closed
4246,20260707,1,8,6,5,55.6,63.0,6.0,Resolved
4247,20260702,2,1,1,5,87.2,85.4,7.6,Resolved
4248,20260710,3,1,7,2,56.4,55.9,8.6,Under Investigation
4249,20260706,5,8,4,3,30.3,20.0,11.7,Under Investigation
4250,20260526,2,2,5,1,61.8,66.4,7.9,Escalated
4251,20260505,4,5,7,1,28.3,35.8,8.7,Resolved
4252,20260721,5,7,7,1,57.9,65.4,13.1,Resolved
4253,20260612,1,6,2,3,64.3,68.5,4.7,Resolved
4254,20260507,1,2,3,1,48.1,50.2,10.7,Under Investigation
4255,20260721,3,8,3,1,79.0,73.0,11.2,Resolved
4256,20260727,4,1,8,1,57.0,58.9,11.3,Resolved
4257,20260608,2,3,7,1,67.9,64.1,8.5,Under Investigation
4258,20260707,3,2,6,2,35.6,38.8,6.8,Resolved
4259,20260502,3,6,1,3,74.8,70.2,14.6,Resolved
4260,20260507,3,7,7,3,47.9,51.0,7.4,Resolved
4261,20260523,3,7,5,2,78.0,85.9,6.6,Escalated
4262,20260627,1,2,3,2,42.4,44.7,10.1,Under Investigation
4263,20260511,1,4,4,4,83.9,85.9,15.8,Resolved
4264,20260502,1,2,4,1,40.6,46.1,13.2,Resolved
4265,20260628,5,4,3,1,28.1,38.7,17.2,Closed
4266,20260707,5,3,8,4,61.6,61.0,13.5,Resolved
4267,20260704,4,8,8,3,77.5,80.6,11.3,Resolved
4268,20260709,1,8,1,2,74.2,83.3,8.8,Closed
4269,20260710,3,9,8,1,80.4,84.4,13.3,Resolved
4270,20260622,1,3,4,1,67.2,55.2,8.0,Closed
4271,20260614,2,1,7,1,42.7,38.4,9.0,Under Investigation
4272,20260715,1,1,7,4,77.8,82.3,11.6,Under Investigation
4273,20260530,4,9,5,3,56.4,54.0,10.7,Under Investigation
4274,20260507,1,10,6,1,44.4,53.0,8.0,Resolved
4275,20260705,3,3,6,1,62.4,73.5,5.4,Closed
4276,20260523,5,9,7,1,54.2,50.7,9.9,Resolved
4277,20260726,3,6,4,1,94.9,88.7,7.8,Resolved
4278,20260605,1,2,6,3,47.3,45.1,10.1,Resolved
4279,20260714,5,4,8,2,57.2,54.7,16.7,Resolved
4280,20260502,3,3,8,4,44.5,53.7,7.8,Resolved
4281,20260627,2,8,2,3,83.5,77.3,9.2,Resolved
4282,20260608,3,2,4,5,45.4,49.9,9.8,Resolved
4283,20260609,4,2,5,4,74.5,82.8,12.1,Closed
4284,20260522,2,8,5,5,39.5,44.4,11.3,Under Investigation
4285,20260725,3,4,6,5,80.6,83.2,24.3,Resolved
4286,20260603,2,3,7,2,58.9,57.9,10.4,Resolved
4287,20260714,1,9,5,1,84.2,95.3,8.0,Escalated
4288,20260606,4,10,6,1,71.3,69.8,9.5,Under Investigation
4289,20260503,1,6,8,3,56.2,61.9,11.7,Resolved
4290,20260717,2,9,1,3,70.1,69.1,13.0,Closed
4291,20260515,2,9,6,1,79.4,68.3,14.0,Resolved
4292,20260523,1,6,3,4,45.4,43.8,6.9,Resolved
4293,20260715,2,9,8,4,32.3,31.4,13.8,Resolved
4294,20260718,3,1,5,3,40.5,39.6,9.9,Closed
4295,20260720,2,1,5,2,45.4,41.4,7.2,Escalated
4296,20260606,1,9,7,1,63.9,67.7,9.4,Under Investigation
4297,20260706,4,2,2,2,93.6,98.0,13.6,Resolved
4298,20260528,5,8,5,1,24.4,22.6,11.4,Resolved
4299,20260704,2,5,7,3,47.3,45.4,6.4,Resolved
4300,20260613,2,8,7,2,56.3,50.0,6.4,Resolved
4301,20260503,1,7,2,1,78.2,79.7,6.3,Closed
4302,20260605,1,1,7,2,43.2,51.5,7.8,Under Investigation
4303,20260610,2,4,2,3,63.9,72.2,18.2,Resolved
4304,20260522,5,8,3,2,51.2,47.6,6.6,Closed
4305,20260601,3,10,7,5,94.1,100.0,8.7,Resolved
4306,20260613,2,9,5,1,57.2,55.0,14.2,Resolved
4307,20260503,5,9,5,5,60.3,54.2,14.9,Resolved
4308,20260512,2,10,5,1,56.3,48.1,14.7,Closed
4309,20260707,1,9,8,1,54.8,48.3,4.6,Resolved
4310,20260530,2,6,2,5,69.2,71.2,15.0,Resolved
4311,20260622,1,4,3,3,37.6,36.1,18.3,Resolved
4312,20260618,4,6,4,3,25.0,21.2,10.2,Closed
4313,20260617,2,8,7,3,52.7,47.6,13.1,Resolved
4314,20260605,3,5,5,2,67.2,60.7,12.1,Under Investigation
4315,20260611,2,9,6,4,46.3,41.0,4.4,Closed
4316,20260712,5,8,7,1,67.1,73.2,8.2,Under Investigation
4317,20260724,3,3,8,4,54.0,64.8,8.9,Resolved
4318,20260522,2,10,4,5,70.9,82.1,6.0,Resolved
4319,20260628,1,9,4,4,64.8,68.9,13.0,Resolved
4320,20260725,5,6,1,3,73.3,70.3,14.3,Escalated
4321,20260429,3,2,1,3,57.5,53.5,10.0,Escalated
4322,20260708,1,3,4,2,40.8,45.3,10.9,Resolved
4323,20260612,4,9,6,2,34.8,33.3,10.0,Resolved
4324,20260725,1,1,7,4,71.2,73.7,10.3,Resolved
4325,20260620,2,5,4,3,62.7,74.3,13.4,Resolved
4326,20260713,3,7,5,2,73.5,74.8,4.7,Resolved
4327,20260513,2,3,7,4,49.6,63.3,11.5,Closed
4328,20260511,2,9,3,1,66.2,59.4,10.0,Resolved
4329,20260721,1,6,2,4,91.6,94.3,7.9,Resolved
4330,20260615,1,1,8,4,53.7,55.6,8.5,Resolved
4331,20260618,1,4,5,1,59.6,53.7,23.5,Closed
4332,20260514,1,4,2,1,51.9,56.7,14.0,Resolved
4333,20260519,5,3,3,3,53.1,62.3,9.5,Escalated
4334,20260711,3,10,3,1,66.2,79.4,14.9,Resolved
4335,20260526,2,4,2,5,80.5,83.0,14.2,Under Investigation
4336,20260620,2,6,4,1,68.7,57.3,8.6,Resolved
4337,20260527,3,6,7,1,67.4,70.3,10.1,Closed
4338,20260522,1,3,6,1,48.2,52.7,11.2,Under Investigation
4339,20260513,1,6,8,4,41.5,40.1,9.8,Resolved
4340,20260721,3,4,7,3,76.2,77.5,15.3,Escalated
4341,20260722,2,1,3,4,89.7,86.8,11.3,Resolved
4342,20260509,4,5,1,5,80.9,80.1,9.7,Resolved
4343,20260530,4,6,2,3,18.2,24.3,11.9,Resolved
4344,20260618,4,2,7,1,91.7,100.0,12.8,Under Investigation
4345,20260602,1,8,3,1,61.3,53.7,5.5,Escalated
4346,20260702,1,7,6,4,71.3,68.2,13.1,Under Investigation
4347,20260522,1,4,4,1,28.9,19.4,17.2,Resolved
4348,20260504,4,6,8,4,51.4,62.4,12.5,Resolved
4349,20260529,5,4,5,4,67.3,72.5,19.5,Closed
4350,20260621,5,7,8,3,37.4,25.4,15.6,Resolved
4351,20260515,1,2,3,3,11.7,11.3,10.0,Resolved
4352,20260711,4,7,7,5,68.7,67.0,8.8,Escalated
4353,20260430,3,1,5,4,54.3,49.8,8.5,Closed
4354,20260505,4,1,2,3,76.6,82.8,6.9,Resolved
4355,20260613,3,3,2,2,52.6,58.7,12.4,Resolved
4356,20260614,1,2,3,2,53.7,55.3,6.7,Escalated
4357,20260525,1,5,2,2,65.5,61.7,12.4,Resolved
4358,20260522,5,2,8,5,70.5,66.7,9.3,Closed
4359,20260505,2,3,2,3,44.4,44.7,4.7,Resolved
4360,20260627,2,1,5,4,69.2,66.5,14.5,Resolved
4361,20260602,2,9,5,1,47.2,47.2,2.0,Resolved
4362,20260509,2,8,5,4,55.2,58.5,9.8,Resolved
4363,20260603,5,3,6,2,65.1,55.9,10.7,Resolved
4364,20260722,1,2,8,3,83.7,79.2,3.1,Resolved
4365,20260522,1,9,8,1,59.8,59.6,11.3,Closed
4366,20260718,4,7,7,4,52.1,61.5,8.0,Resolved
4367,20260522,3,9,4,3,26.9,32.0,9.3,Resolved
4368,20260515,1,2,6,2,52.2,52.2,14.0,Resolved
4369,20260522,1,4,2,2,69.6,72.0,18.4,Resolved
4370,20260528,1,2,8,2,61.7,61.1,8.9,Under Investigation
4371,20260509,1,5,2,2,58.6,65.1,9.5,Resolved
4372,20260620,1,2,1,1,54.9,57.5,15.3,Resolved
4373,20260529,1,1,7,2,59.6,67.3,11.2,Under Investigation
4374,20260702,3,6,7,2,42.8,34.7,7.3,Resolved
4375,20260612,4,10,2,2,66.7,61.9,8.5,Escalated
4376,20260607,4,7,8,3,67.7,69.3,6.4,Under Investigation
4377,20260610,2,8,1,2,49.7,52.7,8.6,Resolved
4378,20260513,2,9,1,1,61.6,76.0,14.8,Resolved
4379,20260702,5,10,8,4,31.9,21.1,9.5,Resolved
4380,20260508,4,2,2,2,57.7,57.5,6.0,Closed
4381,20260702,3,3,2,3,55.7,55.2,11.3,Escalated
4382,20260727,1,7,7,5,93.2,94.6,8.8,Closed
4383,20260706,2,9,5,4,57.4,67.8,11.7,Under Investigation
4384,20260608,3,8,5,2,68.0,73.3,9.3,Closed
4385,20260527,3,8,8,3,49.1,39.5,14.3,Resolved
4386,20260716,1,4,1,4,43.2,52.4,15.3,Under Investigation
4387,20260522,5,4,8,4,51.6,60.6,14.5,Resolved
4388,20260611,3,1,3,1,58.0,59.6,12.8,Closed
4389,20260707,3,4,5,3,63.3,53.6,12.0,Closed
4390,20260721,1,2,3,4,72.8,71.9,9.5,Under Investigation
4391,20260720,4,10,3,4,62.1,64.9,12.4,Escalated
4392,20260506,3,1,3,1,50.1,56.1,3.4,Closed
4393,20260718,1,4,5,2,51.4,40.8,18.2,Resolved
4394,20260509,3,9,8,2,25.1,20.5,5.5,Resolved
4395,20260620,3,10,1,1,53.4,60.0,4.5,Under Investigation
4396,20260721,4,4,6,3,59.2,68.2,14.8,Under Investigation
4397,20260626,1,5,7,2,71.2,73.8,9.4,Resolved
4398,20260723,4,6,6,1,38.9,45.8,7.9,Resolved
4399,20260529,2,9,8,2,59.4,62.1,13.3,Resolved
4400,20260527,1,8,1,4,86.8,92.6,10.2,Closed
4401,20260528,1,6,3,4,52.3,53.2,8.5,Under Investigation
4402,20260530,1,4,4,4,55.0,57.9,14.1,Under Investigation
4403,20260629,1,4,5,5,62.1,54.8,18.7,Resolved
4404,20260608,2,7,3,5,62.6,66.9,16.2,Resolved
4405,20260704,4,9,3,2,52.9,45.4,7.9,Resolved
4406,20260605,1,1,7,1,39.9,44.2,8.2,Resolved
4407,20260526,5,8,2,4,64.8,62.2,6.8,Resolved
4408,20260516,1,5,8,3,26.4,28.6,13.6,Resolved
4409,20260617,3,2,1,2,67.5,61.8,12.8,Resolved
4410,20260718,5,1,4,5,62.5,59.5,8.7,Resolved
4411,20260715,4,4,5,2,66.4,68.6,16.2,Under Investigation
4412,20260521,3,3,8,5,47.1,51.6,7.2,Under Investigation
4413,20260610,3,2,7,3,76.5,83.1,9.1,Resolved
4414,20260701,1,3,1,1,60.7,53.8,13.1,Closed
4415,20260623,1,9,6,4,50.2,41.2,10.1,Resolved
4416,20260505,2,8,3,4,49.8,43.9,13.9,Closed
4417,20260621,1,3,7,3,52.8,46.4,7.8,Resolved
4418,20260502,2,7,7,3,91.0,100.0,3.1,Resolved
4419,20260509,1,5,2,1,35.2,43.2,17.8,Resolved
4420,20260626,5,8,3,1,71.2,65.2,10.6,Closed
4421,20260508,4,3,7,1,63.5,73.8,12.3,Closed
4422,20260529,4,1,8,1,78.1,85.8,7.6,Resolved
4423,20260620,3,4,5,2,64.4,54.6,13.9,Escalated
4424,20260626,1,10,2,3,55.1,48.9,10.5,Resolved
4425,20260608,1,6,4,1,70.3,60.3,4.0,Under Investigation
4426,20260507,3,1,7,3,58.4,57.9,9.2,Resolved
4427,20260709,3,10,5,1,73.7,73.8,13.1,Under Investigation
4428,20260723,2,9,2,1,93.1,93.2,11.3,Resolved
4429,20260717,2,6,3,5,79.6,67.4,10.8,Under Investigation
4430,20260705,2,8,2,5,53.3,44.7,15.2,Resolved
4431,20260604,1,2,4,4,45.3,46.9,11.1,Under Investigation
4432,20260716,2,6,4,1,84.3,88.0,4.3,Resolved
4433,20260611,2,10,5,3,41.8,29.7,9.6,Resolved
4434,20260511,3,5,8,1,49.8,42.1,15.8,Resolved
4435,20260714,5,1,6,3,51.2,57.3,9.1,Resolved
4436,20260527,3,8,5,4,62.6,55.3,15.6,Resolved
4437,20260722,3,8,3,2,59.7,59.6,13.1,Resolved
4438,20260601,4,8,6,5,35.7,27.8,8.8,Resolved
4439,20260716,1,7,8,3,60.8,65.8,6.8,Resolved
4440,20260616,3,2,1,2,46.4,34.3,11.0,Resolved
4441,20260610,2,2,3,1,47.8,46.0,13.8,Resolved
4442,20260525,3,8,1,4,58.8,64.4,5.3,Resolved
4443,20260713,1,9,2,2,62.6,66.3,10.4,Resolved
4444,20260504,5,1,1,1,60.6,57.8,3.9,Under Investigation
4445,20260610,5,6,5,1,61.8,57.6,9.0,Escalated
4446,20260601,1,6,7,5,66.1,64.7,5.0,Resolved
4447,20260616,1,4,8,1,26.4,18.7,19.7,Resolved
4448,20260521,1,7,2,5,38.1,37.5,7.9,Escalated
4449,20260627,4,10,6,3,63.3,62.8,13.5,Resolved
4450,20260602,3,9,3,2,58.2,55.7,8.4,Resolved
4451,20260515,1,2,3,2,69.7,75.7,8.1,Resolved
4452,20260516,4,5,5,4,31.8,25.4,5.2,Closed
4453,20260630,2,10,6,2,49.2,39.0,11.2,Resolved
4454,20260522,2,3,5,1,50.6,47.4,11.5,Resolved
4455,20260526,2,9,1,1,57.5,58.2,12.8,Resolved
4456,20260624,3,5,4,4,55.5,54.9,12.0,Resolved
4457,20260528,2,6,3,3,62.0,61.1,11.2,Resolved
4458,20260602,1,3,1,2,53.3,46.5,11.8,Closed
4459,20260521,2,10,1,1,75.6,69.7,12.1,Resolved
4460,20260530,5,6,4,2,80.4,77.5,12.7,Under Investigation
4461,20260630,3,6,1,4,39.6,36.2,5.4,Closed
4462,20260616,5,5,6,1,55.7,62.3,8.6,Resolved
4463,20260727,3,1,1,5,86.3,87.9,5.1,Resolved
4464,20260707,4,8,2,4,69.8,66.6,11.0,Resolved
4465,20260430,1,4,8,2,48.9,55.5,22.9,Under Investigation
4466,20260602,4,3,6,4,58.8,61.5,12.7,Resolved
4467,20260525,1,8,5,3,31.2,23.1,8.2,Resolved
4468,20260620,1,2,1,3,54.7,35.2,11.5,Resolved
4469,20260522,1,7,1,1,33.1,25.1,11.0,Resolved
4470,20260724,1,5,8,5,80.0,83.6,10.7,Resolved
4471,20260525,5,8,7,2,38.3,43.6,6.1,Resolved
4472,20260614,5,1,8,4,57.4,47.4,13.9,Escalated
4473,20260510,4,8,7,1,59.8,63.8,6.5,Closed
4474,20260719,1,3,1,2,70.1,73.8,8.9,Closed
4475,20260720,4,9,7,5,60.2,68.6,12.9,Resolved
4476,20260709,4,4,4,2,59.2,64.9,16.9,Resolved
4477,20260530,2,1,6,1,72.7,80.8,10.2,Resolved
4478,20260504,3,5,4,4,48.6,51.5,10.4,Resolved
4479,20260701,3,1,6,1,57.3,60.0,10.2,Closed
4480,20260606,1,3,7,4,46.6,44.6,10.3,Under Investigation
4481,20260727,3,8,8,5,89.6,94.5,10.6,Resolved
4482,20260630,3,6,5,1,57.5,49.5,10.2,Escalated
4483,20260616,1,8,3,3,43.5,42.7,7.3,Resolved
4484,20260726,2,9,5,5,73.8,77.0,5.3,Escalated
4485,20260710,3,5,4,5,59.4,67.8,13.0,Resolved
4486,20260609,3,6,2,2,75.9,73.0,13.1,Closed
4487,20260430,5,1,6,3,54.3,60.1,11.0,Closed
4488,20260507,4,3,1,3,34.3,33.1,11.0,Resolved
4489,20260607,3,8,4,1,62.5,68.4,7.3,Under Investigation
4490,20260618,3,1,6,3,81.8,77.0,2.7,Resolved
4491,20260501,3,4,8,2,73.0,77.4,17.3,Escalated
4492,20260510,3,2,5,2,38.5,37.9,4.3,Resolved
4493,20260701,1,9,8,2,53.0,45.9,10.6,Closed
4494,20260705,3,6,7,4,59.2,58.3,13.9,Closed
4495,20260501,3,7,2,1,54.7,62.6,8.2,Resolved
4496,20260613,3,7,7,1,60.7,54.6,8.3,Resolved
4497,20260506,4,3,3,1,49.8,40.9,7.0,Under Investigation
4498,20260703,3,1,6,1,44.6,47.0,10.1,Resolved
4499,20260713,2,4,2,5,79.3,69.2,17.9,Resolved
4500,20260716,1,2,5,2,60.6,70.0,6.9,Resolved
4501,20260621,1,4,6,1,43.0,52.2,20.7,Resolved
4502,20260624,2,4,8,5,38.1,44.3,26.1,Resolved
4503,20260721,2,8,8,1,79.5,79.4,13.6,Resolved
4504,20260623,1,4,7,2,56.6,66.6,17.7,Resolved
4505,20260608,1,2,5,4,68.3,76.4,9.6,Resolved
4506,20260705,1,10,8,4,47.9,44.7,8.5,Under Investigation
4507,20260621,4,1,1,1,36.2,44.8,8.4,Resolved
4508,20260713,4,3,8,3,58.3,52.8,12.9,Resolved
4509,20260615,2,4,2,3,52.3,51.1,21.0,Closed
4510,20260716,1,1,4,3,80.6,69.8,6.5,Closed
4511,20260503,1,9,8,1,29.8,30.7,11.1,Resolved
4512,20260502,1,4,6,4,62.2,60.4,21.3,Escalated
4513,20260507,2,8,7,3,41.6,38.9,8.9,Resolved
4514,20260618,1,2,6,3,45.3,44.3,9.4,Under Investigation
4515,20260701,2,6,5,5,74.6,71.1,12.1,Resolved
4516,20260518,5,2,2,4,22.3,22.6,12.2,Resolved
4517,20260513,3,3,8,4,59.8,67.5,11.3,Closed
4518,20260715,4,5,6,1,71.1,64.7,10.8,Under Investigation
4519,20260705,1,9,6,1,47.4,52.6,11.2,Resolved
4520,20260626,1,4,4,3,48.3,49.6,17.2,Closed
4521,20260611,5,8,8,1,73.3,75.5,6.6,Resolved
4522,20260605,2,1,4,3,84.4,84.2,5.3,Resolved
4523,20260430,3,3,2,3,71.0,66.7,11.8,Resolved
4524,20260515,5,7,2,3,83.3,86.0,10.3,Under Investigation
4525,20260718,3,5,6,1,58.0,61.1,11.4,Under Investigation
4526,20260529,2,6,6,4,31.3,26.5,7.5,Resolved
4527,20260701,3,7,2,3,56.2,48.2,10.3,Resolved
4528,20260701,1,1,6,2,69.1,69.6,10.2,Resolved
4529,20260526,1,7,8,3,27.2,31.7,13.8,Resolved
4530,20260517,1,9,5,1,41.1,47.1,12.6,Resolved
4531,20260630,4,8,8,4,44.1,51.3,7.8,Resolved
4532,20260507,3,3,2,1,60.3,62.5,11.5,Under Investigation
4533,20260612,1,4,4,3,58.4,56.8,15.8,Escalated
4534,20260717,1,10,5,1,66.5,66.5,2.2,Resolved
4535,20260702,3,8,3,1,60.4,52.9,15.2,Resolved
4536,20260706,5,10,1,1,43.2,39.1,8.9,Under Investigation
4537,20260506,1,10,4,1,48.6,48.3,13.1,Resolved
4538,20260516,2,5,3,4,36.0,34.4,8.0,Under Investigation
4539,20260523,4,2,2,4,52.7,53.3,7.6,Resolved
4540,20260525,4,3,3,1,43.0,34.8,8.4,Resolved
4541,20260516,5,3,4,1,65.4,58.5,10.8,Resolved
4542,20260725,1,9,8,4,72.6,77.3,10.5,Closed
4543,20260513,1,3,4,1,51.6,46.6,11.5,Resolved
4544,20260701,2,4,4,2,83.5,79.4,16.5,Resolved
4545,20260620,1,9,4,1,60.7,61.3,10.1,Resolved
4546,20260622,4,2,5,3,49.5,43.9,7.5,Escalated
4547,20260518,1,7,3,5,46.2,52.8,14.4,Escalated
4548,20260526,3,6,7,1,37.3,29.8,6.1,Resolved
4549,20260622,5,10,4,5,54.0,54.0,7.5,Resolved
4550,20260525,5,5,4,4,59.6,55.1,8.7,Resolved
4551,20260630,3,6,1,5,27.6,28.5,17.2,Resolved
4552,20260502,5,9,8,4,34.5,31.5,12.3,Resolved
4553,20260505,1,10,4,4,47.3,47.2,7.4,Resolved
4554,20260703,2,8,2,3,41.9,49.2,12.5,Under Investigation
4555,20260623,1,7,2,4,55.6,51.5,11.5,Under Investigation
4556,20260502,5,9,3,1,57.7,53.5,10.8,Closed
4557,20260718,5,10,7,4,66.5,64.6,12.1,Resolved
4558,20260429,1,8,1,3,63.3,72.1,10.2,Under Investigation
4559,20260723,1,3,1,1,62.9,62.4,10.5,Closed
4560,20260703,2,7,5,1,57.6,65.0,5.3,Resolved
4561,20260726,1,3,4,1,58.6,57.5,14.3,Resolved
4562,20260723,4,6,8,2,75.9,83.0,8.7,Under Investigation
4563,20260527,1,5,7,1,56.1,58.5,6.3,Under Investigation
4564,20260706,4,10,6,1,42.4,45.7,8.5,Closed
4565,20260517,3,6,3,1,52.7,44.1,8.6,Under Investigation
4566,20260610,2,10,6,3,54.4,44.9,7.6,Closed
4567,20260520,1,9,5,1,59.2,65.6,12.3,Resolved
4568,20260611,5,9,3,1,59.8,66.1,12.9,Escalated
4569,20260716,3,2,3,2,66.7,81.2,4.1,Resolved
4570,20260607,2,8,8,2,66.5,57.6,8.5,Resolved
4571,20260507,2,3,5,1,62.8,65.7,8.7,Resolved
4572,20260528,5,6,4,5,44.1,38.0,9.5,Under Investigation
4573,20260708,4,5,7,2,44.5,40.1,15.1,Resolved
4574,20260614,4,3,3,1,45.3,42.3,7.6,Resolved
4575,20260618,3,10,2,3,32.9,35.2,14.7,Under Investigation
4576,20260606,4,9,8,4,58.1,54.1,9.6,Resolved
4577,20260525,1,6,7,2,72.8,73.0,14.7,Resolved
4578,20260621,3,1,4,1,76.3,81.3,9.1,Resolved
4579,20260624,2,2,8,3,38.7,45.5,8.7,Closed
4580,20260718,3,3,3,2,80.1,84.3,9.9,Under Investigation
4581,20260623,5,10,6,2,56.3,59.0,13.9,Resolved
4582,20260727,5,5,1,5,38.4,37.6,10.5,Escalated
4583,20260712,3,1,6,5,59.3,55.9,10.6,Closed
4584,20260506,3,6,2,3,48.3,51.5,11.9,Resolved
4585,20260603,4,10,2,1,73.2,66.9,7.4,Resolved
4586,20260602,5,6,7,3,41.9,42.6,11.0,Resolved
4587,20260429,4,5,2,5,63.4,56.9,8.1,Under Investigation
4588,20260515,1,2,4,5,53.4,53.2,14.4,Closed
4589,20260706,2,9,8,1,38.6,32.3,11.3,Resolved
4590,20260530,4,2,8,1,46.7,44.3,12.1,Resolved
4591,20260512,4,10,4,1,78.0,73.9,3.9,Resolved
4592,20260524,4,3,1,4,52.4,47.6,12.1,Resolved
4593,20260523,3,2,3,2,68.6,68.1,9.5,Closed
4594,20260514,2,4,5,2,67.8,53.3,13.7,Escalated
4595,20260508,2,1,3,2,48.3,37.5,10.3,Closed
4596,20260706,4,1,6,1,41.1,45.9,5.4,Resolved
4597,20260712,1,2,8,4,47.1,48.0,11.8,Under Investigation
4598,20260612,3,7,5,2,76.8,72.5,14.3,Closed
4599,20260623,3,9,5,1,57.3,63.1,4.6,Under Investigation
4600,20260720,4,3,5,3,43.7,39.9,9.9,Closed
4601,20260713,2,7,2,3,77.5,74.0,9.5,Resolved
4602,20260501,4,4,5,3,28.2,23.5,12.0,Resolved
4603,20260723,1,5,8,4,59.3,70.7,12.7,Resolved
4604,20260505,1,4,6,1,56.2,57.6,19.9,Closed
4605,20260501,2,9,7,1,92.8,94.0,16.1,Resolved
4606,20260604,1,6,7,1,67.2,70.0,11.5,Escalated
4607,20260705,5,6,4,3,52.4,41.3,7.4,Resolved
4608,20260506,5,9,3,5,55.4,51.8,11.5,Under Investigation
4609,20260525,1,7,8,2,68.8,71.5,13.9,Under Investigation
4610,20260522,4,2,4,4,76.3,76.3,8.6,Resolved
4611,20260603,3,2,6,3,51.3,64.5,12.6,Resolved
4612,20260726,3,4,6,5,70.4,67.2,10.9,Under Investigation
4613,20260528,4,1,1,2,42.5,48.2,14.4,Closed
4614,20260517,3,7,3,1,65.0,69.8,12.4,Resolved
4615,20260510,1,5,3,4,70.4,71.3,2.4,Resolved
4616,20260516,1,1,2,4,25.9,27.8,11.1,Closed
4617,20260510,2,5,7,3,49.0,47.3,4.0,Resolved
4618,20260619,5,9,8,4,36.8,25.0,8.2,Resolved
4619,20260605,3,10,8,2,57.3,59.4,12.0,Closed
4620,20260612,2,10,2,3,36.4,39.0,9.6,Escalated
4621,20260712,1,10,4,1,44.5,48.0,13.8,Resolved
4622,20260620,5,7,2,2,71.9,72.3,10.2,Closed
4623,20260512,2,10,1,1,52.5,58.3,9.9,Under Investigation
4624,20260601,3,10,5,1,54.1,48.9,13.3,Resolved
4625,20260527,3,7,7,1,61.5,70.3,9.0,Resolved
4626,20260712,1,5,1,3,78.9,73.0,9.9,Closed
4627,20260526,1,10,6,4,48.7,48.1,10.3,Under Investigation
4628,20260511,2,5,1,2,49.1,53.2,9.8,Under Investigation
4629,20260704,2,2,7,2,53.1,50.0,13.5,Resolved
4630,20260606,3,2,1,1,71.2,75.7,8.0,Resolved
4631,20260507,4,6,4,2,54.0,51.9,7.5,Under Investigation
4632,20260630,1,1,1,1,52.0,52.7,6.8,Resolved
4633,20260517,3,2,4,3,60.9,59.8,3.6,Escalated
4634,20260716,1,3,4,5,100.0,96.5,14.5,Resolved
4635,20260712,1,6,5,2,65.4,78.9,7.3,Resolved
4636,20260601,4,5,7,3,51.0,46.0,9.3,Resolved
4637,20260618,4,6,8,3,84.1,70.4,14.7,Escalated
4638,20260619,4,6,3,1,74.9,70.1,9.6,Resolved
4639,20260626,1,10,8,2,72.8,73.6,11.5,Resolved
4640,20260505,3,3,4,1,47.5,45.2,5.7,Resolved
4641,20260528,2,5,1,2,46.0,52.1,14.2,Under Investigation
4642,20260514,5,7,5,4,27.5,33.4,9.6,Closed
4643,20260630,3,3,6,2,70.8,68.9,6.9,Resolved
4644,20260505,5,2,3,2,56.2,46.1,6.9,Resolved
4645,20260614,1,1,5,1,28.0,20.3,15.1,Closed
4646,20260703,2,4,4,2,76.4,76.2,16.2,Resolved
4647,20260723,4,3,2,5,66.6,57.2,7.0,Under Investigation
4648,20260524,2,2,4,2,51.8,49.6,8.7,Resolved
4649,20260429,3,3,4,3,32.3,40.8,10.1,Closed
4650,20260703,3,7,3,1,65.7,67.8,10.5,Closed
4651,20260429,5,9,8,1,62.5,62.8,11.3,Resolved
4652,20260504,1,6,4,2,54.3,48.1,10.7,Resolved
4653,20260727,5,1,6,5,68.1,69.2,11.9,Resolved
4654,20260715,2,8,1,1,100.0,98.4,9.2,Resolved
4655,20260701,2,2,3,3,38.9,40.3,16.2,Resolved
4656,20260713,3,1,8,1,54.2,58.6,8.5,Resolved
4657,20260505,1,6,8,3,65.6,71.0,14.1,Under Investigation
4658,20260507,5,5,8,3,39.8,40.6,8.2,Resolved
4659,20260526,5,4,1,3,38.7,41.8,13.7,Resolved
4660,20260501,5,10,7,1,72.0,68.9,5.0,Closed
4661,20260717,5,1,3,1,87.2,94.0,10.9,Resolved
4662,20260504,3,1,1,4,62.3,57.0,13.5,Closed
4663,20260616,2,6,1,3,57.7,56.5,6.5,Under Investigation
4664,20260714,4,5,7,1,55.3,62.7,7.4,Resolved
4665,20260704,1,9,5,2,55.2,52.3,11.2,Under Investigation
4666,20260520,4,1,5,1,53.8,45.8,10.0,Closed
4667,20260610,2,5,8,2,67.7,65.2,8.2,Escalated
4668,20260617,3,2,1,2,61.4,69.8,6.2,Resolved
4669,20260707,2,1,1,1,47.1,33.5,10.9,Resolved
4670,20260606,2,5,8,2,66.8,67.4,12.0,Resolved
4671,20260524,1,8,5,3,29.8,26.0,11.5,Resolved
4672,20260709,2,2,7,5,57.5,56.5,10.1,Resolved
4673,20260717,2,9,5,3,61.0,58.9,6.8,Closed
4674,20260612,1,6,2,2,42.1,47.9,10.9,Under Investigation
4675,20260501,1,5,5,4,83.9,84.2,10.7,Escalated
4676,20260613,3,10,8,1,32.9,39.0,6.1,Resolved
4677,20260718,2,4,1,3,56.0,63.7,17.1,Resolved
4678,20260727,4,3,2,1,82.0,82.2,11.1,Resolved
4679,20260604,1,8,3,1,47.9,45.7,9.8,Escalated
4680,20260512,3,2,4,3,57.3,59.6,4.1,Resolved
4681,20260619,1,9,6,1,76.4,79.8,8.1,Resolved
4682,20260712,3,9,2,3,74.2,67.3,7.9,Resolved
4683,20260723,3,10,8,3,64.6,66.0,11.7,Resolved
4684,20260503,3,5,2,1,53.0,51.5,17.8,Resolved
4685,20260525,2,7,2,2,63.0,60.5,10.4,Resolved
4686,20260610,3,9,8,3,64.5,60.4,6.4,Closed
4687,20260507,1,2,4,3,55.3,51.5,9.5,Under Investigation
4688,20260717,2,4,5,4,83.6,91.1,18.0,Closed
4689,20260509,2,5,4,2,60.4,58.2,12.3,Closed
4690,20260627,3,7,3,4,53.6,60.5,13.7,Under Investigation
4691,20260720,2,7,5,2,60.6,61.4,14.2,Resolved
4692,20260629,4,10,7,1,66.8,60.0,11.6,Resolved
4693,20260706,2,5,1,3,64.7,65.8,10.0,Resolved
4694,20260522,1,2,8,1,23.8,16.7,14.5,Escalated
4695,20260712,1,2,2,1,51.9,55.5,9.0,Escalated
4696,20260605,1,9,8,1,47.8,46.6,10.2,Resolved
4697,20260504,3,5,8,4,52.0,57.1,9.3,Resolved
4698,20260531,4,7,8,5,73.1,81.7,3.6,Resolved
4699,20260530,4,6,6,5,100.0,89.6,13.8,Resolved
4700,20260614,2,9,8,2,18.1,15.3,12.0,Resolved
4701,20260522,1,3,7,2,59.6,52.3,2.9,Closed
4702,20260609,4,2,6,4,56.0,68.9,13.0,Resolved
4703,20260606,1,8,8,2,52.3,49.7,9.1,Closed
4704,20260528,2,5,3,2,63.1,55.2,13.0,Resolved
4705,20260630,4,9,7,1,58.6,72.0,10.2,Resolved
4706,20260526,2,2,8,3,49.6,45.2,5.9,Resolved
4707,20260706,1,3,6,3,60.8,51.1,10.1,Resolved
4708,20260521,1,10,1,2,63.3,56.3,7.3,Resolved
4709,20260715,3,9,2,1,73.3,74.2,6.3,Under Investigation
4710,20260531,1,1,2,3,57.8,58.1,12.6,Resolved
4711,20260502,3,9,5,3,46.2,41.2,11.2,Resolved
4712,20260512,2,1,4,1,97.3,94.4,14.5,Resolved
4713,20260710,2,2,7,2,68.4,68.7,8.8,Resolved
4714,20260716,1,9,3,5,88.9,96.8,7.1,Under Investigation
4715,20260518,4,2,2,3,47.4,49.4,11.9,Under Investigation
4716,20260622,2,4,5,3,57.8,54.4,15.5,Resolved
4717,20260619,3,2,2,3,57.7,56.3,9.1,Escalated
4718,20260511,2,6,8,5,26.3,30.9,11.6,Resolved
4719,20260608,1,1,1,2,44.3,54.4,9.6,Escalated
4720,20260630,2,3,4,1,45.3,38.7,8.5,Resolved
4721,20260725,3,4,8,2,64.0,70.7,13.8,Under Investigation
4722,20260714,2,7,5,4,49.6,47.7,12.8,Resolved
4723,20260507,4,5,7,1,55.7,46.0,8.9,Under Investigation
4724,20260520,5,2,4,1,76.0,65.1,11.9,Under Investigation
4725,20260607,4,5,7,1,57.0,65.0,11.5,Resolved
4726,20260512,3,5,6,3,37.3,46.0,13.3,Resolved
4727,20260619,3,4,5,3,39.5,36.1,17.3,Under Investigation
4728,20260429,3,6,1,2,49.3,48.0,9.0,Resolved
4729,20260509,1,4,8,1,33.8,23.1,14.7,Under Investigation
4730,20260503,4,4,1,4,59.6,64.2,16.4,Resolved
4731,20260525,4,8,3,1,75.3,75.1,11.0,Resolved
4732,20260706,1,3,6,3,51.7,42.4,7.5,Under Investigation
4733,20260514,5,4,7,1,56.1,57.3,18.9,Resolved
4734,20260726,4,2,5,5,67.2,58.9,14.4,Resolved
4735,20260523,2,7,4,2,45.6,48.9,8.7,Resolved
4736,20260503,5,8,4,3,57.8,51.3,6.1,Escalated
4737,20260529,1,7,8,1,45.1,47.1,8.8,Resolved
4738,20260705,1,2,3,1,47.5,43.6,5.7,Resolved
4739,20260508,2,5,7,3,30.7,16.5,14.0,Under Investigation
4740,20260505,3,3,1,3,56.0,62.0,10.3,Resolved
4741,20260714,2,8,6,4,81.7,88.0,7.8,Resolved
4742,20260621,5,4,6,3,65.6,62.5,16.3,Resolved
4743,20260529,1,5,6,3,77.4,79.0,6.5,Resolved
4744,20260706,1,5,4,4,50.2,52.8,13.0,Closed
4745,20260713,3,8,6,2,77.8,80.6,15.5,Under Investigation
4746,20260531,1,8,4,4,38.5,48.9,5.5,Escalated
4747,20260618,3,9,5,2,65.6,68.1,13.1,Escalated
4748,20260429,2,5,8,2,79.7,77.6,9.3,Resolved
4749,20260526,5,9,6,4,62.5,65.1,13.8,Under Investigation
4750,20260621,3,9,6,1,79.9,77.3,4.5,Resolved
4751,20260516,1,6,8,1,46.0,39.6,10.7,Escalated
4752,20260727,1,7,2,1,72.3,79.6,8.8,Closed
4753,20260725,1,10,5,2,59.3,62.5,12.0,Resolved
4754,20260522,5,9,6,3,55.5,44.3,10.2,Under Investigation
4755,20260603,3,3,6,1,59.0,54.9,10.1,Resolved
4756,20260516,2,8,2,1,55.4,59.9,9.7,Closed
4757,20260613,1,5,7,2,47.9,38.5,14.7,Resolved
4758,20260510,4,2,2,1,47.6,43.1,9.5,Resolved
4759,20260603,1,4,4,1,60.2,76.2,20.6,Closed
4760,20260617,3,10,6,1,52.6,50.6,11.9,Resolved
4761,20260623,4,10,3,4,37.7,44.2,12.7,Resolved
4762,20260621,1,8,2,3,26.5,35.5,7.0,Under Investigation
4763,20260518,3,10,6,1,46.1,40.6,12.1,Under Investigation
4764,20260709,1,6,3,1,41.6,43.2,11.0,Resolved
4765,20260630,2,8,7,1,43.8,56.2,6.4,Resolved
4766,20260705,5,2,8,2,53.3,56.1,9.4,Resolved
4767,20260610,3,3,3,2,52.8,67.0,16.9,Resolved
4768,20260718,4,2,6,5,58.3,54.5,8.8,Closed
4769,20260603,3,10,2,4,87.9,98.7,8.9,Escalated
4770,20260710,1,7,8,2,44.1,44.2,11.4,Under Investigation
4771,20260517,3,10,2,1,73.1,71.1,8.4,Resolved
4772,20260521,3,5,8,3,52.6,56.4,10.4,Closed
4773,20260615,1,5,7,5,45.1,44.4,8.7,Resolved
4774,20260618,2,7,3,1,63.8,63.3,11.2,Closed
4775,20260705,3,6,7,4,52.9,55.8,9.8,Closed
4776,20260525,3,4,6,1,42.9,32.1,23.9,Closed
4777,20260716,1,4,6,3,100.0,95.2,18.1,Resolved
4778,20260528,4,6,4,1,22.1,26.4,9.3,Resolved
4779,20260616,2,1,2,3,51.3,57.2,13.1,Under Investigation
4780,20260721,1,2,6,1,73.2,75.3,5.8,Resolved
4781,20260616,1,1,1,3,76.1,77.8,15.1,Resolved
4782,20260629,4,2,3,3,49.7,52.1,7.0,Under Investigation
4783,20260719,2,2,2,3,100.0,100.0,13.6,Under Investigation
4784,20260725,2,1,1,3,84.4,75.8,14.4,Resolved
4785,20260612,1,1,1,1,19.5,16.4,8.4,Resolved
4786,20260605,3,9,1,3,33.2,32.8,8.7,Under Investigation
4787,20260516,4,2,8,1,58.6,59.8,9.7,Resolved
4788,20260616,2,6,7,3,37.8,25.1,11.9,Under Investigation
4789,20260720,5,1,8,1,77.9,70.4,7.0,Escalated
4790,20260611,1,10,1,2,48.2,48.1,9.7,Closed
4791,20260530,1,3,8,2,37.1,43.2,9.1,Escalated
4792,20260508,3,8,5,5,40.5,38.0,6.5,Resolved
4793,20260603,3,7,7,3,67.8,63.8,6.9,Closed
4794,20260520,1,8,7,1,24.7,27.9,10.4,Resolved
4795,20260725,3,7,3,3,88.7,86.7,10.3,Escalated
4796,20260615,2,6,6,1,71.1,76.4,7.7,Resolved
4797,20260511,3,8,6,1,50.0,48.7,10.2,Under Investigation
4798,20260505,3,9,4,2,33.9,27.2,8.1,Resolved
4799,20260714,5,4,4,4,74.0,82.5,21.9,Resolved
4800,20260721,2,10,2,5,63.0,70.4,9.7,Resolved
4801,20260706,3,10,2,5,37.6,31.9,13.3,Resolved
4802,20260510,3,8,8,1,83.6,86.0,4.9,Resolved
4803,20260507,2,10,6,1,41.7,39.7,11.0,Escalated
4804,20260516,1,2,5,4,32.9,36.6,11.8,Under Investigation
4805,20260705,5,6,6,1,63.9,58.6,9.6,Under Investigation
4806,20260706,1,7,4,3,59.3,64.5,8.4,Escalated
4807,20260713,4,10,2,5,87.3,94.5,9.5,Resolved
4808,20260507,1,2,8,1,49.3,43.6,12.2,Closed
4809,20260512,4,9,8,2,49.5,49.9,6.4,Resolved
4810,20260719,1,1,2,4,74.0,81.3,12.1,Resolved
4811,20260721,5,4,7,3,73.3,67.3,19.0,Resolved
4812,20260703,3,7,4,5,61.8,57.8,9.2,Escalated
4813,20260508,1,3,6,3,59.1,63.1,9.3,Resolved
4814,20260505,3,9,1,2,57.5,56.5,10.2,Resolved
4815,20260504,3,10,4,4,48.8,39.3,15.0,Under Investigation
4816,20260630,2,2,1,4,68.8,66.9,11.0,Escalated
4817,20260714,1,3,7,5,60.3,70.8,7.2,Escalated
4818,20260624,3,1,4,2,67.1,79.5,8.7,Resolved
4819,20260522,4,8,3,2,75.8,72.0,6.6,Resolved
4820,20260706,2,9,6,2,50.2,44.7,4.3,Under Investigation
4821,20260504,4,7,8,1,91.1,88.4,6.5,Closed
4822,20260712,1,2,3,5,53.6,64.4,10.4,Resolved
4823,20260718,1,2,6,5,57.8,62.9,13.8,Under Investigation
4824,20260702,3,1,6,2,65.8,74.6,13.0,Resolved
4825,20260717,1,5,4,5,84.8,90.8,6.5,Resolved
4826,20260620,1,8,7,2,56.1,48.2,7.6,Resolved
4827,20260610,3,2,2,4,67.3,61.6,7.2,Escalated
4828,20260528,1,9,8,3,58.8,54.6,2.3,Under Investigation
4829,20260720,1,3,4,3,100.0,96.9,9.5,Resolved
4830,20260630,3,6,1,3,55.5,51.4,12.4,Under Investigation
4831,20260516,3,7,8,3,42.2,38.8,9.2,Resolved
4832,20260724,4,6,7,4,64.1,67.9,6.2,Resolved
4833,20260504,3,5,7,2,62.1,62.9,7.5,Escalated
4834,20260620,2,4,2,4,62.3,69.6,17.0,Resolved
4835,20260516,1,5,7,1,58.1,59.6,12.3,Closed
4836,20260627,4,3,6,1,42.3,38.2,9.5,Escalated
4837,20260605,1,3,8,3,71.6,72.7,11.9,Under Investigation
4838,20260607,1,8,3,4,84.1,75.0,9.8,Under Investigation
4839,20260628,4,9,8,5,55.4,41.5,10.7,Escalated
4840,20260706,4,9,6,1,87.5,91.4,7.2,Resolved
4841,20260602,3,4,3,1,68.0,74.1,15.9,Under Investigation
4842,20260727,1,4,2,2,100.0,100.0,14.2,Resolved
4843,20260612,1,1,8,4,62.1,59.8,11.8,Under Investigation
4844,20260513,2,3,6,5,57.0,48.9,9.1,Under Investigation
4845,20260429,4,6,1,4,67.6,74.6,2.0,Resolved
4846,20260517,2,3,2,2,48.5,51.5,11.4,Resolved
4847,20260630,1,8,7,4,62.4,64.1,12.9,Under Investigation
4848,20260616,1,1,2,1,75.0,75.0,7.6,Closed
4849,20260529,3,5,2,5,67.3,64.5,11.4,Under Investigation
4850,20260611,3,3,5,3,54.5,47.8,9.4,Resolved
4851,20260713,1,5,7,2,68.0,69.5,3.6,Closed
4852,20260619,1,1,3,3,66.4,63.2,15.9,Escalated
4853,20260504,1,5,6,4,65.9,63.4,9.4,Under Investigation
4854,20260503,1,8,6,1,66.3,76.6,10.6,Resolved
4855,20260611,3,9,5,1,60.1,59.8,8.1,Resolved
4856,20260604,1,3,6,3,42.6,27.9,9.1,Resolved
4857,20260714,3,5,2,5,55.7,52.5,10.5,Escalated
4858,20260620,4,7,5,3,61.9,55.9,6.9,Resolved
4859,20260706,5,5,1,1,72.8,72.0,15.1,Under Investigation
4860,20260620,5,6,6,3,65.5,57.0,12.5,Closed
4861,20260530,1,4,7,1,44.9,47.5,19.6,Under Investigation
4862,20260627,1,9,7,2,52.7,50.9,9.6,Resolved
4863,20260623,2,7,1,1,37.4,34.5,7.7,Resolved
4864,20260702,3,10,8,2,36.8,37.7,13.1,Under Investigation
4865,20260516,1,8,4,2,56.2,55.7,11.8,Resolved
4866,20260625,2,4,1,1,75.4,74.6,16.8,Resolved
4867,20260524,1,4,5,2,56.5,55.2,14.7,Resolved
4868,20260709,1,1,5,3,91.0,90.9,5.3,Under Investigation
4869,20260709,3,7,4,1,59.9,62.0,10.1,Under Investigation
4870,20260624,3,8,6,1,55.5,56.8,9.3,Resolved
4871,20260723,3,4,5,3,56.8,63.6,21.6,Under Investigation
4872,20260616,5,1,2,4,49.8,46.5,13.0,Resolved
4873,20260501,1,9,5,4,37.2,38.6,10.1,Resolved
4874,20260622,1,3,3,2,31.8,46.5,9.8,Closed
4875,20260707,2,6,1,3,43.4,43.2,6.5,Resolved
4876,20260508,3,1,3,4,56.3,56.3,13.2,Resolved
4877,20260508,3,1,8,3,43.9,36.3,9.8,Resolved
4878,20260523,1,9,5,2,47.5,43.2,11.8,Resolved
4879,20260713,5,7,3,1,71.1,70.5,13.5,Under Investigation
4880,20260615,2,1,3,1,31.8,35.0,8.3,Under Investigation
4881,20260725,2,2,7,2,74.2,78.1,7.5,Under Investigation
4882,20260716,3,5,6,2,90.2,92.2,17.4,Closed
4883,20260617,5,7,7,5,69.0,73.8,11.8,Escalated
4884,20260629,3,5,5,1,63.4,57.4,9.2,Resolved
4885,20260528,5,9,8,3,54.2,57.1,13.7,Under Investigation
4886,20260507,1,7,6,5,45.6,45.7,9.1,Under Investigation
4887,20260603,3,7,4,3,53.8,54.5,11.0,Under Investigation
4888,20260621,4,3,3,1,79.8,77.6,8.3,Resolved
4889,20260515,3,7,1,5,59.1,53.4,9.9,Closed
4890,20260518,2,9,7,2,53.4,46.1,9.2,Resolved
4891,20260430,5,1,8,1,63.5,65.4,7.7,Escalated
4892,20260704,1,8,6,2,59.7,62.7,10.7,Resolved
4893,20260718,2,9,4,1,71.7,70.9,8.1,Escalated
4894,20260712,4,5,2,4,60.6,60.5,11.7,Resolved
4895,20260602,5,8,6,1,48.8,44.5,9.1,Resolved
4896,20260621,5,4,2,4,69.9,72.9,12.8,Resolved
4897,20260724,4,2,5,1,43.1,43.5,11.9,Resolved
4898,20260621,1,9,3,5,62.2,60.0,11.9,Resolved
4899,20260525,5,4,7,1,47.8,53.0,24.8,Under Investigation
4900,20260529,2,8,8,5,26.4,30.3,10.1,Closed
4901,20260703,3,4,2,1,43.7,34.5,18.5,Closed
4902,20260608,2,4,3,4,54.5,54.8,19.4,Resolved
4903,20260713,4,7,8,4,66.5,60.8,13.1,Resolved
4904,20260715,3,4,1,3,77.4,78.2,20.9,Closed
4905,20260502,4,9,5,1,67.1,48.2,11.0,Closed
4906,20260703,1,1,2,3,35.1,36.3,9.9,Resolved
4907,20260601,1,1,4,3,60.7,65.0,12.5,Resolved
4908,20260614,2,1,1,3,65.9,65.2,9.8,Resolved
4909,20260522,1,3,2,3,58.3,51.3,6.1,Resolved
4910,20260601,3,1,4,5,62.5,74.2,5.5,Escalated
4911,20260528,1,4,1,5,26.0,32.9,17.1,Resolved
4912,20260503,3,1,7,2,40.1,36.9,10.4,Under Investigation
4913,20260708,1,8,5,1,82.2,80.6,17.4,Resolved
4914,20260511,1,2,4,1,50.8,38.9,9.6,Resolved
4915,20260601,3,10,4,3,88.3,91.1,10.1,Under Investigation
4916,20260516,2,9,7,5,35.8,27.6,8.8,Under Investigation
4917,20260513,1,7,7,2,78.5,82.5,11.9,Resolved
4918,20260601,1,8,1,1,45.8,52.0,10.8,Resolved
4919,20260720,1,8,6,2,82.6,82.2,8.1,Resolved
4920,20260722,3,9,4,2,66.6,60.2,7.0,Closed
4921,20260602,1,6,7,5,56.7,64.2,8.8,Closed
4922,20260613,2,7,7,3,63.9,63.9,7.5,Resolved
4923,20260726,3,5,6,1,64.5,65.1,9.3,Closed
4924,20260520,3,7,6,2,67.0,61.4,10.4,Under Investigation
4925,20260723,3,4,2,1,67.7,68.9,16.5,Resolved
4926,20260508,1,2,7,3,57.7,56.5,14.4,Resolved
4927,20260519,5,10,6,3,15.3,7.3,13.5,Closed
4928,20260529,2,7,3,1,49.9,57.9,9.3,Under Investigation
4929,20260502,1,8,2,2,74.0,84.6,7.1,Closed
4930,20260711,5,3,5,5,74.1,80.2,9.9,Resolved
4931,20260714,3,8,3,4,79.0,84.2,9.6,Closed
4932,20260602,3,6,6,3,55.8,66.4,9.8,Escalated
4933,20260713,4,1,4,2,90.1,83.8,8.8,Escalated
4934,20260707,1,10,2,5,65.3,58.9,6.9,Closed
4935,20260710,4,10,4,3,53.1,50.6,10.1,Resolved
4936,20260710,3,9,7,5,75.8,77.6,8.9,Under Investigation
4937,20260619,2,5,7,1,68.8,67.0,9.2,Resolved
4938,20260508,1,3,3,1,64.4,58.3,10.3,Closed
4939,20260721,1,1,7,1,64.3,64.3,9.8,Under Investigation
4940,20260622,5,8,1,4,59.2,58.6,10.2,Resolved
4941,20260719,1,9,8,3,89.9,94.9,8.8,Resolved
4942,20260724,1,2,7,1,79.5,79.8,11.1,Resolved
4943,20260515,3,7,1,5,32.8,21.4,7.8,Resolved
4944,20260604,3,1,6,5,45.6,47.9,6.7,Resolved
4945,20260516,1,8,4,1,44.9,54.4,7.3,Closed
4946,20260503,4,1,8,3,43.7,43.9,8.0,Under Investigation
4947,20260724,3,10,2,3,40.7,46.6,6.1,Closed
4948,20260721,4,2,8,1,98.7,95.7,4.9,Resolved
4949,20260721,1,5,7,3,57.2,60.6,11.5,Resolved
4950,20260717,1,7,3,1,66.1,61.6,13.8,Closed
4951,20260626,3,9,4,5,25.9,24.4,11.7,Under Investigation
4952,20260614,1,4,6,4,68.0,66.6,16.6,Resolved
4953,20260727,3,10,2,5,73.0,75.9,4.9,Closed
4954,20260617,1,1,8,4,49.7,44.8,10.6,Resolved
4955,20260625,4,5,2,1,50.5,41.7,5.2,Resolved
4956,20260518,4,10,2,2,63.8,66.6,9.7,Under Investigation
4957,20260705,4,3,5,3,52.5,55.1,7.6,Under Investigation
4958,20260711,5,6,4,2,33.8,34.5,3.2,Under Investigation
4959,20260629,5,5,1,3,36.3,41.9,14.4,Resolved
4960,20260612,2,4,8,2,34.8,33.6,14.2,Resolved
4961,20260516,2,8,2,1,59.1,60.8,8.9,Resolved
4962,20260502,4,6,1,2,69.0,66.9,9.6,Resolved
4963,20260624,5,8,5,3,77.0,75.4,8.6,Resolved
4964,20260629,5,6,8,2,31.1,33.1,11.4,Under Investigation
4965,20260707,4,10,1,3,70.3,83.9,7.8,Closed
4966,20260723,1,5,4,2,62.4,66.9,11.1,Closed
4967,20260612,5,8,8,4,98.9,100.0,11.0,Escalated
4968,20260712,5,7,8,3,85.1,89.7,5.9,Resolved
4969,20260702,3,9,2,3,83.2,69.1,10.7,Resolved
4970,20260523,4,9,5,2,67.0,68.9,6.8,Closed
4971,20260714,3,3,7,2,71.4,76.9,6.5,Resolved
4972,20260503,5,4,6,1,49.0,49.5,18.9,Resolved
4973,20260621,1,4,6,3,46.0,45.7,16.8,Resolved
4974,20260722,4,5,7,1,59.0,53.4,11.1,Under Investigation
4975,20260627,1,5,4,4,64.3,61.7,11.1,Closed
4976,20260722,2,1,1,4,94.4,89.4,5.7,Resolved
4977,20260504,1,9,6,2,49.6,55.6,12.2,Under Investigation
4978,20260615,2,9,6,4,44.2,53.2,10.9,Under Investigation
4979,20260708,1,7,7,3,39.4,51.0,8.2,Closed
4980,20260625,5,4,8,1,58.7,53.6,17.6,Resolved
4981,20260717,3,9,3,4,96.6,92.6,12.3,Under Investigation
4982,20260609,4,3,8,5,74.2,69.7,9.0,Closed
4983,20260629,1,4,1,1,76.3,70.2,24.3,Closed
4984,20260605,1,10,8,1,61.2,55.2,14.5,Resolved
4985,20260716,4,10,2,3,78.9,75.8,10.4,Resolved
4986,20260509,3,6,6,2,74.2,79.4,9.3,Closed
4987,20260521,3,2,6,3,38.3,34.0,9.4,Closed
4988,20260507,4,2,6,3,48.4,54.7,8.2,Resolved
4989,20260701,4,10,8,4,82.7,90.9,10.4,Resolved
4990,20260519,3,3,5,1,38.9,40.6,12.1,Resolved
4991,20260527,5,7,2,2,54.5,61.9,6.0,Under Investigation
4992,20260713,3,4,5,4,74.5,66.3,19.9,Resolved
4993,20260531,3,5,3,2,56.2,52.9,12.8,Resolved
4994,20260512,2,10,5,2,72.2,73.3,11.7,Escalated
4995,20260430,1,6,4,1,77.9,79.2,9.6,Resolved
4996,20260519,1,5,1,1,62.2,70.8,11.6,Closed
4997,20260720,4,5,6,2,90.5,84.5,13.9,Resolved
4998,20260617,3,3,1,2,41.1,37.9,9.8,Resolved
4999,20260727,2,6,3,3,72.0,71.5,10.1,Closed
5000,20260518,3,6,5,3,91.1,88.0,16.4,Resolved
5001,20260530,1,1,8,4,84.1,77.8,10.9,Resolved
5002,20260513,1,5,3,4,35.8,32.9,7.0,Resolved
5003,20260603,5,7,3,1,54.8,53.3,12.6,Under Investigation
5004,20260618,2,1,3,1,57.0,65.7,11.2,Resolved
5005,20260710,1,10,5,4,69.2,63.1,8.0,Closed
5006,20260601,2,9,2,2,74.1,79.0,6.7,Closed
5007,20260707,2,7,5,2,88.6,96.2,10.7,Resolved
5008,20260624,3,1,7,1,55.6,52.5,9.8,Resolved
5009,20260525,5,6,1,3,71.8,73.4,6.3,Under Investigation
5010,20260720,3,9,8,1,79.4,82.9,9.7,Closed
5011,20260607,3,1,5,1,54.7,57.2,9.5,Resolved
5012,20260512,2,8,6,2,29.5,30.0,9.8,Resolved
5013,20260724,3,9,5,4,87.6,83.5,11.5,Resolved
5014,20260720,2,1,8,1,78.7,82.7,4.7,Closed
5015,20260503,1,3,6,3,60.8,58.6,6.7,Resolved
5016,20260719,4,8,8,2,54.3,54.5,8.5,Under Investigation
5017,20260723,2,10,3,2,100.0,100.0,14.0,Resolved
5018,20260712,2,8,2,2,66.6,71.7,17.1,Under Investigation
5019,20260521,1,6,6,1,37.9,49.5,10.0,Resolved
5020,20260624,4,7,2,2,35.5,31.1,10.1,Under Investigation
5021,20260616,1,6,1,4,65.2,65.5,2.7,Resolved
5022,20260623,2,6,2,1,65.6,56.7,12.7,Resolved
5023,20260623,4,8,3,5,48.1,57.0,11.3,Resolved
5024,20260625,2,1,1,1,61.9,62.2,10.8,Escalated
5025,20260614,5,3,6,2,65.0,63.2,6.3,Under Investigation
5026,20260630,1,1,5,3,58.4,58.7,15.9,Resolved
5027,20260615,3,8,2,4,44.5,45.1,14.6,Resolved
5028,20260430,5,8,3,1,69.4,65.0,10.9,Resolved
5029,20260502,3,1,8,1,67.6,74.7,13.0,Resolved
5030,20260724,3,2,8,3,80.8,84.7,10.2,Escalated
5031,20260719,2,3,1,1,56.5,61.2,12.5,Resolved
5032,20260620,4,3,5,3,35.0,30.9,6.1,Under Investigation
5033,20260514,5,6,3,4,56.1,51.7,3.2,Under Investigation
5034,20260708,3,5,3,1,75.6,74.9,6.2,Closed
5035,20260511,5,4,5,4,70.6,75.4,15.6,Under Investigation
5036,20260601,3,2,8,1,63.8,66.8,8.1,Resolved
5037,20260528,3,7,5,4,48.2,43.5,11.3,Resolved
5038,20260430,2,8,8,5,42.9,46.9,9.2,Resolved
5039,20260710,3,7,7,3,62.7,56.9,9.9,Resolved
5040,20260613,4,9,7,5,54.9,50.9,6.4,Resolved
5041,20260527,3,10,7,4,71.6,72.5,6.2,Closed
5042,20260613,1,9,7,1,47.8,40.8,10.1,Resolved
5043,20260429,3,7,3,1,49.1,43.3,8.4,Under Investigation
5044,20260607,4,1,8,1,85.8,95.1,10.0,Resolved
5045,20260614,5,4,8,2,78.3,86.5,19.6,Resolved
5046,20260529,1,5,5,3,41.8,55.5,14.9,Resolved
5047,20260712,1,8,6,2,86.4,89.1,9.9,Resolved
5048,20260521,2,9,8,3,38.2,42.1,15.4,Resolved
5049,20260511,1,7,2,2,48.5,47.6,11.2,Closed
5050,20260615,5,4,1,1,50.2,48.1,20.1,Under Investigation
5051,20260717,2,8,8,1,77.0,82.2,13.2,Resolved
5052,20260601,3,7,5,5,64.3,72.5,12.2,Resolved
5053,20260503,1,8,6,2,56.6,61.3,7.6,Closed
5054,20260725,2,6,5,2,82.2,77.2,13.2,Resolved
5055,20260607,5,7,5,1,49.0,51.3,8.9,Resolved
5056,20260514,2,4,1,5,60.6,56.0,18.9,Escalated
5057,20260623,1,4,3,1,56.2,54.3,18.4,Under Investigation
5058,20260527,1,3,1,3,34.2,44.0,13.4,Resolved
5059,20260722,5,3,4,1,78.2,71.0,11.2,Under Investigation
5060,20260525,5,7,1,1,56.4,69.4,5.8,Resolved
5061,20260617,1,4,7,3,44.3,47.6,24.3,Under Investigation
5062,20260616,3,2,3,3,48.6,45.8,12.5,Resolved
5063,20260520,1,1,6,3,49.0,49.4,8.3,Closed
5064,20260612,3,9,1,1,51.3,47.2,6.6,Under Investigation
5065,20260508,1,5,1,5,81.4,78.1,12.8,Resolved
5066,20260625,4,6,4,3,86.4,86.8,6.9,Under Investigation
5067,20260706,5,10,7,5,19.4,17.4,12.4,Resolved
5068,20260723,1,2,7,1,79.0,73.4,13.2,Closed
5069,20260528,2,10,5,2,69.3,68.0,8.1,Resolved
5070,20260524,1,8,5,2,51.8,43.9,7.8,Resolved
5071,20260617,2,7,6,4,68.9,61.3,8.6,Escalated
5072,20260630,1,5,6,4,81.1,73.4,7.0,Resolved
5073,20260727,1,8,6,2,53.8,63.8,10.7,Resolved
5074,20260501,5,3,1,1,57.0,59.4,11.1,Escalated
5075,20260520,1,4,4,1,84.4,88.0,20.2,Under Investigation
5076,20260522,4,10,7,1,36.4,36.5,7.5,Resolved
5077,20260521,1,3,4,4,53.3,56.3,12.5,Resolved
5078,20260609,3,8,2,1,48.3,55.4,7.0,Under Investigation
5079,20260716,2,10,6,1,93.3,95.7,12.5,Closed
5080,20260501,5,6,3,2,72.9,82.7,5.5,Under Investigation
5081,20260711,1,3,5,1,66.1,65.9,14.7,Under Investigation
5082,20260623,1,9,5,5,55.5,59.1,8.4,Escalated
5083,20260623,4,9,6,2,29.2,33.4,11.8,Resolved
5084,20260629,3,6,8,5,77.0,71.4,12.0,Resolved
5085,20260509,3,2,6,3,49.7,50.0,6.2,Under Investigation
5086,20260705,1,5,8,3,57.5,46.5,12.5,Resolved
5087,20260521,1,5,1,2,69.6,68.8,8.3,Resolved
5088,20260614,4,2,7,3,58.0,56.3,9.1,Resolved
5089,20260628,3,5,4,3,70.1,68.1,8.0,Under Investigation
5090,20260622,3,2,6,1,64.1,61.7,14.8,Under Investigation
5091,20260528,1,7,1,5,58.1,61.2,6.5,Closed
5092,20260603,1,5,5,2,59.7,54.4,11.3,Resolved
5093,20260610,5,8,1,2,38.2,49.4,8.1,Closed
5094,20260502,3,5,6,2,52.8,56.2,13.3,Resolved
5095,20260703,1,8,2,3,74.6,69.8,17.0,Under Investigation
5096,20260507,5,8,2,2,41.5,45.4,8.1,Under Investigation
5097,20260609,3,2,1,2,44.3,50.3,10.4,Resolved
5098,20260626,2,5,3,1,41.8,44.0,8.8,Closed
5099,20260506,2,8,8,2,57.3,51.3,13.1,Resolved
5100,20260727,3,6,8,1,95.4,100.0,9.3,Resolved
5101,20260601,2,3,1,4,63.2,67.0,12.7,Resolved
5102,20260430,3,9,8,2,22.3,14.8,8.8,Resolved
5103,20260627,3,2,5,5,64.7,66.0,16.7,Under Investigation
5104,20260618,1,10,3,3,48.4,47.1,3.4,Resolved
5105,20260625,5,8,8,4,62.6,62.6,11.1,Resolved
5106,20260705,2,4,2,5,57.4,50.2,18.0,Resolved
5107,20260610,2,2,2,1,42.1,42.4,9.9,Under Investigation
5108,20260712,3,10,2,3,63.3,58.3,10.9,Resolved
5109,20260601,3,6,2,1,48.4,46.3,10.2,Escalated
5110,20260617,2,9,4,1,59.6,61.9,10.7,Resolved
5111,20260513,3,9,2,2,41.7,38.8,11.2,Under Investigation
5112,20260623,5,1,2,3,38.1,36.4,15.2,Closed
5113,20260522,4,7,3,4,66.0,70.9,2.0,Resolved
5114,20260630,4,4,6,1,73.0,67.7,23.5,Resolved
5115,20260710,1,10,7,4,71.7,67.8,17.7,Closed
5116,20260715,2,3,1,1,56.6,49.1,4.7,Resolved
5117,20260721,3,1,6,1,59.2,54.3,10.1,Under Investigation
5118,20260510,1,7,1,1,44.8,45.6,14.1,Resolved
5119,20260511,4,6,8,3,68.4,72.2,12.8,Resolved
5120,20260721,2,6,3,2,58.0,53.2,15.0,Escalated
5121,20260602,1,3,7,1,68.3,72.0,11.1,Resolved
5122,20260501,1,5,7,1,64.6,65.2,3.9,Closed
5123,20260524,1,10,3,3,73.6,65.3,13.9,Resolved
5124,20260713,2,8,3,4,80.9,81.9,11.9,Resolved
5125,20260530,3,10,3,1,63.1,70.3,14.4,Resolved
5126,20260505,3,4,4,3,33.0,21.6,13.4,Escalated
5127,20260702,1,9,4,3,66.8,78.8,6.4,Resolved
5128,20260516,1,4,6,2,56.7,53.0,18.0,Resolved
5129,20260530,4,10,4,1,49.4,39.5,14.0,Resolved
5130,20260429,1,9,7,5,75.4,76.2,14.8,Under Investigation
5131,20260622,3,2,4,2,52.7,57.7,7.8,Resolved
5132,20260608,3,10,3,2,47.1,45.4,8.8,Closed
5133,20260716,3,7,3,4,94.4,96.3,18.6,Resolved
5134,20260529,4,8,6,4,48.9,61.6,8.3,Resolved
5135,20260517,3,6,2,3,46.3,47.5,12.0,Resolved
5136,20260513,5,3,3,4,38.1,56.0,8.6,Resolved
5137,20260517,4,10,3,1,42.7,50.3,11.4,Escalated
5138,20260608,1,2,6,4,44.0,44.3,7.4,Closed
5139,20260506,1,9,2,2,64.3,66.0,7.5,Under Investigation
5140,20260604,2,3,4,4,39.7,37.8,8.9,Closed
5141,20260714,2,8,6,2,37.8,39.3,8.4,Escalated
5142,20260707,3,5,8,1,65.5,68.9,9.1,Resolved
5143,20260625,1,3,4,2,45.5,43.1,11.6,Resolved
5144,20260718,1,3,8,4,68.1,59.8,15.7,Under Investigation
5145,20260708,2,4,5,2,80.9,88.8,16.2,Closed
5146,20260626,3,10,7,4,56.1,61.9,7.0,Escalated
5147,20260715,3,8,2,1,89.0,80.5,10.0,Under Investigation
5148,20260510,5,7,8,1,54.0,55.0,7.4,Resolved
5149,20260711,1,7,3,3,78.8,85.0,5.1,Escalated
5150,20260525,2,5,2,2,46.8,52.3,13.2,Under Investigation
5151,20260703,5,10,1,3,59.9,55.7,10.2,Closed
5152,20260720,3,3,6,5,55.7,61.6,10.5,Under Investigation
5153,20260612,3,10,6,3,42.8,42.9,4.2,Resolved
5154,20260506,3,4,2,2,51.6,53.9,16.2,Under Investigation
5155,20260601,1,4,8,3,35.1,29.6,13.8,Resolved
5156,20260604,4,5,3,5,57.4,31.9,9.9,Resolved
5157,20260722,3,8,5,3,66.5,61.8,10.4,Under Investigation
5158,20260722,3,8,5,4,74.5,77.7,10.4,Closed
5159,20260619,3,8,5,2,35.3,34.1,8.0,Escalated
5160,20260723,2,1,6,4,82.2,86.1,7.4,Resolved
5161,20260607,1,2,8,1,80.5,87.1,9.4,Resolved
5162,20260605,4,9,6,4,77.3,75.3,11.1,Resolved
5163,20260713,3,10,8,4,93.6,91.0,8.3,Under Investigation
5164,20260628,1,2,7,5,55.6,42.5,7.2,Under Investigation
5165,20260615,2,10,3,1,49.7,40.4,7.3,Resolved
5166,20260609,5,3,5,4,62.3,54.3,8.0,Resolved
5167,20260701,2,10,2,1,53.4,56.7,8.6,Escalated
5168,20260705,2,10,8,2,33.6,31.7,6.7,Resolved
5169,20260612,3,7,8,3,67.3,64.1,8.7,Under Investigation
5170,20260501,4,2,8,2,51.5,47.6,13.7,Escalated
5171,20260508,3,8,6,2,33.0,28.3,9.1,Resolved
5172,20260511,4,2,7,3,47.4,52.9,6.3,Resolved
5173,20260609,1,4,7,3,51.8,52.4,11.2,Under Investigation
5174,20260623,5,7,2,3,55.2,61.1,15.5,Resolved
5175,20260710,5,1,3,2,63.4,50.2,13.4,Resolved
5176,20260519,3,4,5,3,75.5,78.7,18.9,Closed
5177,20260708,3,8,4,2,42.3,39.4,13.5,Resolved
5178,20260627,1,1,6,1,52.7,51.0,11.6,Closed
5179,20260503,2,4,6,2,41.8,49.9,17.8,Resolved
5180,20260530,1,1,8,3,73.8,71.5,6.3,Resolved
5181,20260526,1,7,7,1,46.6,49.6,15.7,Resolved
5182,20260717,5,1,1,1,73.0,66.9,8.7,Under Investigation
5183,20260720,1,3,3,5,85.4,85.6,8.9,Closed
5184,20260711,3,6,3,4,83.5,74.0,10.1,Resolved
5185,20260615,2,3,6,3,77.1,76.8,10.2,Closed
5186,20260612,2,3,3,4,30.4,32.7,11.7,Under Investigation
5187,20260527,2,9,8,5,62.2,68.8,11.4,Closed
5188,20260707,2,8,3,3,65.1,60.2,8.3,Under Investigation
5189,20260506,3,1,4,1,54.2,51.0,10.1,Under Investigation
5190,20260523,5,9,7,3,56.0,52.1,11.6,Closed
5191,20260511,2,5,3,5,74.3,72.8,8.0,Under Investigation
5192,20260612,5,2,1,3,70.6,64.8,14.3,Escalated
5193,20260525,3,10,3,1,68.5,55.6,9.9,Resolved
5194,20260516,3,4,3,5,58.1,51.8,22.8,Resolved
5195,20260601,1,4,5,4,89.1,88.8,13.8,Under Investigation
5196,20260715,1,2,6,2,60.3,59.4,12.0,Resolved
5197,20260618,4,9,5,5,30.8,34.1,7.3,Resolved
5198,20260712,3,3,4,3,60.4,65.5,8.1,Closed
5199,20260720,2,6,5,4,70.5,67.8,12.7,Under Investigation
5200,20260719,4,3,2,5,88.5,79.0,9.3,Closed
5201,20260530,2,9,2,1,47.3,49.7,17.8,Resolved
5202,20260716,4,8,5,4,84.9,84.8,11.6,Resolved
5203,20260719,2,6,7,2,46.8,45.2,7.9,Resolved
5204,20260724,5,4,5,4,88.6,95.9,19.6,Closed
5205,20260530,1,7,1,4,56.0,58.7,9.3,Resolved
5206,20260519,1,5,8,4,50.8,51.5,12.5,Closed
5207,20260620,3,10,3,4,87.0,88.0,9.1,Resolved
5208,20260721,1,7,6,4,86.4,91.5,11.2,Resolved
5209,20260719,5,1,8,1,53.4,49.3,10.6,Escalated
5210,20260619,3,9,8,2,53.4,48.1,10.2,Under Investigation
5211,20260512,1,2,1,1,96.0,94.6,13.1,Resolved
5212,20260606,1,4,2,4,84.7,77.6,12.6,Resolved
5213,20260702,5,5,6,3,71.5,71.2,10.3,Resolved
5214,20260618,3,3,7,3,27.3,27.9,7.9,Escalated
5215,20260530,4,10,7,1,75.0,74.6,6.0,Resolved
5216,20260529,1,10,5,3,45.5,43.3,7.5,Resolved
5217,20260504,5,2,2,2,74.9,84.8,8.1,Resolved
5218,20260524,3,4,6,5,44.2,49.8,17.3,Resolved
5219,20260628,3,4,6,4,62.3,61.7,19.0,Escalated
5220,20260520,2,7,4,2,45.4,46.0,11.6,Under Investigation
5221,20260727,1,6,6,4,68.9,77.2,8.8,Closed
5222,20260506,5,7,2,1,64.3,60.8,14.8,Under Investigation
5223,20260620,5,1,7,1,35.2,29.4,8.9,Resolved
5224,20260612,2,6,1,3,90.6,92.0,4.2,Under Investigation
5225,20260712,5,3,7,3,48.9,51.4,9.0,Closed
5226,20260717,1,3,7,1,61.9,64.8,10.1,Resolved
5227,20260616,1,8,6,1,64.4,69.4,2.0,Resolved
5228,20260624,1,2,7,2,74.4,70.0,13.6,Resolved
5229,20260630,2,1,8,1,51.5,43.0,9.7,Closed
5230,20260614,1,5,2,2,38.9,35.4,6.5,Resolved
5231,20260515,2,8,5,2,41.2,44.7,7.1,Resolved
5232,20260606,1,6,6,5,39.5,34.0,12.3,Under Investigation
5233,20260520,3,2,8,2,59.6,48.0,12.7,Under Investigation
5234,20260609,4,8,6,1,54.0,54.9,8.1,Resolved
5235,20260623,3,4,5,1,61.4,58.0,13.9,Resolved
5236,20260517,1,8,5,1,60.5,50.1,10.4,Under Investigation
5237,20260521,4,3,2,4,67.4,67.8,10.9,Resolved
5238,20260712,1,10,3,2,58.2,55.9,11.7,Resolved
5239,20260601,4,3,4,1,43.9,54.0,8.3,Resolved
5240,20260516,3,10,8,5,57.3,57.8,9.6,Escalated
5241,20260702,2,4,7,4,56.8,60.3,18.1,Resolved
5242,20260702,1,8,6,1,61.5,61.4,12.9,Under Investigation
5243,20260712,4,6,1,1,53.7,50.1,14.0,Resolved
5244,20260706,5,1,6,4,70.0,67.1,14.8,Resolved
5245,20260727,3,1,4,3,56.7,63.2,13.9,Under Investigation
5246,20260619,5,5,6,5,48.4,52.9,15.4,Resolved
5247,20260524,5,2,4,1,71.9,63.0,13.0,Resolved
5248,20260715,1,7,6,4,49.4,41.9,8.2,Closed
5249,20260522,3,2,2,1,70.8,63.6,14.6,Closed
5250,20260525,2,6,2,2,33.9,40.3,5.9,Under Investigation
5251,20260712,2,3,2,4,40.6,30.2,17.1,Under Investigation
5252,20260717,1,2,8,3,55.8,60.5,7.1,Under Investigation
5253,20260529,5,4,1,1,56.8,59.2,20.7,Resolved
5254,20260703,3,6,3,1,69.3,70.2,14.3,Resolved
5255,20260721,1,4,3,4,89.7,86.9,19.4,Under Investigation
5256,20260709,2,4,7,1,80.5,87.6,11.8,Under Investigation
5257,20260429,2,4,3,2,67.9,68.6,15.2,Resolved
5258,20260627,4,4,8,1,42.5,33.8,19.1,Closed
5259,20260514,5,5,8,1,42.4,35.1,11.9,Resolved
5260,20260714,2,9,6,4,77.5,67.6,9.5,Resolved
5261,20260505,2,6,3,1,76.3,83.5,10.2,Resolved
5262,20260727,3,5,5,2,58.9,67.4,5.6,Under Investigation
5263,20260514,2,8,6,3,74.4,80.9,15.3,Resolved
5264,20260605,3,6,1,1,26.2,25.3,8.9,Resolved
5265,20260520,1,10,7,3,60.8,52.2,12.4,Under Investigation
5266,20260711,1,6,4,2,62.1,55.8,14.2,Under Investigation
5267,20260603,2,3,7,4,51.9,46.0,6.5,Resolved
5268,20260705,5,6,5,4,60.1,59.8,10.4,Under Investigation
5269,20260505,2,8,7,4,42.2,50.5,10.8,Closed
5270,20260608,1,3,1,2,61.7,70.0,9.2,Resolved
5271,20260719,4,3,1,4,69.9,67.0,12.8,Under Investigation
5272,20260721,5,6,1,3,84.4,71.0,8.0,Resolved
5273,20260517,2,9,7,2,78.9,71.9,10.2,Resolved
5274,20260603,1,4,8,1,56.9,64.0,16.9,Resolved
5275,20260604,3,6,8,1,42.7,44.1,17.0,Closed
5276,20260618,2,7,3,1,37.9,35.8,8.0,Resolved
5277,20260616,3,7,3,1,80.5,77.9,12.2,Closed
5278,20260508,1,2,3,5,78.6,74.1,15.4,Resolved
5279,20260706,1,4,7,5,73.6,66.4,15.2,Resolved
5280,20260519,2,10,3,1,55.9,68.3,10.3,Resolved
5281,20260527,3,9,5,5,67.2,77.5,7.0,Resolved
5282,20260713,2,8,6,3,84.6,79.7,4.0,Resolved
5283,20260630,1,1,3,2,47.1,36.6,7.6,Resolved
5284,20260603,2,5,4,5,55.4,56.4,8.3,Under Investigation
5285,20260720,4,1,6,3,53.1,52.2,8.5,Under Investigation
5286,20260603,1,4,7,3,53.1,56.9,17.1,Closed
5287,20260618,3,9,2,1,78.2,83.3,10.0,Resolved
5288,20260521,3,4,5,1,71.2,64.2,14.4,Escalated
5289,20260515,2,2,2,5,57.0,64.7,11.1,Resolved
5290,20260612,5,8,1,1,14.6,12.5,13.6,Resolved
5291,20260618,4,8,6,1,45.2,48.8,14.0,Resolved
5292,20260710,2,7,4,1,64.5,62.9,9.2,Closed
5293,20260603,1,9,3,2,51.8,57.3,12.7,Resolved
5294,20260718,2,8,1,2,68.8,54.6,8.0,Resolved
5295,20260622,1,7,8,5,58.6,63.0,9.0,Resolved
5296,20260505,3,9,7,2,47.0,42.0,11.2,Resolved
5297,20260704,5,4,8,4,58.9,59.3,17.0,Resolved
5298,20260619,4,5,1,3,52.8,60.3,6.2,Under Investigation
5299,20260603,2,6,1,2,44.5,39.7,12.5,Under Investigation
5300,20260610,2,7,2,1,82.7,76.9,7.5,Resolved
5301,20260526,1,5,1,1,47.9,45.7,8.4,Resolved
5302,20260623,3,5,4,4,21.2,18.6,13.2,Resolved
5303,20260619,1,2,6,4,81.7,75.4,11.6,Resolved
5304,20260608,5,7,2,2,42.3,42.9,10.5,Resolved
5305,20260524,4,2,4,5,68.5,69.4,5.6,Resolved
5306,20260603,1,5,5,4,44.8,47.6,6.5,Resolved
5307,20260612,3,5,3,1,63.5,58.6,11.2,Resolved
5308,20260610,3,8,4,3,54.3,48.6,11.9,Under Investigation
5309,20260526,4,5,5,4,70.0,69.3,10.8,Under Investigation
5310,20260620,2,1,8,4,51.8,50.3,8.6,Resolved
5311,20260519,1,6,3,1,45.2,43.8,8.5,Resolved
5312,20260613,3,3,1,1,58.9,54.7,10.6,Under Investigation
5313,20260509,1,4,7,2,49.3,51.3,14.2,Resolved
5314,20260610,3,3,5,1,26.1,20.4,10.3,Closed
5315,20260708,1,2,4,1,52.6,51.9,5.8,Under Investigation
5316,20260711,3,10,6,3,100.0,98.2,6.8,Under Investigation
5317,20260630,4,3,8,2,29.0,28.8,10.5,Resolved
5318,20260705,1,6,2,1,63.3,70.4,11.7,Resolved
5319,20260504,2,9,7,3,51.4,43.5,11.0,Resolved
5320,20260529,3,4,6,1,82.5,68.2,14.7,Resolved
5321,20260626,1,10,5,2,38.3,34.7,4.4,Escalated
5322,20260710,3,5,7,4,64.5,57.6,10.0,Closed
5323,20260620,3,10,3,4,65.3,47.2,4.3,Closed
5324,20260714,2,5,7,1,63.0,73.5,12.8,Resolved
5325,20260523,4,1,5,4,43.5,46.9,6.8,Closed
5326,20260512,3,9,8,4,54.7,58.7,16.7,Under Investigation
5327,20260506,3,9,4,3,50.4,48.7,7.1,Resolved
5328,20260620,1,10,6,5,50.3,52.8,11.4,Closed
5329,20260627,1,2,4,1,69.0,66.5,7.8,Closed
5330,20260524,1,9,4,1,61.0,65.9,9.5,Resolved
5331,20260708,5,4,4,4,69.9,71.0,18.6,Escalated
5332,20260704,4,9,8,2,64.0,63.8,12.6,Escalated
5333,20260531,4,10,7,2,69.4,69.6,13.1,Under Investigation
5334,20260520,1,2,2,1,74.6,83.4,12.2,Resolved
5335,20260704,3,4,7,1,54.7,55.7,21.1,Resolved
5336,20260628,4,3,5,1,67.3,61.1,8.2,Closed
5337,20260514,3,4,1,1,35.6,37.6,19.9,Resolved
5338,20260521,1,6,7,5,21.2,24.1,9.0,Resolved
5339,20260611,4,5,2,1,82.4,81.5,13.0,Resolved
5340,20260614,1,7,7,4,50.0,49.7,10.3,Resolved
5341,20260513,1,7,4,1,58.8,52.4,11.9,Resolved
5342,20260723,5,3,8,2,53.3,53.9,10.9,Resolved
5343,20260602,2,1,4,5,35.9,28.6,12.3,Closed
5344,20260602,2,8,1,1,44.3,42.8,7.6,Resolved
5345,20260504,3,2,7,1,64.6,60.6,5.3,Closed
5346,20260716,5,2,6,4,69.8,75.7,13.0,Closed
5347,20260520,1,7,3,1,50.0,59.3,14.0,Resolved
5348,20260726,4,3,2,1,62.5,55.6,9.7,Resolved
5349,20260612,2,2,7,5,72.5,72.5,12.4,Resolved
5350,20260716,1,4,7,2,90.5,88.6,13.1,Closed
5351,20260515,2,6,3,3,47.7,50.5,8.1,Under Investigation
5352,20260513,3,9,6,1,65.3,65.9,10.2,Escalated
5353,20260710,1,10,2,1,59.3,57.0,4.8,Closed
5354,20260711,2,8,2,2,58.6,59.2,5.4,Resolved
5355,20260616,3,9,6,3,54.3,53.0,10.5,Closed
5356,20260501,3,6,7,1,64.6,74.1,8.2,Escalated
5357,20260722,3,5,8,4,57.6,52.8,9.0,Resolved
5358,20260603,4,9,4,4,62.5,64.0,8.8,Closed
5359,20260722,2,4,2,3,100.0,100.0,14.1,Under Investigation
5360,20260716,2,9,5,2,80.2,82.8,9.3,Resolved
5361,20260714,2,10,6,3,66.2,64.4,10.0,Resolved
5362,20260629,3,4,8,3,54.4,62.6,16.3,Under Investigation
5363,20260628,1,7,1,1,62.2,49.7,8.5,Escalated
5364,20260615,2,8,6,4,30.8,24.2,9.4,Resolved
5365,20260501,1,8,5,2,80.5,84.5,12.5,Resolved
5366,20260602,2,3,5,5,69.7,64.4,9.7,Resolved
5367,20260703,5,10,1,5,48.7,43.1,4.2,Under Investigation
5368,20260711,3,6,1,1,64.1,61.3,6.4,Under Investigation
5369,20260618,2,1,5,2,46.6,41.9,12.8,Escalated
5370,20260701,3,2,2,2,61.5,65.3,7.9,Resolved
5371,20260430,3,8,5,2,55.9,61.3,9.7,Resolved
5372,20260610,2,5,1,4,58.4,58.9,15.8,Resolved
5373,20260613,2,2,7,1,39.6,45.9,11.9,Closed
5374,20260718,3,6,3,3,61.1,52.8,3.6,Resolved
5375,20260526,1,6,4,5,72.2,72.7,14.3,Resolved
5376,20260519,3,1,3,5,47.0,55.1,10.4,Resolved
5377,20260530,3,4,4,1,15.3,21.2,19.1,Resolved
5378,20260514,4,5,5,5,52.7,61.3,10.9,Under Investigation
5379,20260618,5,8,6,1,91.2,87.7,12.7,Resolved
5380,20260625,4,7,6,2,67.7,73.2,9.8,Under Investigation
5381,20260710,3,1,8,1,54.2,51.6,5.6,Resolved
5382,20260725,1,7,2,3,72.2,75.8,11.0,Resolved
5383,20260505,3,10,7,1,65.2,73.1,5.9,Under Investigation
5384,20260521,4,1,5,1,28.7,23.9,15.4,Resolved
5385,20260526,5,10,3,2,42.2,31.1,8.9,Resolved
5386,20260521,4,1,8,5,61.0,72.1,9.8,Resolved
5387,20260712,1,7,6,3,88.3,91.2,8.0,Under Investigation
5388,20260511,3,4,2,3,48.4,47.8,19.0,Under Investigation
5389,20260501,4,8,2,3,78.5,77.5,11.4,Resolved
5390,20260715,3,9,6,2,55.0,42.4,8.0,Under Investigation
5391,20260724,3,9,6,1,21.6,22.9,11.4,Resolved
5392,20260519,3,9,1,1,66.2,63.0,10.2,Escalated
5393,20260528,3,9,6,2,63.1,63.4,9.7,Escalated
5394,20260613,1,4,5,5,66.0,66.2,15.7,Resolved
5395,20260615,1,5,8,1,65.5,45.2,16.9,Closed
5396,20260727,4,8,6,3,77.2,80.1,13.5,Resolved
5397,20260604,5,2,8,4,51.1,52.2,12.2,Resolved
5398,20260430,4,6,1,5,51.7,53.6,13.4,Resolved
5399,20260606,2,6,7,1,48.1,47.0,10.9,Escalated
5400,20260618,1,10,3,5,49.0,49.3,9.0,Resolved
5401,20260614,1,1,5,3,27.8,28.8,2.1,Resolved
5402,20260614,4,1,8,2,36.8,38.4,6.3,Closed
5403,20260721,3,1,7,4,67.9,70.8,16.5,Closed
5404,20260710,5,6,2,1,29.4,31.1,13.5,Escalated
5405,20260521,2,6,2,4,24.9,36.0,10.6,Resolved
5406,20260530,3,6,6,3,50.0,45.6,5.3,Under Investigation
5407,20260628,4,3,8,4,53.1,50.9,11.9,Resolved
5408,20260604,1,4,5,4,50.3,60.5,17.2,Resolved
5409,20260606,5,5,1,3,19.3,18.4,12.1,Resolved
5410,20260514,3,1,2,1,78.3,83.9,6.7,Closed
5411,20260521,1,8,6,1,33.5,34.3,8.5,Resolved
5412,20260704,1,1,6,4,46.7,45.3,12.7,Resolved
5413,20260713,4,7,8,3,46.1,52.0,15.8,Resolved
5414,20260708,3,5,5,4,81.2,84.3,8.0,Under Investigation
5415,20260526,4,10,4,2,61.3,52.1,7.0,Escalated
5416,20260511,4,7,1,2,47.9,48.9,13.1,Resolved
5417,20260513,2,5,7,4,46.8,40.8,6.2,Escalated
5418,20260603,4,8,8,4,57.7,65.3,6.4,Resolved
5419,20260614,5,2,1,2,36.3,46.8,10.8,Resolved
5420,20260718,1,2,4,1,74.0,85.2,16.3,Resolved
5421,20260718,4,5,3,4,60.1,62.2,7.5,Resolved
5422,20260429,2,9,6,4,62.8,60.0,8.9,Closed
5423,20260701,2,9,7,2,64.3,66.2,10.3,Under Investigation
5424,20260525,2,4,2,3,46.1,40.5,16.6,Resolved
5425,20260516,4,3,8,1,24.2,38.3,4.7,Closed
5426,20260617,1,10,2,2,51.3,58.5,12.4,Under Investigation
5427,20260502,2,6,7,1,33.3,35.1,10.6,Resolved
5428,20260529,3,2,6,1,56.2,62.2,11.1,Closed
5429,20260617,1,3,2,4,51.2,48.2,9.6,Escalated
5430,20260523,4,9,6,2,46.2,39.6,14.5,Under Investigation
5431,20260621,5,9,3,4,35.6,22.3,8.5,Resolved
5432,20260609,1,10,3,2,72.8,73.3,6.8,Resolved
5433,20260709,1,1,1,1,55.5,54.3,15.0,Closed
5434,20260515,5,9,6,2,90.3,93.4,3.4,Under Investigation
5435,20260504,1,2,7,1,55.5,55.6,9.5,Escalated
5436,20260615,1,9,5,3,60.3,63.1,9.8,Escalated
5437,20260522,5,9,7,5,55.6,60.5,9.7,Closed
5438,20260701,4,4,3,4,62.1,53.3,13.3,Resolved
5439,20260507,3,2,5,4,71.4,76.6,6.4,Resolved
5440,20260619,3,8,7,4,71.6,69.2,12.9,Resolved
5441,20260727,5,1,4,4,47.8,50.9,14.2,Resolved
5442,20260507,3,6,5,3,67.8,73.9,8.7,Resolved
5443,20260526,3,4,2,3,62.5,68.7,15.2,Resolved
5444,20260713,4,5,5,2,65.5,66.3,4.6,Resolved
5445,20260616,3,9,7,1,80.7,81.8,12.8,Under Investigation
5446,20260514,3,10,7,3,81.3,86.7,13.0,Resolved
5447,20260518,2,5,3,3,68.6,59.6,2.0,Resolved
5448,20260706,3,3,5,1,52.2,46.5,2.7,Resolved
5449,20260715,3,9,5,5,48.4,46.7,10.4,Resolved
5450,20260531,2,5,8,1,66.3,58.3,10.8,Under Investigation
5451,20260610,2,2,7,3,75.4,73.8,8.6,Resolved
5452,20260708,4,10,7,5,31.2,29.2,9.9,Resolved
5453,20260514,2,10,7,2,71.3,71.8,9.3,Resolved
5454,20260517,1,3,3,5,51.2,50.9,10.1,Resolved
5455,20260707,1,2,4,4,33.9,40.3,7.3,Escalated
5456,20260515,1,2,4,4,62.0,65.4,10.0,Closed
5457,20260707,4,6,4,5,74.6,74.2,8.0,Resolved
5458,20260612,2,4,8,3,49.7,47.7,15.7,Resolved
5459,20260727,1,7,8,2,58.5,58.2,4.4,Escalated
5460,20260501,4,8,8,3,80.7,80.5,9.5,Under Investigation
5461,20260723,1,1,5,2,61.6,76.7,12.4,Resolved
5462,20260519,1,9,2,2,72.4,63.7,9.0,Under Investigation
5463,20260502,4,1,2,1,32.3,26.7,8.9,Closed
5464,20260703,3,2,3,2,64.6,58.2,13.8,Resolved
5465,20260615,4,8,6,4,60.8,62.4,13.1,Under Investigation
5466,20260713,4,7,3,5,78.1,79.5,15.2,Escalated
5467,20260508,5,10,6,5,77.4,74.0,16.8,Resolved
5468,20260506,1,6,8,1,42.8,48.2,10.2,Closed
5469,20260619,4,5,3,3,62.8,65.0,6.5,Closed
5470,20260717,3,7,8,3,57.7,63.3,8.4,Under Investigation
5471,20260604,1,8,5,1,34.3,41.5,11.7,Resolved
5472,20260709,5,7,7,3,53.7,40.9,14.3,Under Investigation
5473,20260719,2,4,1,2,75.1,79.2,14.9,Under Investigation
5474,20260716,4,10,3,5,100.0,92.3,10.8,Resolved
5475,20260613,3,4,8,1,82.9,84.4,15.6,Resolved
5476,20260630,3,4,8,4,51.0,50.6,17.6,Resolved
5477,20260615,1,3,5,4,59.6,59.4,9.5,Resolved
5478,20260628,5,3,1,3,69.1,61.9,11.1,Under Investigation
5479,20260619,3,3,1,1,66.5,72.7,16.1,Closed
5480,20260615,1,6,4,1,52.5,44.8,11.4,Resolved
5481,20260607,1,8,8,5,56.1,60.6,8.7,Under Investigation
5482,20260626,4,5,4,1,53.3,44.7,8.2,Under Investigation
5483,20260705,1,10,8,1,56.5,56.4,9.4,Resolved
5484,20260720,3,5,5,5,64.5,75.3,7.4,Under Investigation
5485,20260623,3,5,2,4,53.2,67.4,10.4,Resolved
5486,20260508,1,1,5,4,48.9,39.2,2.8,Resolved
5487,20260620,3,10,3,1,38.0,33.8,9.4,Resolved
5488,20260527,1,2,2,2,67.9,64.8,9.6,Closed
5489,20260501,5,2,6,4,62.7,76.2,6.5,Closed
5490,20260505,4,10,2,2,83.1,82.7,8.9,Under Investigation
5491,20260621,1,6,8,1,60.5,66.9,13.4,Under Investigation
5492,20260723,3,1,7,1,65.4,67.2,13.6,Under Investigation
5493,20260613,3,5,7,3,45.6,38.4,8.4,Resolved
5494,20260608,5,6,1,1,55.7,44.5,11.6,Resolved
5495,20260506,2,1,8,4,63.3,59.6,5.5,Resolved
5496,20260628,3,8,4,1,51.3,65.2,9.1,Resolved
5497,20260503,5,7,6,1,32.9,34.4,10.7,Closed
5498,20260713,1,1,2,5,53.9,60.2,14.6,Under Investigation
5499,20260711,3,7,7,5,63.9,55.4,13.6,Under Investigation
5500,20260727,1,3,3,3,85.4,83.4,10.6,Escalated
5501,20260524,3,8,6,5,32.7,37.4,7.3,Under Investigation
5502,20260513,2,4,3,1,59.0,52.5,22.1,Under Investigation
5503,20260525,5,3,8,2,58.3,57.9,9.0,Escalated
5504,20260709,2,6,6,1,55.6,50.3,11.3,Resolved
5505,20260518,1,5,4,2,46.2,51.2,9.6,Resolved
5506,20260717,4,4,4,4,67.1,69.5,24.0,Under Investigation
5507,20260512,4,9,1,4,57.1,61.2,8.2,Resolved
5508,20260503,3,7,3,1,71.9,77.1,12.7,Under Investigation
5509,20260518,4,5,7,2,73.0,71.6,9.7,Escalated
5510,20260705,1,3,7,5,42.8,48.8,11.7,Escalated
5511,20260622,3,6,8,3,52.2,48.7,14.9,Resolved
5512,20260530,1,1,1,1,22.1,25.9,4.0,Resolved
5513,20260627,1,9,3,2,56.6,44.8,9.8,Closed
5514,20260626,5,1,7,2,64.0,59.5,7.3,Closed
5515,20260617,3,7,3,2,78.6,92.5,11.3,Resolved
5516,20260614,1,4,2,2,28.2,31.9,20.1,Closed
5517,20260508,1,8,3,2,38.7,42.4,8.6,Closed
5518,20260522,5,4,8,2,57.2,52.3,16.4,Resolved
5519,20260615,1,1,7,2,30.7,24.1,10.6,Resolved
5520,20260511,1,10,1,1,57.6,56.0,6.2,Closed
5521,20260610,1,8,7,1,64.3,63.9,11.0,Under Investigation
5522,20260509,1,1,5,2,35.8,47.3,7.5,Under Investigation
5523,20260708,2,1,7,4,63.7,69.8,12.2,Closed
5524,20260508,5,6,5,4,36.8,37.5,6.0,Closed
5525,20260507,2,10,6,1,75.6,76.0,8.3,Resolved
5526,20260625,3,6,5,2,58.1,62.6,7.7,Resolved
5527,20260518,4,1,6,3,45.4,37.5,9.1,Closed
5528,20260530,3,7,7,2,36.4,24.9,14.1,Resolved
5529,20260527,4,5,5,3,60.8,65.3,12.5,Resolved
5530,20260518,3,7,1,5,75.4,75.8,8.6,Closed
5531,20260706,3,4,1,1,48.8,40.9,16.6,Escalated
5532,20260630,3,1,4,2,49.7,37.1,12.7,Resolved
5533,20260520,4,1,4,2,43.7,49.1,6.5,Resolved
5534,20260629,3,7,7,3,79.0,75.9,10.1,Escalated
5535,20260702,4,7,1,1,29.0,31.4,8.2,Resolved
5536,20260616,1,4,8,3,74.3,72.7,17.5,Resolved
5537,20260620,3,1,1,1,49.3,49.1,12.4,Closed
5538,20260722,3,8,4,4,69.9,66.3,8.0,Escalated
5539,20260608,1,2,4,3,49.9,49.4,12.9,Resolved
5540,20260602,4,2,5,2,58.6,62.1,16.6,Under Investigation
5541,20260616,2,5,1,5,44.1,42.4,11.8,Resolved
5542,20260713,1,8,7,4,80.9,78.9,9.7,Resolved
5543,20260701,4,10,2,2,73.5,77.1,13.5,Closed
5544,20260505,1,7,7,5,40.2,44.2,6.7,Resolved
5545,20260609,2,10,5,4,65.0,58.2,14.6,Under Investigation
5546,20260704,2,7,8,1,53.7,53.5,7.7,Resolved
5547,20260519,4,9,8,3,55.8,52.7,16.5,Resolved
5548,20260726,2,2,7,3,96.5,96.6,7.8,Resolved
5549,20260710,3,1,4,3,52.9,61.5,12.0,Resolved
5550,20260714,4,7,4,5,79.6,81.8,5.3,Under Investigation
5551,20260506,3,10,6,2,61.9,74.9,9.4,Escalated
5552,20260620,5,8,6,1,52.1,53.4,6.8,Escalated
5553,20260615,4,4,7,2,60.5,59.5,13.7,Resolved
5554,20260624,2,5,4,4,58.7,58.6,13.6,Resolved
5555,20260714,5,2,4,2,48.3,49.2,6.3,Resolved
5556,20260530,3,4,1,1,45.9,47.8,15.8,Under Investigation
5557,20260616,1,7,2,2,39.3,33.3,7.4,Closed
5558,20260629,1,2,7,3,51.5,50.1,13.4,Escalated
5559,20260705,3,5,8,1,79.8,75.5,13.1,Resolved
5560,20260707,1,3,5,2,69.7,75.9,13.8,Under Investigation
5561,20260529,3,5,3,1,33.5,21.9,7.6,Resolved
5562,20260727,2,8,1,2,70.2,71.1,14.0,Resolved
5563,20260429,3,9,1,1,58.5,49.4,7.6,Resolved
5564,20260612,1,5,6,1,66.2,68.8,7.7,Resolved
5565,20260622,4,9,6,3,45.2,42.8,7.9,Resolved
5566,20260504,2,8,3,1,36.4,25.5,8.0,Resolved
5567,20260608,1,10,2,1,54.2,59.9,9.7,Under Investigation
5568,20260621,2,8,1,3,63.5,48.4,7.5,Resolved
5569,20260622,2,6,6,1,58.5,58.3,10.7,Resolved
5570,20260509,3,7,5,1,41.7,45.8,2.2,Resolved
5571,20260523,3,4,3,2,81.3,89.6,18.7,Resolved
5572,20260521,1,7,6,2,53.5,43.8,6.7,Resolved
5573,20260625,4,8,7,3,57.9,54.8,8.0,Resolved
5574,20260528,2,7,5,5,45.1,51.6,8.1,Resolved
5575,20260619,1,2,3,2,71.6,78.5,12.8,Escalated
5576,20260703,4,6,1,3,66.9,74.6,11.5,Resolved
5577,20260709,3,8,7,5,67.1,82.5,9.5,Escalated
5578,20260515,3,2,5,2,37.7,34.6,7.9,Resolved
5579,20260719,2,8,3,4,85.4,87.6,12.3,Escalated
5580,20260513,2,9,1,3,66.4,64.3,15.4,Resolved
5581,20260430,3,6,7,3,70.2,58.3,9.9,Closed
5582,20260503,1,10,8,5,55.6,55.1,5.2,Resolved
5583,20260517,1,9,4,1,53.9,41.9,7.9,Closed
5584,20260716,5,5,3,5,74.8,71.7,11.7,Resolved
5585,20260517,3,9,5,2,89.2,80.4,8.7,Under Investigation
5586,20260630,2,10,7,3,48.2,50.8,7.4,Resolved
5587,20260605,1,2,5,2,37.2,32.5,7.3,Resolved
5588,20260502,4,10,1,1,49.4,38.7,10.3,Resolved
5589,20260607,1,1,2,1,47.0,52.2,5.4,Resolved
5590,20260501,1,5,1,5,73.9,70.3,9.9,Resolved
5591,20260610,1,10,4,3,34.7,32.1,10.3,Under Investigation
5592,20260618,3,8,4,4,46.6,40.7,8.7,Resolved
5593,20260614,3,3,5,1,57.9,64.8,6.9,Under Investigation
5594,20260524,1,7,7,1,74.0,75.6,13.1,Resolved
5595,20260706,1,3,1,2,71.0,67.3,6.0,Under Investigation
5596,20260621,3,3,8,1,79.3,67.8,10.5,Escalated
5597,20260521,3,10,3,2,60.2,75.3,12.2,Resolved
5598,20260607,3,1,5,5,51.9,63.8,10.5,Escalated
5599,20260508,1,10,2,4,67.8,76.5,13.7,Resolved
5600,20260721,3,5,3,2,49.8,45.6,6.6,Resolved
5601,20260705,5,1,7,2,34.0,31.0,7.6,Escalated
5602,20260524,3,8,1,3,69.6,72.0,8.6,Under Investigation
5603,20260628,1,1,4,3,58.2,52.8,19.9,Resolved
5604,20260629,3,4,5,3,70.1,64.2,19.5,Resolved
5605,20260622,2,3,5,2,42.2,51.0,12.1,Under Investigation
5606,20260503,1,8,4,1,74.3,74.0,12.0,Resolved
5607,20260717,2,4,4,1,88.2,81.5,18.2,Closed
5608,20260724,5,7,8,5,71.9,77.6,13.1,Escalated
5609,20260725,2,1,2,4,76.1,72.7,4.4,Resolved
5610,20260726,4,7,4,5,78.9,67.0,10.8,Resolved
5611,20260721,3,8,3,2,57.5,50.7,11.3,Under Investigation
5612,20260704,3,3,7,2,53.2,50.1,13.1,Under Investigation
5613,20260504,1,9,7,2,60.0,61.3,6.5,Resolved
5614,20260609,3,5,7,5,48.6,49.6,6.8,Escalated
5615,20260521,1,7,1,1,33.0,40.4,6.9,Under Investigation
5616,20260518,2,2,1,3,59.4,58.0,11.6,Resolved
5617,20260712,1,10,4,1,76.9,74.1,11.6,Resolved
5618,20260711,2,3,4,1,79.7,87.2,7.2,Under Investigation
5619,20260614,3,7,1,1,63.0,68.9,15.7,Escalated
5620,20260704,1,1,8,2,71.3,70.0,10.9,Resolved
5621,20260510,1,1,8,4,69.8,71.6,10.4,Resolved
5622,20260518,5,2,4,5,56.2,53.3,9.4,Resolved
5623,20260715,1,10,7,3,34.5,27.5,12.8,Resolved
5624,20260608,2,3,5,2,72.4,85.6,11.2,Under Investigation
5625,20260617,2,9,6,4,41.6,38.3,15.7,Resolved
5626,20260609,2,6,7,1,38.0,39.8,6.4,Escalated
5627,20260517,3,1,1,4,38.4,29.3,5.4,Resolved
5628,20260712,1,5,2,4,100.0,100.0,7.8,Escalated
5629,20260706,2,5,4,2,66.9,59.7,11.7,Closed
5630,20260629,3,3,8,1,40.0,50.1,8.7,Resolved
5631,20260530,2,7,5,1,44.7,55.5,13.8,Closed
5632,20260625,5,9,4,2,55.0,58.4,8.8,Under Investigation
5633,20260723,5,9,1,5,79.8,80.5,13.2,Closed
5634,20260626,1,6,5,3,59.2,58.1,7.5,Resolved
5635,20260612,2,9,3,2,41.1,40.8,13.5,Closed
5636,20260523,1,10,3,2,59.8,62.3,14.1,Resolved
5637,20260615,1,1,8,4,45.8,46.3,8.3,Resolved
5638,20260601,2,7,5,2,70.7,76.6,11.5,Closed
5639,20260623,3,8,2,1,55.8,50.3,10.8,Closed
5640,20260503,2,1,1,3,43.6,52.8,11.6,Resolved
5641,20260516,1,7,4,2,65.3,62.8,13.9,Resolved
5642,20260708,1,10,1,2,67.4,62.9,12.9,Closed
5643,20260602,5,3,4,2,47.9,50.1,11.5,Resolved
5644,20260606,5,9,4,1,66.0,68.6,12.0,Resolved
5645,20260616,1,10,8,5,64.4,54.0,6.2,Resolved
5646,20260607,3,7,3,4,73.0,70.1,9.9,Resolved
5647,20260706,2,7,3,5,71.0,58.0,6.7,Resolved
5648,20260521,3,6,5,5,51.8,47.7,9.9,Under Investigation
5649,20260706,3,5,6,2,35.0,31.2,13.4,Resolved
5650,20260517,4,5,1,2,57.8,59.6,10.0,Under Investigation
5651,20260601,1,6,1,3,60.1,55.4,2.5,Resolved
5652,20260620,2,5,2,1,55.8,52.5,6.9,Escalated
5653,20260717,5,9,7,5,33.0,40.8,11.7,Resolved
5654,20260519,1,8,2,1,65.2,77.6,8.4,Under Investigation
5655,20260620,1,4,8,2,41.3,35.8,20.4,Escalated
5656,20260504,3,6,4,3,65.3,71.4,6.4,Escalated
5657,20260505,4,3,8,5,80.5,82.8,11.1,Resolved
5658,20260707,3,2,2,3,57.2,46.8,11.3,Escalated
5659,20260702,4,4,4,3,64.2,59.5,20.4,Resolved
5660,20260601,3,1,2,2,55.5,37.3,8.0,Resolved
5661,20260624,1,9,7,3,62.9,64.8,12.3,Escalated
5662,20260602,3,2,5,4,56.6,50.1,14.5,Resolved
5663,20260523,4,4,1,2,47.2,48.0,11.2,Resolved
5664,20260606,4,3,6,4,41.4,56.8,10.2,Closed
5665,20260527,1,3,8,1,78.9,88.5,4.6,Resolved
5666,20260711,1,4,6,2,70.2,65.6,15.4,Escalated
5667,20260605,4,8,7,5,67.5,61.4,7.7,Under Investigation
5668,20260527,1,9,3,2,61.0,68.8,9.8,Resolved
5669,20260616,1,2,4,3,69.6,63.6,11.1,Resolved
5670,20260706,4,3,7,2,46.9,52.8,12.7,Resolved
5671,20260523,3,5,5,5,56.2,72.6,10.8,Escalated
5672,20260722,2,4,5,1,78.6,82.7,20.0,Escalated
5673,20260609,1,8,7,1,74.4,81.5,6.8,Resolved
5674,20260627,1,3,5,4,95.1,100.0,13.2,Under Investigation
5675,20260724,4,5,2,3,78.4,75.1,2.0,Resolved
5676,20260606,2,6,2,3,45.1,46.8,14.6,Under Investigation
5677,20260516,1,4,7,2,37.1,31.4,22.0,Resolved
5678,20260705,2,7,2,2,46.1,53.8,12.3,Resolved
5679,20260429,1,8,6,5,43.4,36.9,16.7,Resolved
5680,20260609,1,6,4,3,11.5,15.7,4.6,Under Investigation
5681,20260726,1,5,5,5,63.5,70.3,12.3,Resolved
5682,20260605,3,10,2,5,65.8,62.9,10.4,Resolved
5683,20260629,1,10,3,3,56.8,52.5,10.7,Closed
5684,20260615,2,10,6,3,51.1,50.1,6.5,Resolved
5685,20260518,2,1,2,3,30.7,25.3,11.2,Resolved
5686,20260527,2,9,3,4,70.8,71.7,11.0,Resolved
5687,20260615,1,9,8,3,62.7,57.2,7.9,Under Investigation
5688,20260508,1,9,2,1,54.8,49.7,9.8,Resolved
5689,20260605,1,8,5,5,22.0,25.3,6.1,Closed
5690,20260605,2,4,2,3,47.6,51.3,16.8,Resolved
5691,20260713,3,8,6,4,71.5,69.7,12.9,Closed
5692,20260510,1,6,2,2,54.6,44.7,12.9,Resolved
5693,20260713,4,9,5,2,67.9,74.9,12.3,Escalated
5694,20260604,3,4,4,3,65.3,62.6,20.9,Resolved
5695,20260626,1,8,6,4,57.3,69.7,12.9,Resolved
5696,20260618,1,8,1,1,64.7,63.9,8.1,Closed
5697,20260525,1,9,5,2,42.3,43.1,11.0,Resolved
5698,20260721,1,2,5,4,52.0,49.4,13.3,Under Investigation
5699,20260519,3,9,2,5,62.2,63.7,5.9,Under Investigation
5700,20260502,1,3,3,1,65.2,86.1,5.8,Resolved
5701,20260705,4,10,6,1,67.5,65.4,5.7,Resolved
5702,20260623,2,1,5,2,57.0,64.7,4.6,Closed
5703,20260718,3,3,5,1,63.5,64.0,6.8,Under Investigation
5704,20260609,4,7,8,1,58.2,65.2,8.4,Closed
5705,20260430,3,6,4,2,60.7,49.1,14.5,Escalated
5706,20260430,5,7,7,3,61.6,73.3,8.7,Escalated
5707,20260606,5,5,8,2,94.1,96.1,5.5,Under Investigation
5708,20260521,2,1,5,2,41.2,39.6,10.5,Resolved
5709,20260720,1,7,2,5,100.0,100.0,9.4,Closed
5710,20260509,2,6,4,2,36.1,37.0,7.7,Escalated
5711,20260717,1,6,1,4,84.0,77.1,8.2,Under Investigation
5712,20260518,3,4,6,1,37.1,22.6,21.2,Closed
5713,20260509,2,9,3,4,59.6,70.6,5.8,Resolved
5714,20260523,2,8,8,4,69.7,68.4,5.0,Resolved
5715,20260511,4,2,6,1,55.5,51.8,11.4,Resolved
5716,20260604,1,1,4,3,69.6,66.4,8.2,Under Investigation
5717,20260528,3,2,2,3,48.6,57.4,14.7,Resolved
5718,20260615,2,1,1,2,24.3,21.4,9.5,Resolved
5719,20260616,4,8,6,4,64.4,68.3,9.7,Under Investigation
5720,20260429,3,7,7,2,55.5,53.5,12.4,Resolved
5721,20260510,1,5,3,2,47.8,40.3,5.0,Resolved
5722,20260513,3,6,1,5,48.8,54.2,11.0,Resolved
5723,20260516,1,9,3,1,61.1,67.7,8.9,Resolved
5724,20260507,3,9,7,1,42.8,38.7,13.1,Resolved
5725,20260527,3,5,5,1,60.6,60.4,8.1,Resolved
5726,20260617,2,6,1,5,72.8,73.4,10.5,Resolved
5727,20260526,3,6,1,1,85.9,88.6,8.9,Resolved
5728,20260528,4,10,1,1,76.1,87.9,11.2,Closed
5729,20260610,4,8,7,3,57.4,55.5,9.2,Resolved
5730,20260617,3,4,7,4,58.9,56.9,18.8,Resolved
5731,20260528,3,9,4,2,49.0,47.9,15.3,Escalated
5732,20260518,2,4,6,5,48.0,42.3,17.1,Resolved
5733,20260604,4,8,1,1,68.1,57.8,11.2,Resolved
5734,20260501,4,10,5,3,50.4,51.2,16.9,Escalated
5735,20260612,1,9,3,3,60.5,63.7,11.2,Resolved
5736,20260722,1,2,7,2,56.6,56.6,2.7,Closed
5737,20260603,1,3,4,4,75.6,75.2,8.0,Resolved
5738,20260508,1,8,7,3,50.2,44.8,6.4,Escalated
5739,20260701,2,2,5,1,73.3,74.8,12.8,Closed
5740,20260510,1,1,4,1,44.4,45.4,9.7,Closed
5741,20260516,3,3,8,1,43.6,46.4,13.2,Resolved
5742,20260512,1,5,8,4,74.9,76.8,11.8,Under Investigation
5743,20260717,1,2,4,1,68.8,71.2,11.8,Resolved
5744,20260726,3,2,3,5,50.1,58.0,6.3,Resolved
5745,20260619,2,4,6,1,39.4,42.8,19.5,Escalated
5746,20260623,2,6,2,5,67.9,70.8,14.1,Resolved
5747,20260626,4,6,4,4,66.4,55.9,5.7,Resolved
5748,20260622,5,8,7,1,43.6,49.9,9.0,Under Investigation
5749,20260616,3,10,8,1,45.5,43.7,11.1,Resolved
5750,20260726,1,1,4,4,83.8,84.3,10.3,Under Investigation
5751,20260703,1,7,4,1,78.1,70.5,14.3,Resolved
5752,20260506,5,2,7,1,54.0,66.5,12.2,Under Investigation
5753,20260603,3,4,2,4,63.3,48.5,19.2,Resolved
5754,20260725,4,4,1,5,86.1,95.0,20.5,Escalated
5755,20260604,3,8,1,4,87.3,89.9,12.3,Resolved
5756,20260517,1,3,1,4,37.7,26.3,10.1,Under Investigation
5757,20260716,2,9,8,3,67.5,79.7,8.9,Under Investigation
5758,20260624,4,4,1,4,47.4,50.5,21.0,Resolved
5759,20260618,4,9,3,2,67.4,53.3,7.8,Under Investigation
5760,20260605,1,10,5,4,51.2,48.7,9.8,Escalated
5761,20260510,3,6,5,3,59.7,62.9,6.5,Resolved
5762,20260602,1,2,7,3,56.8,67.1,12.2,Under Investigation
5763,20260607,5,8,8,5,55.0,52.5,13.7,Resolved
5764,20260721,1,5,4,2,71.9,56.0,7.2,Under Investigation
5765,20260526,3,4,2,3,70.4,79.2,17.5,Closed
5766,20260512,1,5,1,2,40.4,43.4,8.6,Under Investigation
5767,20260606,3,3,8,1,52.8,39.4,13.2,Resolved
5768,20260727,3,3,3,2,56.1,58.2,14.3,Resolved
5769,20260611,2,10,8,5,58.4,61.1,8.6,Resolved
5770,20260602,4,3,3,2,52.1,50.2,2.0,Resolved
5771,20260628,4,5,7,3,71.0,66.0,13.5,Under Investigation
5772,20260626,4,8,6,3,54.9,51.2,10.1,Under Investigation
5773,20260525,2,3,6,4,48.3,46.3,10.1,Escalated
5774,20260725,4,7,6,4,69.3,71.4,12.9,Resolved
5775,20260621,3,9,3,1,80.9,85.6,8.9,Under Investigation
5776,20260504,3,9,1,2,31.4,18.5,8.1,Resolved
5777,20260604,2,1,1,3,45.6,47.1,8.9,Resolved
5778,20260721,3,5,4,1,70.9,73.8,11.5,Resolved
5779,20260603,1,1,8,2,45.5,46.5,12.6,Under Investigation
5780,20260619,2,7,6,2,62.4,60.0,14.9,Resolved
5781,20260623,1,4,6,1,54.2,62.7,19.2,Escalated
5782,20260701,1,9,3,5,60.8,68.9,9.6,Resolved
5783,20260716,1,2,4,5,79.3,77.1,12.7,Resolved
5784,20260512,1,9,4,4,53.5,53.0,7.1,Resolved
5785,20260614,4,4,2,1,35.6,40.2,22.3,Resolved
5786,20260616,3,10,5,5,57.6,65.3,10.6,Resolved
5787,20260512,1,2,3,3,28.5,23.6,9.3,Under Investigation
5788,20260628,4,3,4,5,44.9,38.6,7.1,Resolved
5789,20260509,5,4,5,1,62.3,63.9,19.9,Resolved
5790,20260609,4,10,1,1,72.8,66.1,9.2,Resolved
5791,20260528,4,8,8,3,90.2,78.5,9.7,Resolved
5792,20260512,5,9,2,5,48.6,43.7,5.0,Resolved
5793,20260712,3,6,6,1,51.4,53.9,8.7,Under Investigation
5794,20260520,5,8,7,2,62.8,72.1,8.3,Escalated
5795,20260521,5,7,2,3,83.0,78.7,11.3,Escalated
5796,20260714,2,7,2,5,88.7,88.0,9.2,Resolved
5797,20260716,4,9,4,4,62.0,62.9,2.1,Resolved
5798,20260502,4,10,7,5,52.9,49.0,8.8,Under Investigation
5799,20260524,4,6,6,3,67.8,63.4,5.6,Escalated
5800,20260701,4,5,4,4,70.8,72.8,6.9,Resolved
5801,20260708,2,7,7,2,70.5,63.3,13.0,Resolved
5802,20260727,2,8,4,1,67.6,63.0,4.9,Closed
5803,20260617,3,10,8,3,63.7,62.5,10.9,Resolved
5804,20260429,3,7,7,3,68.9,70.8,8.5,Closed
5805,20260716,4,10,2,2,63.5,54.4,7.9,Under Investigation
5806,20260513,4,8,4,1,75.0,74.2,7.1,Resolved
5807,20260509,3,10,1,4,69.9,62.2,11.0,Resolved
5808,20260628,5,8,2,4,43.9,39.8,11.3,Closed
5809,20260622,1,9,1,2,68.9,73.6,4.8,Resolved
5810,20260504,5,2,1,5,67.2,66.8,13.5,Resolved
5811,20260514,1,10,1,2,67.8,77.8,6.4,Resolved
5812,20260621,3,4,6,1,78.6,78.2,19.2,Resolved
5813,20260521,1,8,4,1,54.8,60.6,6.5,Under Investigation
5814,20260629,3,4,4,2,60.6,65.4,16.6,Resolved
5815,20260605,2,5,7,1,15.4,15.3,6.2,Under Investigation
5816,20260620,1,8,7,3,71.7,63.8,8.4,Under Investigation
5817,20260610,3,6,5,4,70.3,69.7,9.4,Resolved
5818,20260531,3,8,4,3,75.3,72.1,6.6,Under Investigation
5819,20260529,1,1,6,4,40.9,37.5,10.9,Resolved
5820,20260630,3,9,4,5,70.8,71.7,11.3,Escalated
5821,20260614,1,5,4,2,70.3,61.6,18.1,Resolved
5822,20260621,1,8,3,1,45.2,40.0,12.8,Under Investigation
5823,20260619,1,3,2,1,70.8,64.7,13.5,Escalated
5824,20260517,3,6,2,3,61.9,60.4,4.7,Escalated
5825,20260720,4,6,6,2,44.2,39.6,4.1,Resolved
5826,20260618,3,2,7,3,63.8,59.6,9.1,Resolved
5827,20260702,4,5,4,3,46.2,47.0,15.4,Closed
5828,20260717,3,7,1,3,53.0,50.3,17.4,Closed
5829,20260721,4,9,5,1,75.8,75.8,7.9,Under Investigation
5830,20260628,5,9,8,1,54.0,47.3,8.2,Resolved
5831,20260708,2,4,5,2,82.7,77.7,19.6,Resolved
5832,20260610,1,7,1,4,57.7,69.9,9.4,Closed
5833,20260704,1,2,1,3,70.7,66.5,9.5,Resolved
5834,20260527,3,9,5,3,62.6,50.0,11.9,Escalated
5835,20260702,3,9,7,3,73.0,75.1,18.1,Resolved
5836,20260506,1,10,1,2,41.7,37.5,13.9,Under Investigation
5837,20260720,4,5,7,1,72.6,74.1,15.6,Resolved
5838,20260521,5,4,7,1,52.9,52.4,12.5,Resolved
5839,20260627,1,8,1,1,64.8,68.1,13.2,Resolved
5840,20260430,1,8,2,1,58.8,58.2,7.2,Closed
5841,20260513,1,3,1,2,45.8,44.4,15.0,Under Investigation
5842,20260726,2,6,5,4,68.6,75.5,14.1,Under Investigation
5843,20260713,4,7,2,1,89.7,76.4,11.8,Closed
5844,20260519,3,5,8,1,29.6,21.6,7.8,Resolved
5845,20260510,1,4,1,1,65.6,60.6,16.5,Closed
5846,20260711,2,3,6,1,82.3,72.1,8.8,Resolved
5847,20260727,1,5,7,1,83.0,80.1,12.3,Resolved
5848,20260514,2,3,2,1,84.6,81.1,11.2,Resolved
5849,20260627,2,4,3,1,69.1,74.9,22.3,Closed
5850,20260524,3,2,7,5,60.8,60.3,14.8,Under Investigation
5851,20260704,3,4,1,2,52.0,50.7,15.5,Resolved
5852,20260605,4,7,4,1,61.0,58.7,11.4,Closed
5853,20260510,1,4,3,2,65.2,58.9,19.4,Escalated
5854,20260528,4,2,1,1,55.1,60.4,9.7,Under Investigation
5855,20260616,1,9,4,3,43.9,51.2,12.8,Under Investigation
5856,20260709,2,5,4,2,44.3,37.0,11.5,Resolved
5857,20260430,4,6,3,4,57.8,67.5,8.3,Resolved
5858,20260724,3,6,7,5,50.1,46.1,9.6,Under Investigation
5859,20260626,1,6,1,3,47.9,43.4,9.0,Resolved
5860,20260716,2,5,4,1,41.0,43.8,7.8,Under Investigation
5861,20260721,3,8,2,2,82.8,86.2,9.7,Resolved
5862,20260512,5,9,7,2,72.3,71.9,6.1,Under Investigation
5863,20260507,3,10,5,4,56.2,54.1,11.4,Escalated
5864,20260707,1,5,6,1,88.5,95.5,14.2,Resolved
5865,20260515,2,4,1,3,75.2,71.5,18.2,Resolved
5866,20260512,1,1,4,2,62.2,61.8,12.8,Resolved
5867,20260610,1,5,1,2,53.3,63.5,10.5,Resolved
5868,20260720,3,10,3,2,64.4,56.4,6.9,Resolved
5869,20260709,4,3,8,2,70.8,68.0,16.0,Resolved
5870,20260614,1,9,6,3,52.9,59.1,2.7,Resolved
5871,20260516,4,8,1,3,63.2,66.4,10.0,Resolved
5872,20260529,3,7,3,1,64.3,69.7,7.7,Closed
5873,20260629,4,6,7,1,52.2,44.3,14.7,Resolved
5874,20260513,1,8,2,4,71.4,73.3,10.6,Resolved
5875,20260615,2,1,7,2,51.6,49.9,17.7,Escalated
5876,20260430,1,2,3,3,55.3,68.9,10.1,Resolved
5877,20260528,1,2,4,2,40.3,45.2,7.7,Under Investigation
5878,20260521,2,8,8,3,50.9,50.8,4.9,Under Investigation
5879,20260629,2,5,6,3,88.0,89.7,13.3,Under Investigation
5880,20260720,1,3,3,1,56.2,56.5,7.5,Resolved
5881,20260512,1,1,1,2,61.6,65.8,8.7,Resolved
5882,20260709,5,5,2,2,55.5,50.4,13.7,Closed
5883,20260627,4,4,4,1,21.8,30.0,21.2,Closed
5884,20260725,2,2,2,4,81.4,73.5,8.2,Under Investigation
5885,20260720,5,1,8,1,61.3,62.5,8.6,Resolved
5886,20260508,1,8,1,1,59.8,54.9,4.7,Resolved
5887,20260704,2,8,5,4,73.8,74.1,3.8,Under Investigation
5888,20260621,4,3,8,4,58.5,64.4,12.3,Resolved
5889,20260509,2,5,3,1,59.9,49.6,12.6,Closed
5890,20260522,1,3,5,3,42.0,41.0,11.1,Closed
5891,20260721,2,5,1,1,80.9,72.3,10.6,Resolved
5892,20260616,3,2,6,3,52.2,50.5,7.9,Resolved
5893,20260529,3,10,8,2,25.0,16.3,14.4,Resolved
5894,20260527,2,8,7,4,67.4,68.4,4.6,Resolved
5895,20260713,2,10,2,2,82.0,79.4,8.6,Resolved
5896,20260524,1,3,3,2,77.2,81.7,10.5,Under Investigation
5897,20260513,3,9,6,4,87.6,95.0,10.0,Resolved
5898,20260619,1,6,7,1,66.6,66.7,10.0,Resolved
5899,20260727,4,2,4,1,82.0,87.4,8.4,Resolved
5900,20260515,4,4,8,2,71.4,79.7,19.6,Resolved
5901,20260521,2,9,2,3,41.7,36.2,6.4,Resolved
5902,20260610,4,8,6,1,29.9,38.5,9.6,Closed
5903,20260516,1,8,4,3,47.8,47.6,11.3,Resolved
5904,20260626,2,3,6,2,74.2,68.3,9.0,Escalated
5905,20260521,2,7,5,3,45.1,46.9,10.0,Resolved
5906,20260510,2,10,4,5,62.0,61.6,10.6,Under Investigation
5907,20260522,4,1,7,2,63.6,55.2,4.7,Resolved
5908,20260721,5,4,7,3,74.0,67.4,13.0,Resolved
5909,20260722,2,1,7,2,51.8,61.6,10.4,Resolved
5910,20260613,2,2,1,1,60.1,61.8,8.2,Escalated
5911,20260604,3,10,4,4,48.7,57.6,8.4,Resolved
5912,20260711,1,3,6,4,89.2,86.7,11.7,Resolved
5913,20260516,1,2,7,4,72.1,67.3,7.0,Resolved
5914,20260626,5,1,3,5,49.2,39.1,2.8,Under Investigation
5915,20260629,4,10,6,2,82.2,88.0,15.0,Resolved
5916,20260701,5,5,5,3,62.2,64.7,13.6,Resolved
5917,20260518,1,8,2,1,29.9,27.5,13.6,Under Investigation
5918,20260702,1,3,8,5,56.5,51.7,6.6,Resolved
5919,20260623,2,7,4,3,79.5,86.3,9.8,Resolved
5920,20260716,5,9,5,1,65.2,64.1,6.2,Resolved
5921,20260514,1,7,3,4,54.0,53.0,9.8,Under Investigation
5922,20260623,1,6,1,3,34.6,31.0,9.0,Closed
5923,20260712,1,3,4,5,46.3,43.9,6.8,Under Investigation
5924,20260524,4,3,6,4,42.5,45.8,11.5,Escalated
5925,20260704,4,6,3,4,40.6,32.1,9.2,Under Investigation
5926,20260507,3,5,8,3,45.7,46.2,15.2,Resolved
5927,20260702,1,1,7,2,83.7,89.4,10.3,Closed
5928,20260622,3,2,6,4,54.5,54.0,2.4,Resolved
5929,20260516,2,5,7,1,66.8,73.1,4.6,Escalated
5930,20260504,1,2,7,1,71.4,79.4,16.3,Resolved
5931,20260705,1,6,6,5,43.0,48.4,8.9,Under Investigation
5932,20260520,3,4,7,5,42.5,39.3,18.7,Closed
5933,20260612,2,3,6,5,66.5,66.3,10.0,Escalated
5934,20260504,5,2,7,1,45.5,47.6,14.2,Closed
5935,20260724,2,6,1,1,82.8,80.0,4.3,Escalated
5936,20260617,2,2,3,5,80.2,77.2,14.0,Resolved
5937,20260721,3,7,8,1,48.5,45.1,13.8,Resolved
5938,20260513,3,10,4,2,49.6,64.9,10.0,Resolved
5939,20260517,1,10,1,2,52.0,50.4,11.2,Resolved
5940,20260622,3,7,7,4,47.1,53.5,8.9,Resolved
5941,20260622,1,9,6,2,45.9,40.7,4.9,Resolved
5942,20260709,2,10,8,1,55.0,65.2,11.7,Closed
5943,20260721,3,7,1,2,70.1,67.8,10.7,Under Investigation
5944,20260711,3,3,2,1,66.1,66.4,10.8,Resolved
5945,20260511,2,6,5,3,69.3,58.3,11.4,Under Investigation
5946,20260526,1,9,2,3,54.6,61.3,8.2,Escalated
5947,20260720,3,7,5,3,86.4,94.4,14.5,Closed
5948,20260617,2,4,3,2,46.1,39.0,18.0,Resolved
5949,20260716,5,2,2,1,59.5,66.5,11.6,Under Investigation
5950,20260618,3,2,7,1,50.4,42.4,9.2,Resolved
5951,20260503,4,4,1,5,61.9,65.7,21.2,Escalated
5952,20260610,2,9,7,2,67.9,66.2,10.3,Closed
5953,20260712,4,6,2,2,86.2,94.2,9.7,Resolved
5954,20260626,1,1,5,2,59.4,60.9,13.6,Resolved
5955,20260510,1,10,8,5,66.3,71.9,4.8,Resolved
5956,20260517,1,5,1,4,75.5,82.9,9.2,Resolved
5957,20260714,1,4,8,1,54.0,52.3,16.2,Resolved
5958,20260726,5,9,3,3,70.5,70.3,11.1,Escalated
5959,20260705,3,4,6,2,100.0,93.3,18.9,Resolved
5960,20260507,3,7,7,4,67.8,66.0,10.0,Resolved
5961,20260623,3,10,2,5,62.7,74.3,7.9,Under Investigation
5962,20260712,3,6,3,4,77.7,82.2,9.9,Under Investigation
5963,20260625,3,7,7,4,35.0,28.7,11.0,Resolved
5964,20260621,4,4,1,2,45.3,55.1,17.5,Escalated
5965,20260610,3,9,1,2,39.8,42.1,13.3,Under Investigation
5966,20260521,4,1,3,3,61.3,66.3,11.8,Resolved
5967,20260524,1,3,5,4,49.5,52.4,10.1,Resolved
5968,20260705,5,10,7,1,61.1,63.6,3.0,Escalated
5969,20260505,1,5,5,2,50.3,38.3,9.3,Resolved
5970,20260506,2,2,4,1,30.6,37.2,11.9,Resolved
5971,20260603,4,5,7,1,68.3,54.8,9.2,Resolved
5972,20260707,1,3,2,4,34.6,40.7,10.9,Closed
5973,20260627,1,6,8,1,44.1,44.7,9.3,Under Investigation
5974,20260621,2,3,3,4,35.3,40.3,10.7,Escalated
5975,20260616,2,4,3,2,41.8,42.8,22.2,Resolved
5976,20260508,5,10,8,3,58.0,64.3,12.4,Escalated
5977,20260528,4,1,6,5,73.5,73.6,6.1,Resolved
5978,20260506,2,8,4,4,31.6,33.3,5.0,Closed
5979,20260706,5,1,3,4,52.0,54.4,11.3,Under Investigation
5980,20260705,3,5,4,1,33.4,44.7,13.5,Under Investigation
5981,20260522,4,7,7,2,45.9,49.5,5.0,Closed
5982,20260525,1,10,2,3,56.1,48.2,9.4,Closed
5983,20260527,2,3,2,4,66.5,63.1,17.1,Resolved
5984,20260718,1,1,3,4,36.6,40.2,9.2,Resolved
5985,20260611,1,8,4,4,63.3,70.9,17.6,Under Investigation
5986,20260706,3,9,7,1,45.7,41.4,7.5,Resolved
5987,20260608,1,6,2,1,36.8,50.2,8.1,Resolved
5988,20260630,3,1,7,5,57.3,58.4,7.9,Resolved
5989,20260615,3,6,8,3,64.4,66.9,6.2,Resolved
5990,20260524,1,4,4,4,53.5,46.0,12.9,Under Investigation
5991,20260716,2,5,8,3,61.1,67.8,9.3,Resolved
5992,20260701,3,1,8,5,55.5,52.8,10.4,Resolved
5993,20260707,4,4,7,4,50.1,45.6,15.8,Resolved
5994,20260723,1,10,4,1,80.7,78.8,8.6,Closed
5995,20260521,5,1,3,4,71.1,79.4,14.3,Resolved
5996,20260507,4,10,7,2,70.2,73.0,12.9,Escalated
5997,20260620,3,6,4,2,54.7,49.4,9.2,Closed
5998,20260528,2,6,1,4,71.8,68.6,11.3,Resolved
5999,20260607,3,10,6,2,39.7,48.2,5.1,Under Investigation
6000,20260520,4,3,3,1,81.7,80.3,10.8,Resolved
