feed_id,reported_time,threat_category_raw,confidence_score,source_name,geo_hint
EXT-400000,2026-07-24T11:00:00,CYBER-related,21.2,ThreatWatch Intl,Northern District
EXT-400001,2026-07-14T12:00:00,CYBER-related,55.7,GlobalIntel API,Zone E
EXT-400002,2026-06-15T00:00:00,CYBER-related,58.2,GlobalIntel API,Zone B
EXT-400003,2026-07-09T18:00:00,Cyber,37.7,ThreatWatch Intl,Central Hub
EXT-400004,2026-05-22T17:00:00,Other,63.5,ThreatWatch Intl,Eastern Corridor
EXT-400005,2026-05-29T11:00:00,Intrusion,60.1,CyberSentry Feed,Zone D
EXT-400006,2026-05-30T02:00:00,Other,93.1,CyberSentry Feed,Southern Belt
EXT-400007,2026-07-05T06:00:00,Intrusion,60.8,OpenCTI Mirror,Western Zone
EXT-400008,2026-06-08T19:00:00,intrusion,74.6,CyberSentry Feed,Zone I
EXT-400009,2026-06-21T11:00:00,Other,78.7,ThreatWatch Intl,Southern Belt
EXT-400010,2026-07-04T05:00:00,Other,99.0,ThreatWatch Intl,Central Hub
EXT-400011,2026-06-14T01:00:00,Cyber,84.0,CyberSentry Feed,Southern Belt
EXT-400012,2026-07-02T17:00:00,Environmental,36.9,ThreatWatch Intl,Zone H
EXT-400013,2026-04-29T22:00:00,Cyber,5.0,OpenCTI Mirror,Zone C
EXT-400014,2026-05-18T11:00:00,,38.2,ThreatWatch Intl,Zone E
EXT-400015,2026-06-13T00:00:00,CYBER-related,66.9,GlobalIntel API,Eastern Corridor
EXT-400016,2026-05-12T20:00:00,CYBER-related,40.3,GlobalIntel API,Zone B
EXT-400017,2026-07-19T19:00:00,CYBER-related,95.1,CyberSentry Feed,Southern Belt
EXT-400018,2026-04-29T19:00:00,Environmental,72.9,ThreatWatch Intl,Zone C
EXT-400019,2026-06-10T17:00:00,Physical,63.9,OpenCTI Mirror,Southern Belt
EXT-400020,2026-07-18T06:00:00,intrusion,90.7,GlobalIntel API,Zone A
EXT-400021,2026-07-09T06:00:00,CYBER-related,8.5,CyberSentry Feed,Zone A
EXT-400022,2026-06-10T20:00:00,Physical,63.3,OpenCTI Mirror,Northern District
EXT-400023,2026-07-09T22:00:00,Intrusion,89.9,OpenCTI Mirror,
EXT-400024,2026-05-24T13:00:00,Other,42.1,GlobalIntel API,Zone D
EXT-400025,2026-07-08T03:00:00,Cyber,53.8,GlobalIntel API,Eastern Corridor
EXT-400026,2026-06-01T00:00:00,Other,28.5,CyberSentry Feed,Zone H
EXT-400027,2026-05-09T04:00:00,Intrusion,69.2,ThreatWatch Intl,Southern Belt
EXT-400028,2026-05-09T12:00:00,CYBER-related,83.2,ThreatWatch Intl,Northern District
EXT-400029,2026-05-05T17:00:00,intrusion,44.5,GlobalIntel API,Zone D
EXT-400030,2026-07-19T21:00:00,CYBER-related,69.0,OpenCTI Mirror,Zone H
EXT-400031,2026-05-10T03:00:00,CYBER-related,70.9,ThreatWatch Intl,Zone C
EXT-400032,2026-07-11T06:00:00,Environmental,55.5,CyberSentry Feed,Eastern Corridor
EXT-400033,2026-06-23T09:00:00,Other,84.8,OpenCTI Mirror,Central Hub
EXT-400034,2026-06-23T20:00:00,Environmental,54.1,CyberSentry Feed,Zone J
EXT-400035,2026-06-06T12:00:00,Environmental,74.1,ThreatWatch Intl,Central Hub
EXT-400036,2026-07-01T01:00:00,Other,80.3,ThreatWatch Intl,
EXT-400037,2026-07-10T05:00:00,,99.0,OpenCTI Mirror,Zone C
EXT-400038,2026-06-02T17:00:00,Other,43.0,ThreatWatch Intl,Northern District
EXT-400039,2026-05-31T20:00:00,intrusion,77.8,OpenCTI Mirror,Zone I
EXT-400040,2026-07-25T10:00:00,Cyber,43.5,GlobalIntel API,Northern District
EXT-400041,2026-06-13T00:00:00,Physical,72.9,ThreatWatch Intl,Central Hub
EXT-400042,2026-05-04T09:00:00,intrusion,54.0,OpenCTI Mirror,Northern District
EXT-400043,2026-06-27T08:00:00,Environmental,49.1,ThreatWatch Intl,Central Hub
EXT-400044,2026-05-23T10:00:00,CYBER-related,48.5,OpenCTI Mirror,Zone I
EXT-400045,2026-05-07T15:00:00,Other,52.8,OpenCTI Mirror,Central Hub
EXT-400046,2026-07-06T18:00:00,Cyber,48.2,ThreatWatch Intl,Central Hub
EXT-400047,2026-05-10T17:00:00,Other,63.7,OpenCTI Mirror,Eastern Corridor
EXT-400048,2026-07-06T21:00:00,Other,78.8,OpenCTI Mirror,Central Hub
EXT-400049,2026-04-29T22:00:00,Other,59.0,CyberSentry Feed,Southern Belt
EXT-400050,2026-06-03T18:00:00,Cyber,55.2,CyberSentry Feed,Zone B
EXT-400051,2026-05-01T01:00:00,CYBER-related,77.9,OpenCTI Mirror,Zone I
EXT-400052,2026-07-19T08:00:00,Other,15.9,CyberSentry Feed,Western Zone
EXT-400053,2026-07-21T21:00:00,Cyber,78.9,OpenCTI Mirror,Zone E
EXT-400054,2026-05-14T18:00:00,Cyber,43.1,ThreatWatch Intl,Northern District
EXT-400055,2026-05-06T08:00:00,Cyber,70.0,GlobalIntel API,Central Hub
EXT-400056,2026-05-12T13:00:00,CYBER-related,72.5,GlobalIntel API,Zone G
EXT-400057,2026-07-08T16:00:00,Other,49.0,CyberSentry Feed,Zone E
EXT-400058,2026-05-17T15:00:00,intrusion,76.5,CyberSentry Feed,
EXT-400059,2026-06-02T17:00:00,CYBER-related,37.1,CyberSentry Feed,Zone D
EXT-400060,2026-07-20T12:00:00,Environmental,59.1,OpenCTI Mirror,Southern Belt
EXT-400061,2026-05-23T01:00:00,Cyber,68.7,OpenCTI Mirror,Zone A
EXT-400062,2026-05-24T18:00:00,,73.3,CyberSentry Feed,Eastern Corridor
EXT-400063,2026-06-04T14:00:00,,14.7,ThreatWatch Intl,Zone E
EXT-400064,2026-07-16T07:00:00,,78.9,ThreatWatch Intl,Zone J
EXT-400065,2026-05-28T17:00:00,Cyber,56.8,GlobalIntel API,Zone B
EXT-400066,2026-05-12T20:00:00,,84.0,ThreatWatch Intl,Western Zone
EXT-400067,2026-05-03T13:00:00,Cyber,53.1,ThreatWatch Intl,Zone G
EXT-400068,2026-06-29T07:00:00,intrusion,79.5,ThreatWatch Intl,Zone C
EXT-400069,2026-07-23T07:00:00,Cyber,41.2,ThreatWatch Intl,Zone I
EXT-400070,2026-07-13T22:00:00,Other,83.9,OpenCTI Mirror,
EXT-400071,2026-05-22T08:00:00,Environmental,56.3,ThreatWatch Intl,Northern District
EXT-400072,2026-06-13T21:00:00,Intrusion,34.5,OpenCTI Mirror,Western Zone
EXT-400073,2026-07-01T15:00:00,Physical,20.9,CyberSentry Feed,Zone E
EXT-400074,2026-06-16T09:00:00,Physical,63.9,GlobalIntel API,Zone G
EXT-400075,2026-05-29T06:00:00,intrusion,98.4,OpenCTI Mirror,Central Hub
EXT-400076,2026-06-08T21:00:00,Intrusion,56.8,OpenCTI Mirror,Central Hub
EXT-400077,2026-05-17T21:00:00,CYBER-related,76.3,GlobalIntel API,Western Zone
EXT-400078,2026-06-05T03:00:00,Cyber,83.3,CyberSentry Feed,Zone E
EXT-400079,2026-06-22T04:00:00,intrusion,54.1,ThreatWatch Intl,Zone H
EXT-400080,2026-06-13T14:00:00,Cyber,81.9,ThreatWatch Intl,Western Zone
EXT-400081,2026-07-01T12:00:00,Physical,71.6,GlobalIntel API,Zone D
EXT-400082,2026-05-31T03:00:00,Environmental,31.8,OpenCTI Mirror,Eastern Corridor
EXT-400083,2026-05-06T20:00:00,Other,38.2,GlobalIntel API,Northern District
EXT-400084,2026-06-19T09:00:00,,73.5,ThreatWatch Intl,Southern Belt
EXT-400085,2026-05-29T19:00:00,Physical,62.9,CyberSentry Feed,Central Hub
EXT-400086,2026-07-21T05:00:00,Environmental,66.0,GlobalIntel API,Western Zone
EXT-400087,2026-05-11T11:00:00,CYBER-related,40.5,ThreatWatch Intl,Zone G
EXT-400088,2026-07-10T00:00:00,Intrusion,54.0,ThreatWatch Intl,Zone G
EXT-400089,2026-04-29T08:00:00,Physical,61.9,OpenCTI Mirror,Zone A
EXT-400090,2026-07-20T07:00:00,CYBER-related,52.9,CyberSentry Feed,Western Zone
EXT-400091,2026-05-17T14:00:00,CYBER-related,51.8,GlobalIntel API,Zone A
EXT-400092,2026-04-30T10:00:00,Intrusion,86.9,CyberSentry Feed,Eastern Corridor
EXT-400093,2026-06-18T03:00:00,Cyber,56.5,GlobalIntel API,Zone J
EXT-400094,2026-07-05T07:00:00,Intrusion,87.7,OpenCTI Mirror,Zone A
EXT-400095,2026-05-28T00:00:00,Other,52.4,CyberSentry Feed,Zone H
EXT-400096,2026-06-04T11:00:00,Cyber,81.8,GlobalIntel API,Eastern Corridor
EXT-400097,2026-05-16T03:00:00,CYBER-related,67.3,CyberSentry Feed,Zone D
EXT-400098,2026-05-06T06:00:00,Environmental,26.9,CyberSentry Feed,Central Hub
EXT-400099,2026-06-19T17:00:00,intrusion,55.0,GlobalIntel API,Zone C
EXT-400100,2026-07-20T15:00:00,Intrusion,66.3,ThreatWatch Intl,Central Hub
EXT-400101,2026-05-20T01:00:00,Cyber,99.0,ThreatWatch Intl,Central Hub
EXT-400102,2026-05-19T04:00:00,Other,84.7,GlobalIntel API,
EXT-400103,2026-07-12T18:00:00,Intrusion,72.6,ThreatWatch Intl,Northern District
EXT-400104,2026-05-05T08:00:00,Intrusion,48.5,ThreatWatch Intl,Northern District
EXT-400105,2026-06-20T00:00:00,Environmental,79.3,ThreatWatch Intl,Northern District
EXT-400106,2026-06-29T00:00:00,,18.8,OpenCTI Mirror,Eastern Corridor
EXT-400107,2026-06-21T07:00:00,Environmental,99.0,CyberSentry Feed,Northern District
EXT-400108,2026-07-03T03:00:00,Intrusion,64.7,CyberSentry Feed,Eastern Corridor
EXT-400109,2026-05-07T14:00:00,CYBER-related,71.4,OpenCTI Mirror,Eastern Corridor
EXT-400110,2026-07-03T12:00:00,CYBER-related,51.7,GlobalIntel API,Western Zone
EXT-400111,2026-07-19T23:00:00,CYBER-related,60.3,ThreatWatch Intl,Southern Belt
EXT-400112,2026-06-05T17:00:00,,60.8,CyberSentry Feed,Zone I
EXT-400113,2026-05-22T12:00:00,Intrusion,68.2,ThreatWatch Intl,Zone J
EXT-400114,2026-05-23T23:00:00,intrusion,62.5,ThreatWatch Intl,Zone F
EXT-400115,2026-05-20T20:00:00,intrusion,50.7,OpenCTI Mirror,Western Zone
EXT-400116,2026-06-29T04:00:00,Environmental,81.0,ThreatWatch Intl,Central Hub
EXT-400117,2026-06-29T07:00:00,Other,46.0,GlobalIntel API,Eastern Corridor
EXT-400118,2026-06-04T16:00:00,CYBER-related,55.0,ThreatWatch Intl,Zone I
EXT-400119,2026-06-08T16:00:00,,63.3,ThreatWatch Intl,Northern District
EXT-400120,2026-06-18T21:00:00,CYBER-related,74.6,GlobalIntel API,Eastern Corridor
EXT-400121,2026-05-24T19:00:00,Cyber,81.7,GlobalIntel API,Zone C
EXT-400122,2026-05-10T21:00:00,,69.6,ThreatWatch Intl,Zone I
EXT-400123,2026-06-05T14:00:00,Other,86.5,OpenCTI Mirror,Zone F
EXT-400124,2026-07-22T00:00:00,,78.3,CyberSentry Feed,Zone C
EXT-400125,2026-05-21T05:00:00,,67.0,ThreatWatch Intl,Zone A
EXT-400126,2026-07-09T09:00:00,intrusion,91.5,OpenCTI Mirror,Zone I
EXT-400127,2026-05-30T19:00:00,Environmental,80.0,CyberSentry Feed,Western Zone
EXT-400128,2026-06-02T03:00:00,Cyber,49.5,ThreatWatch Intl,Zone E
EXT-400129,2026-05-29T13:00:00,Intrusion,80.0,GlobalIntel API,Zone J
EXT-400130,2026-06-24T00:00:00,intrusion,28.9,CyberSentry Feed,
EXT-400131,2026-06-28T15:00:00,,62.0,CyberSentry Feed,Eastern Corridor
EXT-400132,2026-07-03T05:00:00,,43.2,OpenCTI Mirror,Zone B
EXT-400133,2026-06-05T10:00:00,Intrusion,77.6,CyberSentry Feed,Zone G
EXT-400134,2026-07-24T09:00:00,CYBER-related,88.7,OpenCTI Mirror,Eastern Corridor
EXT-400135,2026-06-14T05:00:00,Cyber,85.2,ThreatWatch Intl,Zone D
EXT-400136,2026-05-29T20:00:00,intrusion,38.4,ThreatWatch Intl,Zone D
EXT-400137,2026-05-23T02:00:00,Physical,80.9,ThreatWatch Intl,Zone B
EXT-400138,2026-06-18T14:00:00,intrusion,53.9,CyberSentry Feed,Zone I
EXT-400139,2026-06-28T11:00:00,CYBER-related,58.6,CyberSentry Feed,Zone F
EXT-400140,2026-06-07T05:00:00,,59.2,GlobalIntel API,Zone H
EXT-400141,2026-05-10T09:00:00,intrusion,76.6,CyberSentry Feed,Zone E
EXT-400142,2026-05-15T04:00:00,,79.3,GlobalIntel API,Zone B
EXT-400143,2026-05-24T20:00:00,Other,94.8,GlobalIntel API,
EXT-400144,2026-06-17T07:00:00,Other,63.8,GlobalIntel API,Zone D
EXT-400145,2026-06-28T18:00:00,Physical,71.5,ThreatWatch Intl,Northern District
EXT-400146,2026-07-19T13:00:00,,72.5,OpenCTI Mirror,Zone F
EXT-400147,2026-06-25T10:00:00,CYBER-related,85.0,CyberSentry Feed,Eastern Corridor
EXT-400148,2026-06-04T09:00:00,intrusion,50.1,OpenCTI Mirror,Southern Belt
EXT-400149,2026-06-24T06:00:00,Intrusion,59.3,CyberSentry Feed,Zone A
EXT-400150,2026-04-30T01:00:00,Cyber,74.0,GlobalIntel API,Zone H
EXT-400151,2026-07-04T06:00:00,intrusion,27.6,ThreatWatch Intl,Zone I
EXT-400152,2026-05-17T10:00:00,,71.7,CyberSentry Feed,Northern District
EXT-400153,2026-06-15T01:00:00,Cyber,92.4,CyberSentry Feed,Zone A
EXT-400154,2026-07-05T20:00:00,CYBER-related,56.8,ThreatWatch Intl,Zone G
EXT-400155,2026-06-18T00:00:00,Other,85.4,ThreatWatch Intl,Zone H
EXT-400156,2026-06-05T10:00:00,intrusion,61.1,CyberSentry Feed,Zone H
EXT-400157,2026-05-27T08:00:00,Cyber,85.6,GlobalIntel API,
EXT-400158,2026-05-21T23:00:00,Environmental,32.1,CyberSentry Feed,Zone I
EXT-400159,2026-05-30T19:00:00,Other,90.5,OpenCTI Mirror,Zone A
EXT-400160,2026-07-16T18:00:00,Other,77.5,GlobalIntel API,Zone F
EXT-400161,2026-07-07T11:00:00,intrusion,43.7,ThreatWatch Intl,Eastern Corridor
EXT-400162,2026-06-27T16:00:00,Other,83.4,OpenCTI Mirror,Zone C
EXT-400163,2026-05-18T20:00:00,Other,50.5,OpenCTI Mirror,Zone A
EXT-400164,2026-07-26T02:00:00,Cyber,58.8,CyberSentry Feed,Eastern Corridor
EXT-400165,2026-05-12T02:00:00,CYBER-related,68.8,CyberSentry Feed,
EXT-400166,2026-05-07T20:00:00,Intrusion,68.0,OpenCTI Mirror,Zone B
EXT-400167,2026-06-11T15:00:00,CYBER-related,93.0,CyberSentry Feed,Western Zone
EXT-400168,2026-06-16T05:00:00,intrusion,88.9,OpenCTI Mirror,
EXT-400169,2026-07-18T05:00:00,,31.1,ThreatWatch Intl,Southern Belt
EXT-400170,2026-07-15T12:00:00,Intrusion,63.2,CyberSentry Feed,Eastern Corridor
EXT-400171,2026-05-22T05:00:00,Cyber,89.2,CyberSentry Feed,Northern District
EXT-400172,2026-07-10T02:00:00,intrusion,49.9,ThreatWatch Intl,Zone B
EXT-400173,2026-06-14T07:00:00,Physical,53.6,CyberSentry Feed,Southern Belt
EXT-400174,2026-05-30T07:00:00,intrusion,57.5,GlobalIntel API,Northern District
EXT-400175,2026-07-02T22:00:00,intrusion,55.9,CyberSentry Feed,Eastern Corridor
EXT-400176,2026-06-23T12:00:00,CYBER-related,77.9,CyberSentry Feed,Southern Belt
EXT-400177,2026-07-08T09:00:00,CYBER-related,29.7,CyberSentry Feed,Zone E
EXT-400178,2026-06-27T21:00:00,Environmental,72.8,GlobalIntel API,Northern District
EXT-400179,2026-07-14T18:00:00,Intrusion,99.0,ThreatWatch Intl,Eastern Corridor
EXT-400180,2026-07-12T22:00:00,Cyber,99.0,CyberSentry Feed,Zone H
EXT-400181,2026-05-01T01:00:00,intrusion,44.5,GlobalIntel API,Western Zone
EXT-400182,2026-06-29T12:00:00,Other,54.4,GlobalIntel API,Northern District
EXT-400183,2026-07-09T02:00:00,intrusion,80.8,ThreatWatch Intl,Central Hub
EXT-400184,2026-06-27T02:00:00,CYBER-related,91.0,GlobalIntel API,Zone G
EXT-400185,2026-06-20T03:00:00,Other,56.9,CyberSentry Feed,Central Hub
EXT-400186,2026-06-28T10:00:00,CYBER-related,65.5,OpenCTI Mirror,Southern Belt
EXT-400187,2026-07-15T17:00:00,Intrusion,65.8,CyberSentry Feed,Eastern Corridor
EXT-400188,2026-06-21T20:00:00,Environmental,52.7,CyberSentry Feed,Southern Belt
EXT-400189,2026-06-18T11:00:00,intrusion,99.0,CyberSentry Feed,Zone E
EXT-400190,2026-06-17T19:00:00,Cyber,84.9,GlobalIntel API,Eastern Corridor
EXT-400191,2026-05-23T00:00:00,Cyber,57.2,OpenCTI Mirror,Southern Belt
EXT-400192,2026-07-04T14:00:00,Other,48.6,ThreatWatch Intl,Zone A
EXT-400193,2026-06-02T04:00:00,Cyber,77.2,GlobalIntel API,Zone I
EXT-400194,2026-06-14T06:00:00,Environmental,73.3,ThreatWatch Intl,Northern District
EXT-400195,2026-07-21T21:00:00,CYBER-related,75.1,CyberSentry Feed,Zone C
EXT-400196,2026-05-31T07:00:00,,59.1,GlobalIntel API,Zone I
EXT-400197,2026-04-29T14:00:00,CYBER-related,83.6,OpenCTI Mirror,Zone B
EXT-400198,2026-05-11T07:00:00,Intrusion,73.5,ThreatWatch Intl,Northern District
EXT-400199,2026-06-27T16:00:00,CYBER-related,66.1,GlobalIntel API,Central Hub
EXT-400200,2026-05-30T13:00:00,Other,99.0,CyberSentry Feed,Zone C
EXT-400201,2026-07-17T00:00:00,Environmental,56.9,ThreatWatch Intl,Southern Belt
EXT-400202,2026-05-24T04:00:00,CYBER-related,87.4,GlobalIntel API,Zone C
EXT-400203,2026-05-17T00:00:00,Physical,59.3,ThreatWatch Intl,Zone G
EXT-400204,2026-05-31T11:00:00,Physical,47.8,OpenCTI Mirror,Zone I
EXT-400205,2026-05-04T16:00:00,intrusion,81.0,CyberSentry Feed,Eastern Corridor
EXT-400206,2026-07-15T01:00:00,Cyber,92.2,OpenCTI Mirror,Zone D
EXT-400207,2026-05-14T02:00:00,Environmental,59.8,OpenCTI Mirror,
EXT-400208,2026-05-03T15:00:00,Cyber,84.6,GlobalIntel API,Zone A
EXT-400209,2026-06-26T04:00:00,Cyber,63.4,CyberSentry Feed,Central Hub
EXT-400210,2026-05-14T13:00:00,Physical,87.3,CyberSentry Feed,Zone C
EXT-400211,2026-07-02T00:00:00,intrusion,55.4,ThreatWatch Intl,Northern District
EXT-400212,2026-05-21T20:00:00,intrusion,94.1,CyberSentry Feed,Southern Belt
EXT-400213,2026-05-01T16:00:00,CYBER-related,99.0,OpenCTI Mirror,Zone F
EXT-400214,2026-05-24T03:00:00,intrusion,74.6,CyberSentry Feed,Zone D
EXT-400215,2026-06-14T00:00:00,CYBER-related,43.2,ThreatWatch Intl,Zone B
EXT-400216,2026-06-29T11:00:00,intrusion,27.8,GlobalIntel API,Northern District
EXT-400217,2026-07-23T01:00:00,,56.3,OpenCTI Mirror,Southern Belt
EXT-400218,2026-06-28T02:00:00,Intrusion,50.3,OpenCTI Mirror,Zone H
EXT-400219,2026-07-18T01:00:00,Intrusion,34.7,CyberSentry Feed,Zone G
EXT-400220,2026-06-08T16:00:00,,81.0,OpenCTI Mirror,Central Hub
EXT-400221,2026-05-20T04:00:00,intrusion,45.7,GlobalIntel API,Eastern Corridor
EXT-400222,2026-06-16T12:00:00,,85.0,CyberSentry Feed,Western Zone
EXT-400223,2026-05-05T03:00:00,Other,62.4,CyberSentry Feed,Zone D
EXT-400224,2026-07-01T23:00:00,,79.7,ThreatWatch Intl,Zone A
EXT-400225,2026-07-07T20:00:00,Other,43.0,OpenCTI Mirror,Zone A
EXT-400226,2026-06-18T16:00:00,Environmental,96.1,GlobalIntel API,Central Hub
EXT-400227,2026-06-28T22:00:00,intrusion,49.4,CyberSentry Feed,Zone D
EXT-400228,2026-05-04T21:00:00,Intrusion,45.4,GlobalIntel API,Northern District
EXT-400229,2026-07-01T04:00:00,intrusion,47.0,ThreatWatch Intl,Northern District
EXT-400230,2026-06-01T01:00:00,Other,53.8,GlobalIntel API,Zone B
EXT-400231,2026-07-22T18:00:00,CYBER-related,74.5,ThreatWatch Intl,Eastern Corridor
EXT-400232,2026-05-31T08:00:00,intrusion,89.4,ThreatWatch Intl,Zone B
EXT-400233,2026-05-03T15:00:00,Physical,67.5,GlobalIntel API,Zone E
EXT-400234,2026-07-15T21:00:00,,68.8,ThreatWatch Intl,Zone G
EXT-400235,2026-05-08T12:00:00,intrusion,59.5,OpenCTI Mirror,Zone B
EXT-400236,2026-06-06T15:00:00,CYBER-related,50.2,CyberSentry Feed,Eastern Corridor
EXT-400237,2026-06-16T18:00:00,Other,93.2,GlobalIntel API,Eastern Corridor
EXT-400238,2026-05-31T22:00:00,Other,57.9,OpenCTI Mirror,Eastern Corridor
EXT-400239,2026-06-24T22:00:00,Environmental,29.6,ThreatWatch Intl,Zone B
EXT-400240,2026-05-01T18:00:00,intrusion,61.7,CyberSentry Feed,Southern Belt
EXT-400241,2026-05-25T23:00:00,Environmental,35.0,CyberSentry Feed,Western Zone
EXT-400242,2026-06-03T05:00:00,Other,49.0,ThreatWatch Intl,Western Zone
EXT-400243,2026-07-15T21:00:00,Other,87.3,CyberSentry Feed,Zone H
EXT-400244,2026-06-18T01:00:00,Other,82.7,ThreatWatch Intl,Northern District
EXT-400245,2026-07-03T01:00:00,Environmental,30.2,ThreatWatch Intl,Zone H
EXT-400246,2026-05-31T11:00:00,intrusion,84.6,OpenCTI Mirror,Zone D
EXT-400247,2026-05-14T15:00:00,,76.5,ThreatWatch Intl,Zone I
EXT-400248,2026-05-27T23:00:00,,44.9,ThreatWatch Intl,Zone H
EXT-400249,2026-05-17T04:00:00,CYBER-related,80.8,OpenCTI Mirror,Zone A
EXT-400250,2026-07-03T08:00:00,,59.7,ThreatWatch Intl,Western Zone
EXT-400251,2026-06-28T22:00:00,Environmental,38.9,CyberSentry Feed,Southern Belt
EXT-400252,2026-05-14T00:00:00,Physical,68.9,ThreatWatch Intl,Eastern Corridor
EXT-400253,2026-06-15T11:00:00,Cyber,65.7,CyberSentry Feed,Northern District
EXT-400254,2026-07-20T06:00:00,Physical,50.2,ThreatWatch Intl,Central Hub
EXT-400255,2026-06-17T03:00:00,Physical,63.4,GlobalIntel API,Zone C
EXT-400256,2026-06-01T15:00:00,Other,29.1,CyberSentry Feed,Eastern Corridor
EXT-400257,2026-07-10T19:00:00,Intrusion,69.0,ThreatWatch Intl,Zone E
EXT-400258,2026-06-01T19:00:00,Physical,49.2,ThreatWatch Intl,Zone C
EXT-400259,2026-05-13T06:00:00,Other,59.5,ThreatWatch Intl,Western Zone
EXT-400260,2026-06-17T17:00:00,Cyber,99.0,CyberSentry Feed,Northern District
EXT-400261,2026-07-08T18:00:00,Physical,29.9,GlobalIntel API,Western Zone
EXT-400262,2026-07-23T18:00:00,Environmental,72.5,GlobalIntel API,Western Zone
EXT-400263,2026-04-29T23:00:00,intrusion,60.3,ThreatWatch Intl,Northern District
EXT-400264,2026-07-21T23:00:00,Physical,82.0,OpenCTI Mirror,Zone C
EXT-400265,2026-04-30T12:00:00,Physical,72.3,GlobalIntel API,Zone B
EXT-400266,2026-07-24T21:00:00,intrusion,47.4,GlobalIntel API,Zone J
EXT-400267,2026-07-12T12:00:00,Other,46.6,OpenCTI Mirror,Eastern Corridor
EXT-400268,2026-05-29T04:00:00,Other,71.8,GlobalIntel API,Zone D
EXT-400269,2026-07-17T08:00:00,CYBER-related,85.5,CyberSentry Feed,Zone I
EXT-400270,2026-06-11T20:00:00,CYBER-related,42.1,ThreatWatch Intl,Southern Belt
EXT-400271,2026-06-21T00:00:00,Intrusion,72.9,ThreatWatch Intl,Zone D
EXT-400272,2026-05-14T01:00:00,Intrusion,66.4,OpenCTI Mirror,Northern District
EXT-400273,2026-07-07T02:00:00,Physical,39.5,ThreatWatch Intl,Eastern Corridor
EXT-400274,2026-05-24T18:00:00,Environmental,79.3,OpenCTI Mirror,Zone D
EXT-400275,2026-06-14T12:00:00,Environmental,95.8,ThreatWatch Intl,Zone E
EXT-400276,2026-07-25T22:00:00,Intrusion,54.7,ThreatWatch Intl,Central Hub
EXT-400277,2026-07-12T04:00:00,Physical,99.0,OpenCTI Mirror,Zone D
EXT-400278,2026-04-29T21:00:00,Intrusion,94.6,OpenCTI Mirror,Northern District
EXT-400279,2026-06-25T03:00:00,CYBER-related,77.6,GlobalIntel API,Zone B
EXT-400280,2026-06-11T19:00:00,Other,39.3,CyberSentry Feed,Zone D
EXT-400281,2026-06-06T07:00:00,CYBER-related,71.0,CyberSentry Feed,Zone I
EXT-400282,2026-05-09T06:00:00,Environmental,77.1,ThreatWatch Intl,Zone F
EXT-400283,2026-05-19T21:00:00,Intrusion,52.0,OpenCTI Mirror,Zone C
EXT-400284,2026-06-10T07:00:00,Other,51.8,CyberSentry Feed,Central Hub
EXT-400285,2026-05-24T02:00:00,Other,26.2,CyberSentry Feed,Zone C
EXT-400286,2026-07-12T11:00:00,Environmental,69.7,OpenCTI Mirror,Central Hub
EXT-400287,2026-05-06T17:00:00,Intrusion,86.0,CyberSentry Feed,Western Zone
EXT-400288,2026-05-30T21:00:00,intrusion,51.6,GlobalIntel API,Eastern Corridor
EXT-400289,2026-07-03T07:00:00,Environmental,43.2,GlobalIntel API,Central Hub
EXT-400290,2026-05-30T06:00:00,Physical,77.3,GlobalIntel API,Zone G
EXT-400291,2026-06-11T21:00:00,CYBER-related,94.4,GlobalIntel API,Zone H
EXT-400292,2026-05-17T12:00:00,Physical,69.4,ThreatWatch Intl,Zone A
EXT-400293,2026-05-25T08:00:00,intrusion,98.5,GlobalIntel API,Zone C
EXT-400294,2026-05-28T19:00:00,Other,94.0,CyberSentry Feed,Zone A
EXT-400295,2026-07-17T12:00:00,Environmental,95.7,GlobalIntel API,
EXT-400296,2026-06-28T21:00:00,intrusion,54.1,GlobalIntel API,Central Hub
EXT-400297,2026-06-16T13:00:00,CYBER-related,65.9,GlobalIntel API,Western Zone
EXT-400298,2026-05-17T12:00:00,Cyber,61.7,GlobalIntel API,Zone D
EXT-400299,2026-06-30T13:00:00,,35.9,OpenCTI Mirror,Central Hub
EXT-400300,2026-07-17T23:00:00,Cyber,69.1,GlobalIntel API,Zone A
EXT-400301,2026-07-17T21:00:00,Cyber,99.0,CyberSentry Feed,Western Zone
EXT-400302,2026-06-11T11:00:00,Physical,65.6,OpenCTI Mirror,
EXT-400303,2026-07-08T10:00:00,CYBER-related,60.6,ThreatWatch Intl,Southern Belt
EXT-400304,2026-05-16T22:00:00,Physical,42.4,OpenCTI Mirror,Zone A
EXT-400305,2026-06-08T18:00:00,intrusion,76.6,GlobalIntel API,Zone G
EXT-400306,2026-06-04T05:00:00,,78.9,OpenCTI Mirror,Zone J
EXT-400307,2026-05-18T01:00:00,Cyber,73.7,GlobalIntel API,Zone A
EXT-400308,2026-06-07T15:00:00,Physical,72.4,OpenCTI Mirror,Zone H
EXT-400309,2026-06-26T05:00:00,Physical,55.8,CyberSentry Feed,
EXT-400310,2026-07-17T21:00:00,Cyber,45.0,CyberSentry Feed,Central Hub
EXT-400311,2026-06-06T03:00:00,Intrusion,56.0,ThreatWatch Intl,Zone D
EXT-400312,2026-06-13T00:00:00,Intrusion,73.5,OpenCTI Mirror,Western Zone
EXT-400313,2026-05-08T05:00:00,Other,71.8,CyberSentry Feed,Southern Belt
EXT-400314,2026-05-14T03:00:00,Intrusion,61.1,ThreatWatch Intl,Northern District
EXT-400315,2026-06-06T18:00:00,Cyber,47.1,ThreatWatch Intl,Eastern Corridor
EXT-400316,2026-07-10T13:00:00,intrusion,99.0,GlobalIntel API,Western Zone
EXT-400317,2026-07-17T21:00:00,Physical,25.7,GlobalIntel API,Zone C
EXT-400318,2026-05-18T19:00:00,CYBER-related,51.2,CyberSentry Feed,Eastern Corridor
EXT-400319,2026-05-30T12:00:00,CYBER-related,68.8,CyberSentry Feed,Eastern Corridor
EXT-400320,2026-05-27T16:00:00,intrusion,20.0,CyberSentry Feed,Eastern Corridor
EXT-400321,2026-07-24T14:00:00,Cyber,89.9,GlobalIntel API,Central Hub
EXT-400322,2026-07-03T16:00:00,Intrusion,64.8,GlobalIntel API,Zone H
EXT-400323,2026-06-21T19:00:00,,79.4,GlobalIntel API,Southern Belt
EXT-400324,2026-07-06T08:00:00,Cyber,38.1,CyberSentry Feed,Western Zone
EXT-400325,2026-07-20T16:00:00,CYBER-related,63.8,GlobalIntel API,Western Zone
EXT-400326,2026-05-17T16:00:00,Environmental,85.9,CyberSentry Feed,Zone A
EXT-400327,2026-07-21T12:00:00,Cyber,61.6,CyberSentry Feed,Central Hub
EXT-400328,2026-06-05T16:00:00,Physical,89.0,CyberSentry Feed,Central Hub
EXT-400329,2026-06-24T02:00:00,CYBER-related,47.0,ThreatWatch Intl,Zone J
EXT-400330,2026-06-19T03:00:00,CYBER-related,72.3,CyberSentry Feed,Zone I
EXT-400331,2026-06-01T00:00:00,CYBER-related,48.5,ThreatWatch Intl,Zone B
EXT-400332,2026-06-25T12:00:00,intrusion,55.3,ThreatWatch Intl,Zone G
EXT-400333,2026-05-10T05:00:00,Other,70.7,CyberSentry Feed,Northern District
EXT-400334,2026-07-06T20:00:00,Intrusion,21.6,OpenCTI Mirror,Zone A
EXT-400335,2026-06-19T06:00:00,Physical,69.0,ThreatWatch Intl,Western Zone
EXT-400336,2026-07-26T02:00:00,,31.2,CyberSentry Feed,Zone J
EXT-400337,2026-07-18T07:00:00,Intrusion,58.0,ThreatWatch Intl,Zone A
EXT-400338,2026-06-12T10:00:00,,96.1,ThreatWatch Intl,Zone G
EXT-400339,2026-07-09T21:00:00,Cyber,43.5,GlobalIntel API,Zone A
EXT-400340,2026-07-05T16:00:00,,56.9,ThreatWatch Intl,Zone H
EXT-400341,2026-07-23T10:00:00,,60.6,ThreatWatch Intl,Zone A
EXT-400342,2026-07-27T18:00:00,intrusion,86.9,GlobalIntel API,Southern Belt
EXT-400343,2026-06-09T05:00:00,Environmental,55.2,GlobalIntel API,Eastern Corridor
EXT-400344,2026-05-30T13:00:00,Physical,49.7,OpenCTI Mirror,Zone F
EXT-400345,2026-07-05T21:00:00,Environmental,99.0,ThreatWatch Intl,Zone D
EXT-400346,2026-07-12T23:00:00,Intrusion,67.1,ThreatWatch Intl,Zone D
EXT-400347,2026-05-11T12:00:00,,57.2,ThreatWatch Intl,Zone F
EXT-400348,2026-05-22T09:00:00,Environmental,50.1,GlobalIntel API,Zone C
EXT-400349,2026-06-13T12:00:00,Intrusion,49.8,GlobalIntel API,Southern Belt
EXT-400350,2026-06-21T17:00:00,CYBER-related,74.3,CyberSentry Feed,Zone B
EXT-400351,2026-05-06T13:00:00,Intrusion,84.6,CyberSentry Feed,Zone H
EXT-400352,2026-06-29T00:00:00,Environmental,75.3,CyberSentry Feed,Zone G
EXT-400353,2026-07-11T17:00:00,Physical,72.1,GlobalIntel API,Southern Belt
EXT-400354,2026-05-15T21:00:00,Environmental,87.4,CyberSentry Feed,Central Hub
EXT-400355,2026-05-27T15:00:00,Environmental,68.2,CyberSentry Feed,Zone B
EXT-400356,2026-07-27T11:00:00,Intrusion,67.4,OpenCTI Mirror,Northern District
EXT-400357,2026-06-22T14:00:00,Intrusion,74.9,GlobalIntel API,Zone J
EXT-400358,2026-05-14T18:00:00,Other,90.5,OpenCTI Mirror,
EXT-400359,2026-07-01T10:00:00,,9.5,GlobalIntel API,Northern District
EXT-400360,2026-07-10T15:00:00,CYBER-related,74.9,OpenCTI Mirror,Zone E
EXT-400361,2026-05-06T10:00:00,Other,38.8,OpenCTI Mirror,Central Hub
EXT-400362,2026-07-21T21:00:00,Other,9.4,CyberSentry Feed,Eastern Corridor
EXT-400363,2026-06-26T15:00:00,Cyber,65.4,GlobalIntel API,Western Zone
EXT-400364,2026-07-08T13:00:00,CYBER-related,78.7,GlobalIntel API,Zone F
EXT-400365,2026-06-26T02:00:00,,55.1,GlobalIntel API,Eastern Corridor
EXT-400366,2026-05-19T17:00:00,,62.0,CyberSentry Feed,Zone H
EXT-400367,2026-06-26T08:00:00,CYBER-related,44.9,ThreatWatch Intl,Eastern Corridor
EXT-400368,2026-07-09T10:00:00,CYBER-related,68.4,ThreatWatch Intl,
EXT-400369,2026-05-04T22:00:00,Physical,99.0,CyberSentry Feed,Eastern Corridor
EXT-400370,2026-07-20T20:00:00,CYBER-related,52.0,ThreatWatch Intl,Zone C
EXT-400371,2026-05-04T19:00:00,CYBER-related,53.5,OpenCTI Mirror,Eastern Corridor
EXT-400372,2026-06-09T02:00:00,Other,68.8,OpenCTI Mirror,Southern Belt
EXT-400373,2026-06-06T23:00:00,Cyber,48.0,ThreatWatch Intl,Western Zone
EXT-400374,2026-06-08T06:00:00,,60.0,GlobalIntel API,Northern District
EXT-400375,2026-05-10T13:00:00,CYBER-related,90.4,OpenCTI Mirror,Zone B
EXT-400376,2026-07-09T15:00:00,CYBER-related,52.2,ThreatWatch Intl,Northern District
EXT-400377,2026-06-26T11:00:00,CYBER-related,89.4,OpenCTI Mirror,Zone J
EXT-400378,2026-07-10T13:00:00,Physical,40.4,OpenCTI Mirror,Zone E
EXT-400379,2026-05-04T17:00:00,Environmental,74.3,ThreatWatch Intl,Western Zone
EXT-400380,2026-06-30T10:00:00,Environmental,41.0,ThreatWatch Intl,Southern Belt
EXT-400381,2026-05-06T12:00:00,Other,74.3,GlobalIntel API,Western Zone
EXT-400382,2026-07-10T11:00:00,Environmental,48.5,ThreatWatch Intl,Zone F
EXT-400383,2026-04-30T02:00:00,intrusion,98.9,OpenCTI Mirror,Southern Belt
EXT-400384,2026-06-29T05:00:00,Physical,56.7,GlobalIntel API,Western Zone
EXT-400385,2026-07-18T11:00:00,Environmental,37.0,OpenCTI Mirror,Southern Belt
EXT-400386,2026-07-22T06:00:00,intrusion,58.3,GlobalIntel API,Zone B
EXT-400387,2026-05-10T02:00:00,Intrusion,62.7,OpenCTI Mirror,Zone I
EXT-400388,2026-06-16T10:00:00,Intrusion,51.9,GlobalIntel API,
EXT-400389,2026-07-11T22:00:00,Cyber,81.3,ThreatWatch Intl,Zone H
EXT-400390,2026-06-07T01:00:00,Physical,56.8,CyberSentry Feed,Zone H
EXT-400391,2026-06-24T16:00:00,Intrusion,72.2,CyberSentry Feed,Zone H
EXT-400392,2026-06-06T00:00:00,Cyber,49.6,OpenCTI Mirror,Zone E
EXT-400393,2026-05-30T07:00:00,Intrusion,44.4,GlobalIntel API,Northern District
EXT-400394,2026-07-17T21:00:00,Environmental,67.3,ThreatWatch Intl,
EXT-400395,2026-06-22T12:00:00,,42.8,ThreatWatch Intl,Eastern Corridor
EXT-400396,2026-06-27T11:00:00,CYBER-related,88.0,OpenCTI Mirror,Eastern Corridor
EXT-400397,2026-07-09T06:00:00,Other,56.9,GlobalIntel API,Zone J
EXT-400398,2026-07-18T22:00:00,Environmental,67.6,CyberSentry Feed,Central Hub
EXT-400399,2026-07-13T12:00:00,Cyber,59.7,CyberSentry Feed,Zone B
EXT-400400,2026-07-15T13:00:00,CYBER-related,53.8,CyberSentry Feed,Eastern Corridor
EXT-400401,2026-05-24T05:00:00,intrusion,59.5,GlobalIntel API,Zone D
EXT-400402,2026-05-04T08:00:00,Other,62.3,ThreatWatch Intl,Eastern Corridor
EXT-400403,2026-06-11T14:00:00,Other,53.2,OpenCTI Mirror,Zone B
EXT-400404,2026-05-09T17:00:00,Other,66.6,GlobalIntel API,Eastern Corridor
EXT-400405,2026-06-09T15:00:00,CYBER-related,75.6,GlobalIntel API,Zone A
EXT-400406,2026-04-29T19:00:00,Intrusion,27.2,CyberSentry Feed,Zone G
EXT-400407,2026-07-25T16:00:00,Intrusion,51.4,ThreatWatch Intl,Central Hub
EXT-400408,2026-06-01T15:00:00,Environmental,25.1,ThreatWatch Intl,Zone G
EXT-400409,2026-07-02T11:00:00,CYBER-related,81.4,CyberSentry Feed,Zone G
EXT-400410,2026-06-09T01:00:00,Physical,81.4,CyberSentry Feed,Northern District
EXT-400411,2026-07-19T03:00:00,Other,99.0,GlobalIntel API,Eastern Corridor
EXT-400412,2026-06-27T02:00:00,Cyber,69.2,ThreatWatch Intl,Zone F
EXT-400413,2026-05-02T06:00:00,CYBER-related,80.4,CyberSentry Feed,Eastern Corridor
EXT-400414,2026-06-29T23:00:00,Cyber,99.0,CyberSentry Feed,Southern Belt
EXT-400415,2026-06-16T07:00:00,Environmental,69.0,ThreatWatch Intl,Zone D
EXT-400416,2026-06-25T01:00:00,Environmental,79.3,CyberSentry Feed,
EXT-400417,2026-05-05T03:00:00,Physical,50.5,CyberSentry Feed,Zone D
EXT-400418,2026-06-19T10:00:00,Physical,45.1,CyberSentry Feed,Zone G
EXT-400419,2026-07-26T07:00:00,,51.7,GlobalIntel API,Zone B
EXT-400420,2026-05-16T00:00:00,Physical,77.4,ThreatWatch Intl,
EXT-400421,2026-06-05T18:00:00,Environmental,43.1,OpenCTI Mirror,Southern Belt
EXT-400422,2026-05-03T20:00:00,Other,34.8,OpenCTI Mirror,Eastern Corridor
EXT-400423,2026-06-27T22:00:00,Physical,69.6,CyberSentry Feed,Zone H
EXT-400424,2026-05-12T06:00:00,intrusion,65.6,CyberSentry Feed,Eastern Corridor
EXT-400425,2026-06-29T19:00:00,Other,96.5,GlobalIntel API,Western Zone
EXT-400426,2026-05-05T11:00:00,,49.3,GlobalIntel API,Zone G
EXT-400427,2026-05-09T00:00:00,Other,67.8,OpenCTI Mirror,Zone I
EXT-400428,2026-06-02T03:00:00,Environmental,70.3,ThreatWatch Intl,Southern Belt
EXT-400429,2026-07-11T14:00:00,CYBER-related,64.8,GlobalIntel API,Zone G
EXT-400430,2026-06-14T22:00:00,Cyber,69.8,CyberSentry Feed,Zone J
EXT-400431,2026-05-24T12:00:00,Cyber,55.2,GlobalIntel API,Eastern Corridor
EXT-400432,2026-07-17T23:00:00,Environmental,65.4,CyberSentry Feed,Southern Belt
EXT-400433,2026-06-20T04:00:00,intrusion,89.0,OpenCTI Mirror,Zone C
EXT-400434,2026-05-06T10:00:00,Environmental,65.3,OpenCTI Mirror,Central Hub
EXT-400435,2026-07-25T16:00:00,Environmental,49.0,GlobalIntel API,Zone F
EXT-400436,2026-06-16T08:00:00,Physical,73.1,CyberSentry Feed,Zone B
EXT-400437,2026-05-13T17:00:00,Cyber,64.8,CyberSentry Feed,Zone B
EXT-400438,2026-07-20T21:00:00,Environmental,59.2,ThreatWatch Intl,Zone D
EXT-400439,2026-07-18T18:00:00,Other,95.2,CyberSentry Feed,
EXT-400440,2026-07-02T03:00:00,Intrusion,99.0,GlobalIntel API,Western Zone
EXT-400441,2026-06-23T21:00:00,CYBER-related,74.9,OpenCTI Mirror,Northern District
EXT-400442,2026-05-14T00:00:00,CYBER-related,40.2,OpenCTI Mirror,
EXT-400443,2026-06-14T19:00:00,,65.0,GlobalIntel API,Central Hub
EXT-400444,2026-05-29T00:00:00,Intrusion,96.6,GlobalIntel API,Western Zone
EXT-400445,2026-06-05T14:00:00,Environmental,41.6,OpenCTI Mirror,Zone A
EXT-400446,2026-05-04T11:00:00,,36.4,GlobalIntel API,Zone J
EXT-400447,2026-06-08T08:00:00,Intrusion,99.0,CyberSentry Feed,Zone F
EXT-400448,2026-06-05T21:00:00,Cyber,54.3,GlobalIntel API,Zone J
EXT-400449,2026-06-03T17:00:00,Cyber,64.1,OpenCTI Mirror,Zone F
EXT-400450,2026-07-01T16:00:00,,83.0,ThreatWatch Intl,Zone D
EXT-400451,2026-06-10T00:00:00,Physical,92.3,ThreatWatch Intl,Central Hub
EXT-400452,2026-05-01T01:00:00,CYBER-related,42.5,GlobalIntel API,Zone H
EXT-400453,2026-06-29T23:00:00,CYBER-related,54.7,ThreatWatch Intl,Zone H
EXT-400454,2026-06-26T06:00:00,Cyber,69.6,GlobalIntel API,Zone E
EXT-400455,2026-06-08T09:00:00,,44.5,OpenCTI Mirror,Central Hub
EXT-400456,2026-05-30T11:00:00,Cyber,90.1,ThreatWatch Intl,Western Zone
EXT-400457,2026-05-25T04:00:00,Intrusion,63.7,GlobalIntel API,Zone H
EXT-400458,2026-05-29T15:00:00,Other,99.0,OpenCTI Mirror,Southern Belt
EXT-400459,2026-06-05T10:00:00,CYBER-related,38.8,GlobalIntel API,Zone D
EXT-400460,2026-06-23T08:00:00,CYBER-related,63.1,CyberSentry Feed,Central Hub
EXT-400461,2026-07-03T08:00:00,Other,99.0,OpenCTI Mirror,Eastern Corridor
EXT-400462,2026-06-11T04:00:00,Intrusion,84.8,GlobalIntel API,Eastern Corridor
EXT-400463,2026-05-30T21:00:00,Physical,65.8,GlobalIntel API,Zone A
EXT-400464,2026-06-07T00:00:00,Intrusion,76.6,ThreatWatch Intl,Zone B
EXT-400465,2026-07-19T12:00:00,Cyber,87.6,GlobalIntel API,Eastern Corridor
EXT-400466,2026-06-26T10:00:00,Physical,68.9,GlobalIntel API,Zone E
EXT-400467,2026-05-12T00:00:00,Environmental,36.3,GlobalIntel API,Zone I
EXT-400468,2026-05-19T08:00:00,,59.1,ThreatWatch Intl,Central Hub
EXT-400469,2026-05-24T04:00:00,CYBER-related,61.6,OpenCTI Mirror,Zone D
EXT-400470,2026-06-26T04:00:00,Physical,80.7,ThreatWatch Intl,Eastern Corridor
EXT-400471,2026-06-17T05:00:00,,9.0,OpenCTI Mirror,Southern Belt
EXT-400472,2026-05-31T16:00:00,Other,71.2,ThreatWatch Intl,Zone E
EXT-400473,2026-07-11T15:00:00,,54.6,OpenCTI Mirror,
EXT-400474,2026-07-21T15:00:00,,61.4,ThreatWatch Intl,Southern Belt
EXT-400475,2026-07-15T19:00:00,,84.9,ThreatWatch Intl,Northern District
EXT-400476,2026-05-15T02:00:00,Other,51.0,ThreatWatch Intl,Zone I
EXT-400477,2026-06-07T21:00:00,Other,89.7,OpenCTI Mirror,Eastern Corridor
EXT-400478,2026-06-17T10:00:00,,58.5,ThreatWatch Intl,Zone J
EXT-400479,2026-05-05T19:00:00,Other,93.7,ThreatWatch Intl,Zone F
EXT-400480,2026-07-23T19:00:00,,43.9,CyberSentry Feed,Zone C
EXT-400481,2026-06-01T08:00:00,Environmental,86.2,CyberSentry Feed,Southern Belt
EXT-400482,2026-07-26T01:00:00,Cyber,78.5,CyberSentry Feed,Central Hub
EXT-400483,2026-05-28T19:00:00,Environmental,78.2,ThreatWatch Intl,Zone J
EXT-400484,2026-07-22T03:00:00,intrusion,86.1,CyberSentry Feed,Central Hub
EXT-400485,2026-06-10T19:00:00,intrusion,61.4,CyberSentry Feed,
EXT-400486,2026-05-12T17:00:00,Other,97.6,ThreatWatch Intl,Zone B
EXT-400487,2026-06-17T04:00:00,,49.0,ThreatWatch Intl,Zone I
EXT-400488,2026-06-24T18:00:00,Physical,59.1,GlobalIntel API,Zone A
EXT-400489,2026-05-04T13:00:00,intrusion,47.6,GlobalIntel API,Eastern Corridor
EXT-400490,2026-05-10T08:00:00,CYBER-related,99.0,OpenCTI Mirror,Zone J
EXT-400491,2026-06-08T06:00:00,Intrusion,58.6,CyberSentry Feed,Northern District
EXT-400492,2026-07-10T10:00:00,Intrusion,46.3,OpenCTI Mirror,Northern District
EXT-400493,2026-06-03T21:00:00,CYBER-related,47.9,GlobalIntel API,Zone C
EXT-400494,2026-07-26T20:00:00,Other,99.0,OpenCTI Mirror,Zone I
EXT-400495,2026-05-10T12:00:00,Other,60.2,CyberSentry Feed,
EXT-400496,2026-07-03T06:00:00,Physical,45.5,OpenCTI Mirror,Southern Belt
EXT-400497,2026-06-16T02:00:00,Intrusion,38.6,OpenCTI Mirror,Western Zone
EXT-400498,2026-07-23T10:00:00,Environmental,45.4,GlobalIntel API,Southern Belt
EXT-400499,2026-05-20T06:00:00,Cyber,24.2,CyberSentry Feed,Zone B
EXT-400500,2026-05-31T04:00:00,Environmental,75.3,GlobalIntel API,
EXT-400501,2026-05-05T15:00:00,intrusion,65.6,ThreatWatch Intl,Zone I
EXT-400502,2026-05-01T23:00:00,Cyber,42.2,OpenCTI Mirror,Zone G
EXT-400503,2026-07-13T09:00:00,Cyber,42.9,ThreatWatch Intl,Zone G
EXT-400504,2026-06-12T13:00:00,Environmental,51.8,ThreatWatch Intl,Zone D
EXT-400505,2026-05-23T21:00:00,intrusion,91.1,CyberSentry Feed,Zone H
EXT-400506,2026-07-19T06:00:00,CYBER-related,70.7,GlobalIntel API,Western Zone
EXT-400507,2026-06-16T19:00:00,,80.6,OpenCTI Mirror,Western Zone
EXT-400508,2026-07-18T14:00:00,Environmental,33.2,OpenCTI Mirror,Zone F
EXT-400509,2026-06-22T08:00:00,intrusion,61.5,OpenCTI Mirror,Central Hub
EXT-400510,2026-05-23T13:00:00,Physical,49.1,ThreatWatch Intl,Zone F
EXT-400511,2026-06-27T14:00:00,,45.5,GlobalIntel API,Zone A
EXT-400512,2026-07-26T05:00:00,intrusion,93.5,GlobalIntel API,Southern Belt
EXT-400513,2026-05-06T17:00:00,Physical,97.8,ThreatWatch Intl,Central Hub
EXT-400514,2026-07-25T14:00:00,Intrusion,68.3,GlobalIntel API,Zone F
EXT-400515,2026-07-18T23:00:00,Physical,54.6,OpenCTI Mirror,Zone E
EXT-400516,2026-06-15T03:00:00,,42.5,CyberSentry Feed,Zone D
EXT-400517,2026-05-17T19:00:00,CYBER-related,62.6,GlobalIntel API,Zone F
EXT-400518,2026-06-06T00:00:00,CYBER-related,56.2,CyberSentry Feed,
EXT-400519,2026-07-11T20:00:00,CYBER-related,76.4,CyberSentry Feed,Zone G
EXT-400520,2026-05-15T05:00:00,Physical,79.8,CyberSentry Feed,Western Zone
EXT-400521,2026-05-21T01:00:00,,56.2,GlobalIntel API,Zone J
EXT-400522,2026-05-02T12:00:00,intrusion,46.2,GlobalIntel API,Southern Belt
EXT-400523,2026-05-01T11:00:00,Physical,66.5,ThreatWatch Intl,Zone E
EXT-400524,2026-05-31T18:00:00,Physical,57.0,CyberSentry Feed,Zone E
EXT-400525,2026-05-23T08:00:00,intrusion,22.2,OpenCTI Mirror,Zone E
EXT-400526,2026-06-15T11:00:00,intrusion,61.5,OpenCTI Mirror,Zone H
EXT-400527,2026-06-22T09:00:00,Physical,49.5,CyberSentry Feed,Northern District
EXT-400528,2026-06-14T20:00:00,Intrusion,72.9,CyberSentry Feed,Zone E
EXT-400529,2026-07-17T04:00:00,Other,67.8,OpenCTI Mirror,Eastern Corridor
EXT-400530,2026-05-04T22:00:00,Physical,48.0,GlobalIntel API,Northern District
EXT-400531,2026-05-02T14:00:00,Environmental,92.2,ThreatWatch Intl,Zone H
EXT-400532,2026-07-13T15:00:00,CYBER-related,74.7,CyberSentry Feed,Northern District
EXT-400533,2026-06-07T15:00:00,Intrusion,25.0,OpenCTI Mirror,Eastern Corridor
EXT-400534,2026-07-26T08:00:00,,98.6,GlobalIntel API,Zone C
EXT-400535,2026-07-12T00:00:00,Environmental,44.5,CyberSentry Feed,Zone I
EXT-400536,2026-05-23T02:00:00,Intrusion,64.3,ThreatWatch Intl,Zone H
EXT-400537,2026-05-02T07:00:00,Environmental,59.0,ThreatWatch Intl,Zone F
EXT-400538,2026-06-06T04:00:00,Other,52.2,OpenCTI Mirror,Southern Belt
EXT-400539,2026-04-30T08:00:00,Other,75.1,GlobalIntel API,Zone H
EXT-400540,2026-07-10T17:00:00,Intrusion,73.1,OpenCTI Mirror,Zone E
EXT-400541,2026-06-15T22:00:00,Cyber,61.3,OpenCTI Mirror,Zone C
EXT-400542,2026-06-06T07:00:00,Other,41.6,CyberSentry Feed,Northern District
EXT-400543,2026-07-09T14:00:00,intrusion,89.1,CyberSentry Feed,Northern District
EXT-400544,2026-07-25T21:00:00,Environmental,35.2,ThreatWatch Intl,Zone F
EXT-400545,2026-07-20T06:00:00,CYBER-related,60.0,OpenCTI Mirror,Southern Belt
EXT-400546,2026-06-09T02:00:00,Other,35.5,CyberSentry Feed,Zone B
EXT-400547,2026-05-10T11:00:00,Environmental,62.9,GlobalIntel API,Eastern Corridor
EXT-400548,2026-06-30T18:00:00,Other,68.3,OpenCTI Mirror,Zone B
EXT-400549,2026-05-02T22:00:00,CYBER-related,60.8,OpenCTI Mirror,Zone I
EXT-400550,2026-06-12T03:00:00,intrusion,68.0,OpenCTI Mirror,Zone B
EXT-400551,2026-05-06T21:00:00,Physical,90.5,GlobalIntel API,Zone F
EXT-400552,2026-07-24T21:00:00,Other,66.8,ThreatWatch Intl,
EXT-400553,2026-06-29T02:00:00,Physical,73.7,GlobalIntel API,Zone J
EXT-400554,2026-06-05T02:00:00,Physical,45.0,GlobalIntel API,
EXT-400555,2026-06-13T08:00:00,Other,42.3,ThreatWatch Intl,Zone F
EXT-400556,2026-07-26T00:00:00,Physical,67.9,ThreatWatch Intl,Central Hub
EXT-400557,2026-05-28T07:00:00,intrusion,55.6,CyberSentry Feed,Zone B
EXT-400558,2026-06-29T13:00:00,CYBER-related,81.3,ThreatWatch Intl,Zone H
EXT-400559,2026-05-15T17:00:00,Environmental,58.6,GlobalIntel API,Western Zone
EXT-400560,2026-05-18T18:00:00,Environmental,45.1,GlobalIntel API,Central Hub
EXT-400561,2026-05-05T08:00:00,Intrusion,78.8,CyberSentry Feed,
EXT-400562,2026-06-13T23:00:00,Other,46.4,OpenCTI Mirror,Zone B
EXT-400563,2026-07-23T07:00:00,Intrusion,69.1,CyberSentry Feed,Western Zone
EXT-400564,2026-05-23T09:00:00,Other,39.6,GlobalIntel API,Zone A
EXT-400565,2026-06-10T05:00:00,,59.3,ThreatWatch Intl,Zone B
EXT-400566,2026-05-18T23:00:00,CYBER-related,82.0,GlobalIntel API,Zone J
EXT-400567,2026-06-26T06:00:00,Environmental,70.8,GlobalIntel API,Northern District
EXT-400568,2026-05-16T21:00:00,intrusion,85.1,GlobalIntel API,
EXT-400569,2026-05-03T16:00:00,Intrusion,91.2,OpenCTI Mirror,Zone J
EXT-400570,2026-06-29T08:00:00,intrusion,86.0,ThreatWatch Intl,Central Hub
EXT-400571,2026-07-09T09:00:00,Other,76.3,CyberSentry Feed,Zone H
EXT-400572,2026-06-25T05:00:00,Cyber,31.7,CyberSentry Feed,Southern Belt
EXT-400573,2026-05-08T08:00:00,CYBER-related,96.8,GlobalIntel API,
EXT-400574,2026-07-01T06:00:00,intrusion,39.6,GlobalIntel API,Northern District
EXT-400575,2026-07-16T13:00:00,,76.8,ThreatWatch Intl,Zone J
EXT-400576,2026-06-12T23:00:00,Intrusion,64.5,CyberSentry Feed,Zone G
EXT-400577,2026-04-30T16:00:00,Physical,41.8,OpenCTI Mirror,Zone A
EXT-400578,2026-06-10T08:00:00,,34.5,OpenCTI Mirror,Zone G
EXT-400579,2026-06-20T14:00:00,CYBER-related,74.0,GlobalIntel API,Northern District
EXT-400580,2026-07-14T16:00:00,Physical,99.0,GlobalIntel API,Western Zone
EXT-400581,2026-05-13T04:00:00,CYBER-related,99.0,OpenCTI Mirror,Zone E
EXT-400582,2026-05-21T23:00:00,,24.7,ThreatWatch Intl,Eastern Corridor
EXT-400583,2026-06-19T01:00:00,Cyber,84.9,GlobalIntel API,Western Zone
EXT-400584,2026-07-18T22:00:00,,74.9,ThreatWatch Intl,Eastern Corridor
EXT-400585,2026-07-08T05:00:00,,47.4,ThreatWatch Intl,Zone E
EXT-400586,2026-06-12T02:00:00,CYBER-related,61.7,ThreatWatch Intl,Zone B
EXT-400587,2026-05-23T14:00:00,Intrusion,65.2,CyberSentry Feed,Zone B
EXT-400588,2026-05-29T14:00:00,Intrusion,73.7,GlobalIntel API,Zone E
EXT-400589,2026-06-28T05:00:00,intrusion,81.3,CyberSentry Feed,Zone D
EXT-400590,2026-05-21T09:00:00,CYBER-related,62.2,GlobalIntel API,Northern District
EXT-400591,2026-07-19T13:00:00,intrusion,40.7,CyberSentry Feed,Zone B
EXT-400592,2026-07-18T09:00:00,Cyber,64.3,ThreatWatch Intl,Central Hub
EXT-400593,2026-06-02T13:00:00,Intrusion,78.2,ThreatWatch Intl,Zone F
EXT-400594,2026-06-07T03:00:00,,86.8,ThreatWatch Intl,Eastern Corridor
EXT-400595,2026-05-28T14:00:00,,71.3,GlobalIntel API,Eastern Corridor
EXT-400596,2026-07-04T03:00:00,Cyber,52.2,CyberSentry Feed,Zone C
EXT-400597,2026-07-07T00:00:00,,61.5,OpenCTI Mirror,Zone C
EXT-400598,2026-06-24T11:00:00,Cyber,60.3,ThreatWatch Intl,Northern District
EXT-400599,2026-06-11T07:00:00,intrusion,23.0,CyberSentry Feed,Southern Belt
EXT-400600,2026-07-24T16:00:00,,71.3,OpenCTI Mirror,Zone A
EXT-400601,2026-06-19T14:00:00,Cyber,49.8,CyberSentry Feed,Zone H
EXT-400602,2026-06-27T00:00:00,,80.2,ThreatWatch Intl,Zone I
EXT-400603,2026-05-20T07:00:00,Other,77.0,OpenCTI Mirror,Zone A
EXT-400604,2026-04-29T19:00:00,Intrusion,57.9,ThreatWatch Intl,Zone H
EXT-400605,2026-07-03T21:00:00,intrusion,43.0,CyberSentry Feed,Central Hub
EXT-400606,2026-07-02T00:00:00,CYBER-related,93.3,CyberSentry Feed,Zone H
EXT-400607,2026-06-04T22:00:00,Other,76.6,GlobalIntel API,Eastern Corridor
EXT-400608,2026-05-22T02:00:00,,47.8,OpenCTI Mirror,Zone G
EXT-400609,2026-06-26T12:00:00,Intrusion,14.9,CyberSentry Feed,Zone F
EXT-400610,2026-06-18T12:00:00,Physical,93.7,OpenCTI Mirror,
EXT-400611,2026-06-13T10:00:00,Cyber,73.6,CyberSentry Feed,Zone J
EXT-400612,2026-07-26T00:00:00,Cyber,70.8,GlobalIntel API,Southern Belt
EXT-400613,2026-05-10T05:00:00,Physical,40.4,GlobalIntel API,
EXT-400614,2026-06-01T11:00:00,CYBER-related,64.9,OpenCTI Mirror,Northern District
EXT-400615,2026-07-23T13:00:00,Physical,60.9,ThreatWatch Intl,Northern District
EXT-400616,2026-06-09T20:00:00,,61.4,OpenCTI Mirror,Eastern Corridor
EXT-400617,2026-07-05T03:00:00,Physical,55.8,ThreatWatch Intl,Southern Belt
EXT-400618,2026-05-17T11:00:00,Environmental,85.0,CyberSentry Feed,Zone B
EXT-400619,2026-05-06T02:00:00,intrusion,58.4,ThreatWatch Intl,Zone E
EXT-400620,2026-07-11T08:00:00,Environmental,77.0,CyberSentry Feed,Zone C
EXT-400621,2026-07-13T21:00:00,Physical,52.6,GlobalIntel API,Western Zone
EXT-400622,2026-07-23T23:00:00,CYBER-related,45.7,GlobalIntel API,Southern Belt
EXT-400623,2026-06-05T17:00:00,Physical,63.0,OpenCTI Mirror,Zone C
EXT-400624,2026-05-22T23:00:00,CYBER-related,65.0,ThreatWatch Intl,Zone B
EXT-400625,2026-06-27T09:00:00,intrusion,55.2,OpenCTI Mirror,Central Hub
EXT-400626,2026-06-07T04:00:00,Intrusion,30.0,CyberSentry Feed,Eastern Corridor
EXT-400627,2026-06-09T06:00:00,CYBER-related,46.8,OpenCTI Mirror,Zone E
EXT-400628,2026-07-26T08:00:00,Other,84.1,OpenCTI Mirror,Zone J
EXT-400629,2026-05-30T09:00:00,CYBER-related,78.2,OpenCTI Mirror,Zone D
EXT-400630,2026-07-12T23:00:00,Physical,43.1,GlobalIntel API,Northern District
EXT-400631,2026-06-26T02:00:00,Intrusion,58.1,CyberSentry Feed,Zone B
EXT-400632,2026-07-06T10:00:00,intrusion,36.9,GlobalIntel API,Northern District
EXT-400633,2026-06-14T19:00:00,Other,31.1,CyberSentry Feed,Zone E
EXT-400634,2026-06-23T08:00:00,intrusion,82.7,GlobalIntel API,Northern District
EXT-400635,2026-05-09T20:00:00,Environmental,65.2,CyberSentry Feed,Zone D
EXT-400636,2026-06-21T09:00:00,Intrusion,58.9,GlobalIntel API,Zone D
EXT-400637,2026-06-21T17:00:00,Other,78.8,GlobalIntel API,Zone F
EXT-400638,2026-07-24T09:00:00,,27.2,GlobalIntel API,Zone B
EXT-400639,2026-07-09T17:00:00,Other,65.5,ThreatWatch Intl,Eastern Corridor
EXT-400640,2026-06-15T01:00:00,intrusion,91.4,CyberSentry Feed,Central Hub
EXT-400641,2026-05-06T02:00:00,Physical,85.3,CyberSentry Feed,Zone I
EXT-400642,2026-07-25T06:00:00,Other,45.1,ThreatWatch Intl,Zone F
EXT-400643,2026-04-29T15:00:00,Cyber,71.7,GlobalIntel API,Southern Belt
EXT-400644,2026-05-04T04:00:00,CYBER-related,93.6,ThreatWatch Intl,Northern District
EXT-400645,2026-05-06T21:00:00,intrusion,39.2,OpenCTI Mirror,Zone A
EXT-400646,2026-05-24T14:00:00,Intrusion,76.3,CyberSentry Feed,Zone C
EXT-400647,2026-06-04T07:00:00,Environmental,80.4,OpenCTI Mirror,Zone J
EXT-400648,2026-06-21T07:00:00,Cyber,95.6,OpenCTI Mirror,Zone F
EXT-400649,2026-06-06T06:00:00,Other,53.8,GlobalIntel API,Zone J
EXT-400650,2026-07-27T05:00:00,CYBER-related,63.6,OpenCTI Mirror,Zone H
EXT-400651,2026-05-29T16:00:00,Environmental,87.5,CyberSentry Feed,Northern District
EXT-400652,2026-06-26T23:00:00,Intrusion,52.0,OpenCTI Mirror,Central Hub
EXT-400653,2026-06-27T08:00:00,Other,56.7,ThreatWatch Intl,Zone G
EXT-400654,2026-05-11T15:00:00,intrusion,97.6,OpenCTI Mirror,Zone I
EXT-400655,2026-06-12T05:00:00,Physical,51.2,GlobalIntel API,Zone E
EXT-400656,2026-07-22T21:00:00,Intrusion,73.4,GlobalIntel API,Central Hub
EXT-400657,2026-06-07T21:00:00,CYBER-related,84.7,ThreatWatch Intl,Western Zone
EXT-400658,2026-05-15T05:00:00,,45.8,OpenCTI Mirror,Southern Belt
EXT-400659,2026-04-29T16:00:00,Environmental,54.3,CyberSentry Feed,Southern Belt
EXT-400660,2026-05-16T03:00:00,Cyber,49.3,OpenCTI Mirror,Zone C
EXT-400661,2026-05-02T03:00:00,Environmental,62.6,GlobalIntel API,Western Zone
EXT-400662,2026-06-10T20:00:00,Physical,76.1,OpenCTI Mirror,Southern Belt
EXT-400663,2026-07-17T04:00:00,CYBER-related,39.2,GlobalIntel API,Central Hub
EXT-400664,2026-06-13T21:00:00,Other,56.3,CyberSentry Feed,Zone B
EXT-400665,2026-07-17T11:00:00,,53.0,CyberSentry Feed,Zone F
EXT-400666,2026-06-12T16:00:00,Environmental,39.7,OpenCTI Mirror,
EXT-400667,2026-07-26T16:00:00,CYBER-related,71.5,OpenCTI Mirror,Zone A
EXT-400668,2026-07-07T03:00:00,CYBER-related,52.6,OpenCTI Mirror,Zone A
EXT-400669,2026-06-01T02:00:00,Cyber,63.1,ThreatWatch Intl,Zone A
EXT-400670,2026-04-29T00:00:00,CYBER-related,99.0,OpenCTI Mirror,Southern Belt
EXT-400671,2026-05-12T00:00:00,Physical,79.2,CyberSentry Feed,Eastern Corridor
EXT-400672,2026-06-11T03:00:00,Intrusion,87.6,ThreatWatch Intl,Western Zone
EXT-400673,2026-07-25T15:00:00,CYBER-related,86.1,OpenCTI Mirror,Zone H
EXT-400674,2026-05-21T16:00:00,Other,87.2,OpenCTI Mirror,Eastern Corridor
EXT-400675,2026-07-09T23:00:00,,71.7,OpenCTI Mirror,Zone A
EXT-400676,2026-06-26T19:00:00,Physical,52.9,OpenCTI Mirror,Zone E
EXT-400677,2026-06-30T15:00:00,,65.0,ThreatWatch Intl,Zone D
EXT-400678,2026-05-28T00:00:00,CYBER-related,79.6,OpenCTI Mirror,Eastern Corridor
EXT-400679,2026-05-06T00:00:00,intrusion,53.2,OpenCTI Mirror,Zone J
EXT-400680,2026-06-12T11:00:00,Cyber,54.5,GlobalIntel API,
EXT-400681,2026-07-20T10:00:00,Physical,50.5,ThreatWatch Intl,Zone G
EXT-400682,2026-07-21T00:00:00,,91.5,OpenCTI Mirror,Eastern Corridor
EXT-400683,2026-07-26T22:00:00,intrusion,74.6,CyberSentry Feed,Central Hub
EXT-400684,2026-04-29T03:00:00,Other,53.7,CyberSentry Feed,Zone G
EXT-400685,2026-06-18T11:00:00,,61.0,OpenCTI Mirror,Northern District
EXT-400686,2026-06-15T07:00:00,Other,90.1,ThreatWatch Intl,Central Hub
EXT-400687,2026-05-12T01:00:00,Intrusion,67.0,ThreatWatch Intl,
EXT-400688,2026-05-09T13:00:00,intrusion,14.2,ThreatWatch Intl,Eastern Corridor
EXT-400689,2026-06-09T19:00:00,Intrusion,77.6,CyberSentry Feed,Western Zone
EXT-400690,2026-07-16T05:00:00,intrusion,99.0,CyberSentry Feed,Southern Belt
EXT-400691,2026-07-04T18:00:00,,32.9,GlobalIntel API,Zone B
EXT-400692,2026-05-12T17:00:00,Cyber,76.5,ThreatWatch Intl,Zone E
EXT-400693,2026-05-17T09:00:00,CYBER-related,33.7,OpenCTI Mirror,
EXT-400694,2026-05-11T09:00:00,CYBER-related,56.5,GlobalIntel API,Western Zone
EXT-400695,2026-06-26T00:00:00,CYBER-related,72.8,CyberSentry Feed,Northern District
EXT-400696,2026-06-03T15:00:00,CYBER-related,57.9,ThreatWatch Intl,Zone D
EXT-400697,2026-06-09T08:00:00,Environmental,13.1,OpenCTI Mirror,Northern District
EXT-400698,2026-05-24T20:00:00,Physical,66.7,ThreatWatch Intl,Central Hub
EXT-400699,2026-05-15T21:00:00,,83.7,ThreatWatch Intl,Zone F
EXT-400700,2026-07-24T14:00:00,CYBER-related,66.4,GlobalIntel API,Zone I
EXT-400701,2026-06-07T06:00:00,Other,67.3,OpenCTI Mirror,Central Hub
EXT-400702,2026-06-22T15:00:00,Physical,67.3,CyberSentry Feed,Zone G
EXT-400703,2026-05-01T13:00:00,Intrusion,99.0,CyberSentry Feed,Central Hub
EXT-400704,2026-05-29T02:00:00,Physical,82.9,ThreatWatch Intl,Central Hub
EXT-400705,2026-06-03T22:00:00,Cyber,57.6,GlobalIntel API,Southern Belt
EXT-400706,2026-06-17T22:00:00,Physical,84.1,GlobalIntel API,Zone I
EXT-400707,2026-06-03T10:00:00,,57.8,CyberSentry Feed,Zone A
EXT-400708,2026-05-01T16:00:00,Cyber,36.5,CyberSentry Feed,Northern District
EXT-400709,2026-05-05T23:00:00,Physical,86.5,ThreatWatch Intl,Eastern Corridor
EXT-400710,2026-06-04T14:00:00,,97.1,OpenCTI Mirror,Zone F
EXT-400711,2026-07-14T22:00:00,Other,52.5,CyberSentry Feed,Zone D
EXT-400712,2026-07-22T11:00:00,,57.9,OpenCTI Mirror,Zone C
EXT-400713,2026-07-23T19:00:00,Physical,66.6,GlobalIntel API,
EXT-400714,2026-05-10T15:00:00,CYBER-related,59.3,ThreatWatch Intl,Zone G
EXT-400715,2026-06-15T06:00:00,Physical,69.1,OpenCTI Mirror,Zone H
EXT-400716,2026-06-30T07:00:00,intrusion,82.1,OpenCTI Mirror,Zone G
EXT-400717,2026-05-11T13:00:00,Physical,54.4,ThreatWatch Intl,Eastern Corridor
EXT-400718,2026-05-05T09:00:00,Cyber,61.4,CyberSentry Feed,Eastern Corridor
EXT-400719,2026-06-05T21:00:00,CYBER-related,85.9,OpenCTI Mirror,Zone I
EXT-400720,2026-06-16T00:00:00,CYBER-related,92.2,GlobalIntel API,Zone G
EXT-400721,2026-07-21T03:00:00,Environmental,51.1,OpenCTI Mirror,Zone B
EXT-400722,2026-06-22T12:00:00,Other,81.6,OpenCTI Mirror,Zone C
EXT-400723,2026-07-01T10:00:00,Intrusion,74.0,OpenCTI Mirror,Zone G
EXT-400724,2026-06-04T14:00:00,Environmental,26.9,ThreatWatch Intl,Southern Belt
EXT-400725,2026-05-24T04:00:00,Other,92.2,GlobalIntel API,Northern District
EXT-400726,2026-05-15T11:00:00,Intrusion,49.0,GlobalIntel API,Western Zone
EXT-400727,2026-07-27T09:00:00,intrusion,61.2,OpenCTI Mirror,Zone B
EXT-400728,2026-06-26T20:00:00,Other,99.0,OpenCTI Mirror,Southern Belt
EXT-400729,2026-05-12T22:00:00,Physical,41.0,CyberSentry Feed,Zone E
EXT-400730,2026-07-23T07:00:00,Other,61.0,GlobalIntel API,Zone H
EXT-400731,2026-04-30T23:00:00,Environmental,55.5,GlobalIntel API,Zone A
EXT-400732,2026-06-03T02:00:00,Environmental,40.8,CyberSentry Feed,Zone D
EXT-400733,2026-05-01T06:00:00,Physical,37.8,CyberSentry Feed,Zone B
EXT-400734,2026-05-29T07:00:00,Physical,71.7,OpenCTI Mirror,Zone C
EXT-400735,2026-05-28T04:00:00,Intrusion,70.9,GlobalIntel API,Zone D
EXT-400736,2026-05-05T16:00:00,Intrusion,31.4,ThreatWatch Intl,Southern Belt
EXT-400737,2026-05-17T21:00:00,Environmental,72.4,GlobalIntel API,Zone J
EXT-400738,2026-06-10T09:00:00,intrusion,74.5,GlobalIntel API,Zone G
EXT-400739,2026-07-17T19:00:00,Cyber,99.0,ThreatWatch Intl,Eastern Corridor
EXT-400740,2026-05-20T00:00:00,Environmental,87.7,CyberSentry Feed,Central Hub
EXT-400741,2026-06-22T18:00:00,,44.1,CyberSentry Feed,Zone I
EXT-400742,2026-06-12T09:00:00,,36.1,ThreatWatch Intl,Zone C
EXT-400743,2026-06-22T14:00:00,Environmental,68.3,OpenCTI Mirror,Zone B
EXT-400744,2026-07-03T10:00:00,Environmental,53.2,CyberSentry Feed,
EXT-400745,2026-06-15T16:00:00,Environmental,64.8,GlobalIntel API,Zone G
EXT-400746,2026-07-08T18:00:00,Physical,71.5,ThreatWatch Intl,Zone H
EXT-400747,2026-06-06T17:00:00,Other,48.0,CyberSentry Feed,Western Zone
EXT-400748,2026-06-06T19:00:00,intrusion,89.4,CyberSentry Feed,
EXT-400749,2026-07-26T09:00:00,,61.2,GlobalIntel API,Zone A
EXT-400750,2026-06-15T07:00:00,Environmental,44.4,CyberSentry Feed,Central Hub
EXT-400751,2026-05-03T07:00:00,Intrusion,62.5,ThreatWatch Intl,Zone G
EXT-400752,2026-04-30T01:00:00,intrusion,57.3,CyberSentry Feed,Zone G
EXT-400753,2026-05-01T13:00:00,Other,62.4,OpenCTI Mirror,Western Zone
EXT-400754,2026-05-26T11:00:00,CYBER-related,48.0,GlobalIntel API,Zone H
EXT-400755,2026-07-20T08:00:00,Environmental,44.6,GlobalIntel API,Zone H
EXT-400756,2026-07-21T23:00:00,Other,46.1,ThreatWatch Intl,Zone A
EXT-400757,2026-05-31T05:00:00,,68.1,GlobalIntel API,Zone I
EXT-400758,2026-06-17T22:00:00,Intrusion,50.8,ThreatWatch Intl,Central Hub
EXT-400759,2026-05-25T15:00:00,CYBER-related,95.9,OpenCTI Mirror,Zone C
EXT-400760,2026-07-16T05:00:00,,73.1,ThreatWatch Intl,Zone F
EXT-400761,2026-06-29T21:00:00,Physical,72.4,CyberSentry Feed,Western Zone
EXT-400762,2026-07-14T14:00:00,Cyber,34.0,CyberSentry Feed,
EXT-400763,2026-05-12T02:00:00,Other,43.8,CyberSentry Feed,Zone A
EXT-400764,2026-07-02T22:00:00,intrusion,67.7,OpenCTI Mirror,Zone J
EXT-400765,2026-07-08T04:00:00,,70.9,CyberSentry Feed,Eastern Corridor
EXT-400766,2026-05-29T08:00:00,Physical,74.8,OpenCTI Mirror,Eastern Corridor
EXT-400767,2026-07-12T11:00:00,Other,69.7,ThreatWatch Intl,Zone G
EXT-400768,2026-07-22T00:00:00,Environmental,54.9,ThreatWatch Intl,Central Hub
EXT-400769,2026-06-01T22:00:00,,47.7,OpenCTI Mirror,Central Hub
EXT-400770,2026-06-14T08:00:00,Cyber,81.2,ThreatWatch Intl,Zone A
EXT-400771,2026-07-23T18:00:00,Cyber,26.8,CyberSentry Feed,Southern Belt
EXT-400772,2026-06-04T18:00:00,Physical,63.2,CyberSentry Feed,Southern Belt
EXT-400773,2026-07-26T09:00:00,Intrusion,87.6,GlobalIntel API,Zone B
EXT-400774,2026-05-12T02:00:00,Intrusion,21.0,CyberSentry Feed,Southern Belt
EXT-400775,2026-05-27T00:00:00,intrusion,73.9,OpenCTI Mirror,Northern District
EXT-400776,2026-05-31T21:00:00,,65.7,OpenCTI Mirror,
EXT-400777,2026-05-16T00:00:00,intrusion,85.1,CyberSentry Feed,Eastern Corridor
EXT-400778,2026-06-22T22:00:00,Environmental,47.6,ThreatWatch Intl,Northern District
EXT-400779,2026-05-20T23:00:00,Physical,69.9,ThreatWatch Intl,Northern District
EXT-400780,2026-06-19T00:00:00,CYBER-related,36.5,ThreatWatch Intl,Northern District
EXT-400781,2026-07-23T04:00:00,Physical,34.2,ThreatWatch Intl,Zone E
EXT-400782,2026-05-05T09:00:00,Intrusion,45.1,GlobalIntel API,Southern Belt
EXT-400783,2026-07-12T06:00:00,,99.0,ThreatWatch Intl,Western Zone
EXT-400784,2026-07-02T04:00:00,intrusion,56.1,OpenCTI Mirror,Western Zone
EXT-400785,2026-05-07T06:00:00,Other,48.6,GlobalIntel API,
EXT-400786,2026-07-07T09:00:00,CYBER-related,77.4,CyberSentry Feed,
EXT-400787,2026-06-22T22:00:00,Other,66.0,ThreatWatch Intl,Southern Belt
EXT-400788,2026-05-12T04:00:00,Cyber,79.7,ThreatWatch Intl,Zone C
EXT-400789,2026-06-28T04:00:00,CYBER-related,62.6,OpenCTI Mirror,Zone E
EXT-400790,2026-06-17T04:00:00,intrusion,37.7,OpenCTI Mirror,Eastern Corridor
EXT-400791,2026-05-11T01:00:00,CYBER-related,89.3,GlobalIntel API,Eastern Corridor
EXT-400792,2026-06-04T15:00:00,Environmental,41.0,GlobalIntel API,Northern District
EXT-400793,2026-07-05T16:00:00,Cyber,25.4,ThreatWatch Intl,Northern District
EXT-400794,2026-06-17T22:00:00,Cyber,99.0,GlobalIntel API,Northern District
EXT-400795,2026-06-02T17:00:00,intrusion,72.1,GlobalIntel API,Zone B
EXT-400796,2026-05-30T14:00:00,Other,84.9,ThreatWatch Intl,Southern Belt
EXT-400797,2026-05-28T18:00:00,,82.6,GlobalIntel API,Northern District
EXT-400798,2026-07-26T02:00:00,intrusion,69.2,ThreatWatch Intl,Zone H
EXT-400799,2026-06-24T19:00:00,Cyber,70.9,CyberSentry Feed,Zone D
EXT-400800,2026-07-17T04:00:00,Physical,37.8,OpenCTI Mirror,Zone F
EXT-400801,2026-05-04T01:00:00,Cyber,85.2,OpenCTI Mirror,Zone D
EXT-400802,2026-05-19T10:00:00,Cyber,31.9,GlobalIntel API,Zone H
EXT-400803,2026-06-05T17:00:00,Intrusion,58.6,GlobalIntel API,Eastern Corridor
EXT-400804,2026-06-30T23:00:00,CYBER-related,66.7,OpenCTI Mirror,Western Zone
EXT-400805,2026-06-15T05:00:00,,56.3,ThreatWatch Intl,Zone E
EXT-400806,2026-06-26T10:00:00,,37.1,OpenCTI Mirror,Western Zone
EXT-400807,2026-05-28T19:00:00,,34.3,ThreatWatch Intl,Zone I
EXT-400808,2026-06-10T17:00:00,Environmental,79.1,CyberSentry Feed,Zone H
EXT-400809,2026-06-26T13:00:00,CYBER-related,49.6,ThreatWatch Intl,Southern Belt
EXT-400810,2026-07-01T02:00:00,Environmental,31.5,GlobalIntel API,Zone G
EXT-400811,2026-06-25T22:00:00,Other,79.2,OpenCTI Mirror,Southern Belt
EXT-400812,2026-07-09T04:00:00,CYBER-related,97.3,OpenCTI Mirror,Zone E
EXT-400813,2026-07-24T07:00:00,intrusion,26.9,OpenCTI Mirror,Zone H
EXT-400814,2026-05-15T03:00:00,Other,64.2,ThreatWatch Intl,Western Zone
EXT-400815,2026-05-10T08:00:00,Physical,67.2,OpenCTI Mirror,Western Zone
EXT-400816,2026-05-25T22:00:00,Environmental,37.6,OpenCTI Mirror,Zone A
EXT-400817,2026-04-29T19:00:00,intrusion,92.0,OpenCTI Mirror,Zone I
EXT-400818,2026-05-11T08:00:00,CYBER-related,58.3,GlobalIntel API,Central Hub
EXT-400819,2026-05-16T23:00:00,CYBER-related,77.7,ThreatWatch Intl,Southern Belt
EXT-400820,2026-06-22T20:00:00,Physical,82.3,ThreatWatch Intl,Northern District
EXT-400821,2026-07-27T18:00:00,Physical,59.1,OpenCTI Mirror,Central Hub
EXT-400822,2026-07-21T19:00:00,Physical,66.2,OpenCTI Mirror,Zone B
EXT-400823,2026-05-24T04:00:00,Environmental,86.1,CyberSentry Feed,Zone J
EXT-400824,2026-07-15T19:00:00,intrusion,60.7,OpenCTI Mirror,
EXT-400825,2026-06-22T21:00:00,intrusion,67.3,ThreatWatch Intl,Central Hub
EXT-400826,2026-05-30T12:00:00,CYBER-related,55.9,ThreatWatch Intl,Western Zone
EXT-400827,2026-07-16T20:00:00,intrusion,82.4,ThreatWatch Intl,Western Zone
EXT-400828,2026-06-06T12:00:00,CYBER-related,99.0,GlobalIntel API,Eastern Corridor
EXT-400829,2026-06-09T14:00:00,Cyber,80.4,OpenCTI Mirror,Eastern Corridor
EXT-400830,2026-06-21T16:00:00,CYBER-related,49.5,CyberSentry Feed,Zone F
EXT-400831,2026-05-21T06:00:00,Cyber,89.4,CyberSentry Feed,Northern District
EXT-400832,2026-06-02T13:00:00,Environmental,76.5,ThreatWatch Intl,Zone E
EXT-400833,2026-05-09T02:00:00,intrusion,88.6,GlobalIntel API,Northern District
EXT-400834,2026-05-26T02:00:00,intrusion,34.7,GlobalIntel API,Northern District
EXT-400835,2026-07-12T10:00:00,Intrusion,86.1,OpenCTI Mirror,Southern Belt
EXT-400836,2026-06-23T22:00:00,,54.1,GlobalIntel API,Southern Belt
EXT-400837,2026-05-29T00:00:00,Other,89.6,GlobalIntel API,Zone F
EXT-400838,2026-05-23T09:00:00,Physical,69.0,OpenCTI Mirror,Northern District
EXT-400839,2026-06-30T16:00:00,Intrusion,62.4,OpenCTI Mirror,Zone D
EXT-400840,2026-05-04T00:00:00,Other,76.6,ThreatWatch Intl,Eastern Corridor
EXT-400841,2026-07-17T09:00:00,Cyber,74.6,ThreatWatch Intl,Zone B
EXT-400842,2026-06-02T10:00:00,CYBER-related,53.7,ThreatWatch Intl,Southern Belt
EXT-400843,2026-05-28T20:00:00,Physical,68.8,GlobalIntel API,Zone B
EXT-400844,2026-05-25T05:00:00,,45.7,OpenCTI Mirror,Eastern Corridor
EXT-400845,2026-06-24T20:00:00,CYBER-related,76.9,GlobalIntel API,Western Zone
EXT-400846,2026-04-29T03:00:00,CYBER-related,28.6,GlobalIntel API,Zone D
EXT-400847,2026-06-12T11:00:00,Intrusion,62.3,OpenCTI Mirror,Zone H
EXT-400848,2026-06-15T17:00:00,,55.5,GlobalIntel API,Zone B
EXT-400849,2026-06-21T13:00:00,Cyber,60.3,OpenCTI Mirror,Zone D
EXT-400850,2026-05-19T12:00:00,,63.5,OpenCTI Mirror,Zone D
EXT-400851,2026-05-26T17:00:00,CYBER-related,94.2,GlobalIntel API,Zone D
EXT-400852,2026-05-30T06:00:00,Other,84.0,CyberSentry Feed,Zone E
EXT-400853,2026-06-17T17:00:00,Physical,37.7,OpenCTI Mirror,Zone J
EXT-400854,2026-06-23T01:00:00,Environmental,28.8,OpenCTI Mirror,Zone A
EXT-400855,2026-06-25T15:00:00,,56.0,ThreatWatch Intl,Eastern Corridor
EXT-400856,2026-04-30T14:00:00,Environmental,44.5,OpenCTI Mirror,Zone F
EXT-400857,2026-07-02T06:00:00,Environmental,41.6,ThreatWatch Intl,Zone F
EXT-400858,2026-06-08T19:00:00,Intrusion,50.0,ThreatWatch Intl,Central Hub
EXT-400859,2026-07-21T20:00:00,CYBER-related,47.3,OpenCTI Mirror,Zone I
EXT-400860,2026-07-24T05:00:00,CYBER-related,80.8,CyberSentry Feed,Northern District
EXT-400861,2026-07-06T07:00:00,Environmental,53.7,CyberSentry Feed,Central Hub
EXT-400862,2026-07-24T04:00:00,Other,86.4,OpenCTI Mirror,Zone C
EXT-400863,2026-05-01T15:00:00,Cyber,78.9,CyberSentry Feed,Zone E
EXT-400864,2026-07-20T19:00:00,Other,40.2,CyberSentry Feed,Zone B
EXT-400865,2026-07-02T20:00:00,Physical,41.0,ThreatWatch Intl,Eastern Corridor
EXT-400866,2026-07-12T01:00:00,Other,99.0,CyberSentry Feed,Southern Belt
EXT-400867,2026-05-25T11:00:00,Intrusion,65.7,CyberSentry Feed,
EXT-400868,2026-07-15T07:00:00,Environmental,41.3,GlobalIntel API,Southern Belt
EXT-400869,2026-06-22T15:00:00,Environmental,46.1,GlobalIntel API,Central Hub
EXT-400870,2026-05-16T08:00:00,intrusion,88.9,GlobalIntel API,Northern District
EXT-400871,2026-05-17T20:00:00,,57.2,OpenCTI Mirror,Northern District
EXT-400872,2026-07-27T11:00:00,Other,45.9,CyberSentry Feed,Zone C
EXT-400873,2026-07-07T05:00:00,intrusion,49.7,ThreatWatch Intl,Northern District
EXT-400874,2026-07-15T22:00:00,Physical,70.9,GlobalIntel API,Zone E
EXT-400875,2026-04-30T23:00:00,CYBER-related,37.6,ThreatWatch Intl,Eastern Corridor
EXT-400876,2026-06-16T21:00:00,Intrusion,49.4,CyberSentry Feed,Northern District
EXT-400877,2026-07-26T14:00:00,,92.5,GlobalIntel API,Zone A
EXT-400878,2026-06-17T16:00:00,Other,68.5,GlobalIntel API,Zone J
EXT-400879,2026-05-12T23:00:00,Environmental,67.0,ThreatWatch Intl,Eastern Corridor
EXT-400880,2026-05-28T13:00:00,CYBER-related,62.4,ThreatWatch Intl,Zone D
EXT-400881,2026-06-09T01:00:00,Cyber,57.2,ThreatWatch Intl,Zone B
EXT-400882,2026-07-07T13:00:00,Intrusion,40.7,CyberSentry Feed,Zone A
EXT-400883,2026-07-01T18:00:00,CYBER-related,93.1,ThreatWatch Intl,Northern District
EXT-400884,2026-06-03T02:00:00,Other,51.2,ThreatWatch Intl,Eastern Corridor
EXT-400885,2026-07-19T01:00:00,Other,97.0,GlobalIntel API,Zone F
EXT-400886,2026-05-04T19:00:00,Physical,40.0,CyberSentry Feed,Zone E
EXT-400887,2026-06-08T05:00:00,Intrusion,54.7,GlobalIntel API,
EXT-400888,2026-07-09T10:00:00,Other,98.5,OpenCTI Mirror,Central Hub
EXT-400889,2026-06-21T09:00:00,Other,59.3,OpenCTI Mirror,Southern Belt
EXT-400890,2026-06-09T23:00:00,Intrusion,71.1,OpenCTI Mirror,Southern Belt
EXT-400891,2026-06-07T16:00:00,Intrusion,42.4,CyberSentry Feed,Northern District
EXT-400892,2026-07-10T16:00:00,Other,64.8,OpenCTI Mirror,Zone J
EXT-400893,2026-06-10T21:00:00,Environmental,50.3,OpenCTI Mirror,Zone E
EXT-400894,2026-05-15T01:00:00,CYBER-related,49.0,GlobalIntel API,Eastern Corridor
EXT-400895,2026-07-25T02:00:00,Other,58.5,CyberSentry Feed,Central Hub
EXT-400896,2026-06-09T21:00:00,,66.3,OpenCTI Mirror,Northern District
EXT-400897,2026-05-17T20:00:00,Cyber,64.9,ThreatWatch Intl,Western Zone
EXT-400898,2026-06-27T09:00:00,Cyber,77.2,CyberSentry Feed,Eastern Corridor
EXT-400899,2026-06-01T02:00:00,,99.0,CyberSentry Feed,Northern District
EXT-400900,2026-06-25T18:00:00,Environmental,65.3,CyberSentry Feed,Zone C
EXT-400901,2026-06-04T23:00:00,Other,57.2,CyberSentry Feed,Zone F
EXT-400902,2026-06-17T08:00:00,Other,63.1,OpenCTI Mirror,Zone E
EXT-400903,2026-05-11T02:00:00,Intrusion,72.3,ThreatWatch Intl,
EXT-400904,2026-05-05T05:00:00,Intrusion,72.3,OpenCTI Mirror,Southern Belt
EXT-400905,2026-06-28T04:00:00,Intrusion,54.5,CyberSentry Feed,Zone F
EXT-400906,2026-07-23T12:00:00,CYBER-related,81.5,GlobalIntel API,Zone E
EXT-400907,2026-07-18T11:00:00,CYBER-related,60.3,GlobalIntel API,Zone B
EXT-400908,2026-06-15T03:00:00,,72.3,CyberSentry Feed,Zone B
EXT-400909,2026-06-15T15:00:00,CYBER-related,37.3,OpenCTI Mirror,Central Hub
EXT-400910,2026-07-22T23:00:00,Environmental,83.8,OpenCTI Mirror,Southern Belt
EXT-400911,2026-06-19T06:00:00,Other,94.5,CyberSentry Feed,Zone H
EXT-400912,2026-07-15T06:00:00,intrusion,84.0,OpenCTI Mirror,Zone H
EXT-400913,2026-05-19T19:00:00,,63.1,ThreatWatch Intl,Zone G
EXT-400914,2026-07-26T20:00:00,Cyber,72.0,GlobalIntel API,Zone F
EXT-400915,2026-07-16T13:00:00,CYBER-related,98.4,OpenCTI Mirror,
EXT-400916,2026-05-31T16:00:00,CYBER-related,76.8,OpenCTI Mirror,Eastern Corridor
EXT-400917,2026-05-31T04:00:00,CYBER-related,55.7,CyberSentry Feed,Zone F
EXT-400918,2026-07-11T20:00:00,Cyber,70.5,CyberSentry Feed,Zone A
EXT-400919,2026-06-21T10:00:00,intrusion,68.4,OpenCTI Mirror,Zone J
EXT-400920,2026-06-01T13:00:00,intrusion,86.2,OpenCTI Mirror,Zone A
EXT-400921,2026-07-24T14:00:00,,62.7,ThreatWatch Intl,
EXT-400922,2026-07-12T17:00:00,Environmental,99.0,CyberSentry Feed,Central Hub
EXT-400923,2026-06-22T12:00:00,Physical,44.5,ThreatWatch Intl,Zone D
EXT-400924,2026-05-24T07:00:00,Intrusion,76.9,OpenCTI Mirror,Northern District
EXT-400925,2026-07-14T08:00:00,Cyber,69.7,OpenCTI Mirror,Zone I
EXT-400926,2026-07-08T05:00:00,intrusion,45.0,ThreatWatch Intl,Zone E
EXT-400927,2026-06-01T04:00:00,CYBER-related,65.3,GlobalIntel API,Eastern Corridor
EXT-400928,2026-05-30T19:00:00,Other,53.1,GlobalIntel API,Zone B
EXT-400929,2026-07-15T06:00:00,CYBER-related,71.9,OpenCTI Mirror,Zone I
EXT-400930,2026-05-27T06:00:00,Environmental,40.1,CyberSentry Feed,Eastern Corridor
EXT-400931,2026-07-26T07:00:00,Cyber,68.6,ThreatWatch Intl,Southern Belt
EXT-400932,2026-05-28T01:00:00,CYBER-related,63.8,OpenCTI Mirror,Zone I
EXT-400933,2026-05-08T13:00:00,Intrusion,25.6,GlobalIntel API,Eastern Corridor
EXT-400934,2026-05-08T12:00:00,Physical,52.8,CyberSentry Feed,Central Hub
EXT-400935,2026-05-23T12:00:00,Environmental,51.6,OpenCTI Mirror,Central Hub
EXT-400936,2026-06-28T04:00:00,,43.9,GlobalIntel API,Zone G
EXT-400937,2026-05-24T13:00:00,,51.1,ThreatWatch Intl,Zone H
EXT-400938,2026-05-24T07:00:00,intrusion,42.1,CyberSentry Feed,
EXT-400939,2026-05-29T06:00:00,CYBER-related,63.9,OpenCTI Mirror,Zone J
EXT-400940,2026-06-10T20:00:00,CYBER-related,79.8,ThreatWatch Intl,Eastern Corridor
EXT-400941,2026-07-09T22:00:00,Cyber,67.7,CyberSentry Feed,Central Hub
EXT-400942,2026-05-28T06:00:00,Cyber,50.6,GlobalIntel API,Central Hub
EXT-400943,2026-06-04T04:00:00,Cyber,74.2,GlobalIntel API,Northern District
EXT-400944,2026-05-11T12:00:00,Intrusion,66.1,OpenCTI Mirror,Central Hub
EXT-400945,2026-06-10T06:00:00,Cyber,73.8,CyberSentry Feed,Northern District
EXT-400946,2026-06-01T13:00:00,Cyber,49.1,CyberSentry Feed,Northern District
EXT-400947,2026-06-08T17:00:00,,52.6,ThreatWatch Intl,Zone F
EXT-400948,2026-07-09T23:00:00,intrusion,74.9,ThreatWatch Intl,Zone E
EXT-400949,2026-06-20T12:00:00,Cyber,71.7,CyberSentry Feed,Zone I
EXT-400950,2026-07-23T18:00:00,Physical,99.0,CyberSentry Feed,Zone J
EXT-400951,2026-05-29T16:00:00,Physical,52.0,GlobalIntel API,Zone F
EXT-400952,2026-05-11T02:00:00,Intrusion,38.3,OpenCTI Mirror,Northern District
EXT-400953,2026-05-15T06:00:00,Other,57.2,GlobalIntel API,Zone J
EXT-400954,2026-07-22T07:00:00,CYBER-related,57.0,GlobalIntel API,Southern Belt
EXT-400955,2026-06-29T03:00:00,,69.9,GlobalIntel API,Western Zone
EXT-400956,2026-05-02T04:00:00,Cyber,77.3,ThreatWatch Intl,Zone A
EXT-400957,2026-07-15T15:00:00,Physical,62.9,CyberSentry Feed,Northern District
EXT-400958,2026-05-26T11:00:00,intrusion,54.8,CyberSentry Feed,Zone H
EXT-400959,2026-07-21T02:00:00,Environmental,82.0,OpenCTI Mirror,Zone B
EXT-400960,2026-06-25T23:00:00,Other,63.3,OpenCTI Mirror,Central Hub
EXT-400961,2026-07-06T17:00:00,Other,61.4,CyberSentry Feed,Western Zone
EXT-400962,2026-07-08T21:00:00,intrusion,54.5,OpenCTI Mirror,Western Zone
EXT-400963,2026-07-02T19:00:00,Intrusion,41.1,ThreatWatch Intl,Western Zone
EXT-400964,2026-07-24T22:00:00,CYBER-related,66.7,GlobalIntel API,Zone H
EXT-400965,2026-06-27T08:00:00,CYBER-related,76.8,CyberSentry Feed,Zone B
EXT-400966,2026-07-02T23:00:00,intrusion,91.6,CyberSentry Feed,Zone H
EXT-400967,2026-07-21T18:00:00,Intrusion,79.3,CyberSentry Feed,Central Hub
EXT-400968,2026-06-29T22:00:00,Other,60.5,ThreatWatch Intl,Western Zone
EXT-400969,2026-05-23T03:00:00,Physical,97.6,GlobalIntel API,Zone C
EXT-400970,2026-07-22T00:00:00,Cyber,73.3,ThreatWatch Intl,Southern Belt
EXT-400971,2026-05-11T16:00:00,CYBER-related,99.0,CyberSentry Feed,Zone C
EXT-400972,2026-06-07T00:00:00,Cyber,81.0,OpenCTI Mirror,Northern District
EXT-400973,2026-05-28T16:00:00,Physical,62.6,OpenCTI Mirror,Eastern Corridor
EXT-400974,2026-05-04T07:00:00,CYBER-related,74.0,OpenCTI Mirror,Northern District
EXT-400975,2026-06-20T12:00:00,intrusion,60.8,CyberSentry Feed,Zone H
EXT-400976,2026-06-03T22:00:00,Physical,77.8,GlobalIntel API,Zone G
EXT-400977,2026-07-16T14:00:00,intrusion,85.5,ThreatWatch Intl,Southern Belt
EXT-400978,2026-07-13T23:00:00,,38.2,OpenCTI Mirror,Western Zone
EXT-400979,2026-07-20T15:00:00,Environmental,63.2,OpenCTI Mirror,Southern Belt
EXT-400980,2026-07-16T21:00:00,,91.9,ThreatWatch Intl,Southern Belt
EXT-400981,2026-07-03T20:00:00,intrusion,85.5,GlobalIntel API,Northern District
EXT-400982,2026-05-02T00:00:00,Cyber,55.6,ThreatWatch Intl,Northern District
EXT-400983,2026-06-25T02:00:00,CYBER-related,65.3,CyberSentry Feed,Zone A
EXT-400984,2026-05-23T00:00:00,,51.3,CyberSentry Feed,Zone B
EXT-400985,2026-07-18T07:00:00,,67.8,CyberSentry Feed,Zone J
EXT-400986,2026-05-11T06:00:00,,51.9,ThreatWatch Intl,Zone C
EXT-400987,2026-06-03T23:00:00,CYBER-related,75.2,CyberSentry Feed,Zone E
EXT-400988,2026-07-08T17:00:00,Intrusion,42.1,ThreatWatch Intl,Zone G
EXT-400989,2026-07-02T17:00:00,Physical,43.1,ThreatWatch Intl,Zone B
EXT-400990,2026-05-16T02:00:00,CYBER-related,55.9,GlobalIntel API,Southern Belt
EXT-400991,2026-06-09T06:00:00,intrusion,70.6,OpenCTI Mirror,Eastern Corridor
EXT-400992,2026-05-09T10:00:00,,31.0,CyberSentry Feed,
EXT-400993,2026-05-04T02:00:00,,43.6,CyberSentry Feed,Western Zone
EXT-400994,2026-05-19T21:00:00,Physical,89.6,CyberSentry Feed,Northern District
EXT-400995,2026-06-29T02:00:00,,49.7,CyberSentry Feed,Northern District
EXT-400996,2026-05-21T09:00:00,,46.1,GlobalIntel API,Central Hub
EXT-400997,2026-07-21T11:00:00,intrusion,44.1,CyberSentry Feed,Eastern Corridor
EXT-400998,2026-06-02T03:00:00,Intrusion,75.1,OpenCTI Mirror,Zone E
EXT-400999,2026-07-09T09:00:00,Other,56.8,CyberSentry Feed,Central Hub
EXT-401000,2026-05-06T18:00:00,,78.2,CyberSentry Feed,Zone C
EXT-401001,2026-05-09T05:00:00,Physical,57.6,ThreatWatch Intl,Southern Belt
EXT-401002,2026-07-13T05:00:00,Physical,60.9,GlobalIntel API,Zone D
EXT-401003,2026-07-05T04:00:00,,56.9,ThreatWatch Intl,Northern District
EXT-401004,2026-05-20T15:00:00,Environmental,57.5,CyberSentry Feed,Southern Belt
EXT-401005,2026-05-29T08:00:00,CYBER-related,80.9,ThreatWatch Intl,Western Zone
EXT-401006,2026-05-26T02:00:00,intrusion,70.2,CyberSentry Feed,Zone H
EXT-401007,2026-04-29T15:00:00,Other,44.7,CyberSentry Feed,Zone B
EXT-401008,2026-06-28T00:00:00,Intrusion,64.7,GlobalIntel API,Western Zone
EXT-401009,2026-06-07T07:00:00,Environmental,68.0,OpenCTI Mirror,Zone J
EXT-401010,2026-05-29T08:00:00,Cyber,59.3,OpenCTI Mirror,Zone E
EXT-401011,2026-05-10T05:00:00,Other,85.9,GlobalIntel API,Zone C
EXT-401012,2026-05-26T08:00:00,intrusion,44.7,ThreatWatch Intl,Eastern Corridor
EXT-401013,2026-06-11T19:00:00,Cyber,83.8,ThreatWatch Intl,Zone J
EXT-401014,2026-07-20T16:00:00,intrusion,85.3,GlobalIntel API,Zone C
EXT-401015,2026-07-14T02:00:00,Cyber,99.0,GlobalIntel API,Zone F
EXT-401016,2026-05-14T06:00:00,intrusion,76.6,ThreatWatch Intl,Zone J
EXT-401017,2026-06-07T00:00:00,Physical,95.4,OpenCTI Mirror,Central Hub
EXT-401018,2026-05-14T23:00:00,Physical,36.9,OpenCTI Mirror,Eastern Corridor
EXT-401019,2026-06-18T16:00:00,Environmental,43.2,CyberSentry Feed,Zone B
EXT-401020,2026-05-17T00:00:00,Environmental,63.0,ThreatWatch Intl,Northern District
EXT-401021,2026-05-14T23:00:00,CYBER-related,63.9,CyberSentry Feed,Eastern Corridor
EXT-401022,2026-06-14T01:00:00,Environmental,27.9,ThreatWatch Intl,Southern Belt
EXT-401023,2026-06-06T03:00:00,Physical,70.2,CyberSentry Feed,Southern Belt
EXT-401024,2026-06-14T16:00:00,intrusion,54.0,OpenCTI Mirror,Central Hub
EXT-401025,2026-05-04T20:00:00,CYBER-related,57.4,CyberSentry Feed,Zone G
EXT-401026,2026-06-03T03:00:00,,47.3,ThreatWatch Intl,Eastern Corridor
EXT-401027,2026-05-19T08:00:00,Intrusion,70.7,CyberSentry Feed,Zone C
EXT-401028,2026-05-05T10:00:00,Environmental,76.4,CyberSentry Feed,Eastern Corridor
EXT-401029,2026-06-30T21:00:00,Cyber,44.7,OpenCTI Mirror,Central Hub
EXT-401030,2026-07-22T00:00:00,,99.0,CyberSentry Feed,Zone J
EXT-401031,2026-06-29T08:00:00,Intrusion,41.1,OpenCTI Mirror,
EXT-401032,2026-06-04T23:00:00,Physical,59.8,CyberSentry Feed,Zone D
EXT-401033,2026-06-11T21:00:00,Intrusion,57.0,OpenCTI Mirror,Zone F
EXT-401034,2026-07-03T06:00:00,Physical,62.8,OpenCTI Mirror,Central Hub
EXT-401035,2026-07-24T00:00:00,Cyber,68.8,ThreatWatch Intl,Zone E
EXT-401036,2026-07-02T15:00:00,Other,51.7,CyberSentry Feed,Zone J
EXT-401037,2026-05-15T21:00:00,CYBER-related,52.2,OpenCTI Mirror,Southern Belt
EXT-401038,2026-07-24T00:00:00,Cyber,43.4,ThreatWatch Intl,Eastern Corridor
EXT-401039,2026-05-09T14:00:00,Intrusion,75.8,ThreatWatch Intl,Southern Belt
EXT-401040,2026-05-15T11:00:00,Intrusion,45.1,GlobalIntel API,Zone E
EXT-401041,2026-05-03T12:00:00,Cyber,90.9,CyberSentry Feed,Northern District
EXT-401042,2026-06-01T08:00:00,Environmental,78.3,OpenCTI Mirror,Central Hub
EXT-401043,2026-06-07T11:00:00,intrusion,86.0,CyberSentry Feed,Zone A
EXT-401044,2026-06-05T23:00:00,Physical,65.8,ThreatWatch Intl,Northern District
EXT-401045,2026-06-27T15:00:00,Intrusion,68.4,ThreatWatch Intl,Zone A
EXT-401046,2026-05-04T16:00:00,Physical,39.2,CyberSentry Feed,Eastern Corridor
EXT-401047,2026-07-09T04:00:00,Environmental,69.6,CyberSentry Feed,Zone H
EXT-401048,2026-05-28T06:00:00,,81.3,OpenCTI Mirror,Central Hub
EXT-401049,2026-05-16T09:00:00,,69.5,ThreatWatch Intl,Zone F
EXT-401050,2026-07-03T00:00:00,Environmental,32.3,CyberSentry Feed,
EXT-401051,2026-06-08T18:00:00,CYBER-related,68.1,ThreatWatch Intl,Southern Belt
EXT-401052,2026-06-25T23:00:00,Physical,40.0,CyberSentry Feed,Southern Belt
EXT-401053,2026-04-29T08:00:00,,79.7,OpenCTI Mirror,Zone D
EXT-401054,2026-05-09T21:00:00,Cyber,74.4,GlobalIntel API,Southern Belt
EXT-401055,2026-06-19T23:00:00,Cyber,84.8,CyberSentry Feed,Zone C
EXT-401056,2026-07-22T03:00:00,,75.4,CyberSentry Feed,Central Hub
EXT-401057,2026-05-26T15:00:00,Cyber,59.4,ThreatWatch Intl,Southern Belt
EXT-401058,2026-07-22T20:00:00,,79.8,ThreatWatch Intl,Northern District
EXT-401059,2026-05-15T16:00:00,CYBER-related,53.0,GlobalIntel API,Central Hub
EXT-401060,2026-05-28T07:00:00,,53.2,GlobalIntel API,Central Hub
EXT-401061,2026-05-23T15:00:00,Intrusion,81.6,GlobalIntel API,Zone H
EXT-401062,2026-06-05T08:00:00,Cyber,62.8,GlobalIntel API,Zone I
EXT-401063,2026-06-26T11:00:00,Cyber,12.9,OpenCTI Mirror,Northern District
EXT-401064,2026-04-29T03:00:00,Cyber,79.5,CyberSentry Feed,Zone C
EXT-401065,2026-05-15T06:00:00,CYBER-related,81.8,CyberSentry Feed,Zone I
EXT-401066,2026-05-15T01:00:00,Intrusion,69.0,GlobalIntel API,Zone G
EXT-401067,2026-06-10T02:00:00,,70.0,ThreatWatch Intl,Western Zone
EXT-401068,2026-06-13T01:00:00,Cyber,76.7,ThreatWatch Intl,Zone G
EXT-401069,2026-07-21T18:00:00,Cyber,58.6,GlobalIntel API,Central Hub
EXT-401070,2026-07-07T12:00:00,Other,39.5,GlobalIntel API,Zone I
EXT-401071,2026-07-13T08:00:00,Other,28.1,ThreatWatch Intl,
EXT-401072,2026-06-10T21:00:00,Environmental,38.9,CyberSentry Feed,Zone C
EXT-401073,2026-07-20T14:00:00,Other,46.7,OpenCTI Mirror,Eastern Corridor
EXT-401074,2026-06-14T02:00:00,,62.8,CyberSentry Feed,Western Zone
EXT-401075,2026-06-14T09:00:00,,50.5,GlobalIntel API,Central Hub
EXT-401076,2026-05-06T02:00:00,Environmental,72.3,ThreatWatch Intl,Eastern Corridor
EXT-401077,2026-07-04T08:00:00,Environmental,77.9,OpenCTI Mirror,Zone E
EXT-401078,2026-05-26T10:00:00,Environmental,55.3,GlobalIntel API,Zone B
EXT-401079,2026-07-18T04:00:00,Cyber,71.8,OpenCTI Mirror,Central Hub
EXT-401080,2026-05-01T01:00:00,Cyber,73.7,ThreatWatch Intl,Zone J
EXT-401081,2026-05-08T00:00:00,Intrusion,79.3,ThreatWatch Intl,Zone J
EXT-401082,2026-05-28T22:00:00,intrusion,96.4,GlobalIntel API,Northern District
EXT-401083,2026-07-19T10:00:00,intrusion,38.0,GlobalIntel API,Zone B
EXT-401084,2026-05-02T17:00:00,Physical,52.0,CyberSentry Feed,Zone D
EXT-401085,2026-07-07T08:00:00,Cyber,55.4,CyberSentry Feed,Zone A
EXT-401086,2026-07-15T09:00:00,Intrusion,66.8,ThreatWatch Intl,Zone C
EXT-401087,2026-05-07T04:00:00,,61.7,OpenCTI Mirror,Northern District
EXT-401088,2026-06-08T05:00:00,,98.0,CyberSentry Feed,Southern Belt
EXT-401089,2026-07-08T04:00:00,,69.5,ThreatWatch Intl,Northern District
EXT-401090,2026-05-01T18:00:00,Physical,48.7,GlobalIntel API,Zone B
EXT-401091,2026-06-19T15:00:00,Other,78.2,GlobalIntel API,Western Zone
EXT-401092,2026-05-09T03:00:00,Physical,73.5,GlobalIntel API,Central Hub
EXT-401093,2026-05-16T18:00:00,Environmental,35.0,CyberSentry Feed,
EXT-401094,2026-07-14T06:00:00,Other,54.6,GlobalIntel API,Zone A
EXT-401095,2026-07-18T08:00:00,Intrusion,85.1,OpenCTI Mirror,Western Zone
EXT-401096,2026-05-24T07:00:00,,70.9,ThreatWatch Intl,Northern District
EXT-401097,2026-06-16T20:00:00,Cyber,91.5,OpenCTI Mirror,Southern Belt
EXT-401098,2026-06-04T18:00:00,Other,61.8,OpenCTI Mirror,Northern District
EXT-401099,2026-05-04T19:00:00,Environmental,81.8,GlobalIntel API,Zone F
EXT-401100,2026-07-26T09:00:00,,60.3,ThreatWatch Intl,Zone D
EXT-401101,2026-05-05T18:00:00,Other,61.9,OpenCTI Mirror,Zone D
EXT-401102,2026-06-12T17:00:00,CYBER-related,99.0,GlobalIntel API,Eastern Corridor
EXT-401103,2026-06-11T16:00:00,intrusion,90.3,CyberSentry Feed,Western Zone
EXT-401104,2026-07-05T01:00:00,,91.1,GlobalIntel API,Northern District
EXT-401105,2026-05-16T19:00:00,,77.7,OpenCTI Mirror,Northern District
EXT-401106,2026-06-30T05:00:00,Other,42.5,ThreatWatch Intl,Central Hub
EXT-401107,2026-06-07T09:00:00,intrusion,59.0,GlobalIntel API,Eastern Corridor
EXT-401108,2026-06-10T01:00:00,Intrusion,19.4,ThreatWatch Intl,Western Zone
EXT-401109,2026-05-18T23:00:00,Cyber,48.5,CyberSentry Feed,Northern District
EXT-401110,2026-06-12T05:00:00,,68.6,GlobalIntel API,Zone J
EXT-401111,2026-07-11T17:00:00,CYBER-related,50.6,CyberSentry Feed,Western Zone
EXT-401112,2026-07-02T13:00:00,Intrusion,17.4,ThreatWatch Intl,Northern District
EXT-401113,2026-07-21T04:00:00,Cyber,48.8,GlobalIntel API,Southern Belt
EXT-401114,2026-05-17T17:00:00,Cyber,69.2,CyberSentry Feed,Eastern Corridor
EXT-401115,2026-06-23T12:00:00,Environmental,96.6,CyberSentry Feed,Zone J
EXT-401116,2026-05-27T09:00:00,Physical,97.4,ThreatWatch Intl,Zone G
EXT-401117,2026-06-08T15:00:00,CYBER-related,55.1,ThreatWatch Intl,Eastern Corridor
EXT-401118,2026-05-05T09:00:00,Cyber,94.5,CyberSentry Feed,Central Hub
EXT-401119,2026-06-06T00:00:00,Cyber,78.5,GlobalIntel API,Southern Belt
EXT-401120,2026-07-17T20:00:00,Physical,72.1,GlobalIntel API,Western Zone
EXT-401121,2026-06-02T09:00:00,Physical,91.7,CyberSentry Feed,Zone I
EXT-401122,2026-07-04T23:00:00,Other,62.8,ThreatWatch Intl,
EXT-401123,2026-05-16T12:00:00,Intrusion,60.3,GlobalIntel API,Southern Belt
EXT-401124,2026-07-05T18:00:00,intrusion,93.3,OpenCTI Mirror,Zone J
EXT-401125,2026-07-10T21:00:00,Environmental,53.6,GlobalIntel API,Southern Belt
EXT-401126,2026-07-24T08:00:00,intrusion,72.1,GlobalIntel API,Central Hub
EXT-401127,2026-05-04T00:00:00,CYBER-related,94.3,GlobalIntel API,Zone I
EXT-401128,2026-07-11T15:00:00,CYBER-related,75.9,ThreatWatch Intl,Central Hub
EXT-401129,2026-07-24T18:00:00,Cyber,49.0,ThreatWatch Intl,Zone H
EXT-401130,2026-06-04T20:00:00,intrusion,71.3,GlobalIntel API,Southern Belt
EXT-401131,2026-06-08T11:00:00,Intrusion,40.0,ThreatWatch Intl,Southern Belt
EXT-401132,2026-07-26T08:00:00,,70.3,CyberSentry Feed,Southern Belt
EXT-401133,2026-05-04T23:00:00,intrusion,91.8,ThreatWatch Intl,Southern Belt
EXT-401134,2026-06-20T18:00:00,Cyber,41.6,CyberSentry Feed,Northern District
EXT-401135,2026-07-23T17:00:00,CYBER-related,31.0,CyberSentry Feed,Eastern Corridor
EXT-401136,2026-06-25T09:00:00,Physical,52.6,GlobalIntel API,Zone D
EXT-401137,2026-04-29T06:00:00,,49.8,ThreatWatch Intl,Zone C
EXT-401138,2026-05-29T09:00:00,Cyber,85.2,GlobalIntel API,Northern District
EXT-401139,2026-05-08T06:00:00,Cyber,65.5,OpenCTI Mirror,Zone E
EXT-401140,2026-06-07T01:00:00,Intrusion,64.0,GlobalIntel API,Zone B
EXT-401141,2026-07-27T23:00:00,,49.3,CyberSentry Feed,Zone H
EXT-401142,2026-06-27T11:00:00,CYBER-related,57.9,ThreatWatch Intl,Central Hub
EXT-401143,2026-07-21T15:00:00,Environmental,58.6,GlobalIntel API,Zone G
EXT-401144,2026-06-28T09:00:00,Intrusion,62.3,ThreatWatch Intl,Zone J
EXT-401145,2026-07-07T08:00:00,CYBER-related,57.3,CyberSentry Feed,
EXT-401146,2026-07-21T19:00:00,intrusion,25.8,OpenCTI Mirror,Zone G
EXT-401147,2026-05-01T19:00:00,CYBER-related,56.2,CyberSentry Feed,Southern Belt
EXT-401148,2026-06-04T03:00:00,Physical,62.2,ThreatWatch Intl,Zone H
EXT-401149,2026-06-17T23:00:00,intrusion,67.8,CyberSentry Feed,Zone H
EXT-401150,2026-05-14T13:00:00,Other,54.4,ThreatWatch Intl,Western Zone
EXT-401151,2026-05-27T13:00:00,Cyber,49.8,GlobalIntel API,Zone G
EXT-401152,2026-06-26T04:00:00,intrusion,92.1,GlobalIntel API,Zone G
EXT-401153,2026-07-01T03:00:00,CYBER-related,83.8,OpenCTI Mirror,Northern District
EXT-401154,2026-07-07T12:00:00,Intrusion,42.8,OpenCTI Mirror,Central Hub
EXT-401155,2026-07-03T00:00:00,Physical,92.4,ThreatWatch Intl,Western Zone
EXT-401156,2026-05-24T06:00:00,Cyber,24.2,GlobalIntel API,Zone J
EXT-401157,2026-06-08T05:00:00,CYBER-related,19.9,OpenCTI Mirror,Zone C
EXT-401158,2026-07-01T13:00:00,Intrusion,38.3,GlobalIntel API,Central Hub
EXT-401159,2026-06-15T01:00:00,intrusion,73.6,ThreatWatch Intl,
EXT-401160,2026-06-22T20:00:00,Physical,76.4,GlobalIntel API,Zone H
EXT-401161,2026-06-04T00:00:00,intrusion,94.3,OpenCTI Mirror,Northern District
EXT-401162,2026-06-04T15:00:00,Cyber,99.0,GlobalIntel API,Western Zone
EXT-401163,2026-05-11T21:00:00,Other,29.1,ThreatWatch Intl,Zone B
EXT-401164,2026-05-23T21:00:00,CYBER-related,39.8,GlobalIntel API,Western Zone
EXT-401165,2026-07-21T09:00:00,Intrusion,51.1,OpenCTI Mirror,Southern Belt
EXT-401166,2026-06-18T17:00:00,Physical,66.1,CyberSentry Feed,Western Zone
EXT-401167,2026-05-10T23:00:00,Intrusion,29.1,CyberSentry Feed,Zone H
EXT-401168,2026-05-24T16:00:00,CYBER-related,59.5,CyberSentry Feed,Northern District
EXT-401169,2026-07-25T18:00:00,intrusion,78.4,CyberSentry Feed,Zone C
EXT-401170,2026-06-12T19:00:00,CYBER-related,88.7,OpenCTI Mirror,
EXT-401171,2026-07-11T17:00:00,Environmental,49.6,ThreatWatch Intl,Zone B
EXT-401172,2026-07-09T18:00:00,,55.4,GlobalIntel API,Southern Belt
EXT-401173,2026-07-20T02:00:00,CYBER-related,54.9,ThreatWatch Intl,Zone B
EXT-401174,2026-06-08T03:00:00,Intrusion,50.0,OpenCTI Mirror,Central Hub
EXT-401175,2026-06-17T04:00:00,,72.1,GlobalIntel API,Eastern Corridor
EXT-401176,2026-05-17T03:00:00,intrusion,35.0,ThreatWatch Intl,Western Zone
EXT-401177,2026-07-25T20:00:00,Physical,87.4,ThreatWatch Intl,Zone H
EXT-401178,2026-06-28T04:00:00,Intrusion,61.3,GlobalIntel API,Zone F
EXT-401179,2026-07-05T23:00:00,CYBER-related,61.4,ThreatWatch Intl,Central Hub
EXT-401180,2026-06-01T05:00:00,Physical,41.4,GlobalIntel API,Zone B
EXT-401181,2026-06-04T06:00:00,Physical,57.4,CyberSentry Feed,Southern Belt
EXT-401182,2026-05-25T14:00:00,CYBER-related,86.6,GlobalIntel API,Western Zone
EXT-401183,2026-05-21T15:00:00,Other,35.9,OpenCTI Mirror,Western Zone
EXT-401184,2026-05-03T21:00:00,Intrusion,82.5,CyberSentry Feed,Central Hub
EXT-401185,2026-06-12T00:00:00,Other,61.4,OpenCTI Mirror,Zone B
EXT-401186,2026-06-30T11:00:00,intrusion,73.1,CyberSentry Feed,Zone B
EXT-401187,2026-07-26T08:00:00,intrusion,41.2,ThreatWatch Intl,Zone A
EXT-401188,2026-05-13T07:00:00,CYBER-related,79.2,GlobalIntel API,Zone G
EXT-401189,2026-06-08T03:00:00,CYBER-related,62.9,OpenCTI Mirror,Northern District
EXT-401190,2026-06-17T18:00:00,Physical,50.8,OpenCTI Mirror,Zone I
EXT-401191,2026-07-10T17:00:00,Physical,58.1,OpenCTI Mirror,Zone D
EXT-401192,2026-06-26T16:00:00,intrusion,97.4,ThreatWatch Intl,Zone G
EXT-401193,2026-06-23T12:00:00,Cyber,56.4,CyberSentry Feed,Zone I
EXT-401194,2026-06-20T18:00:00,intrusion,67.9,GlobalIntel API,Southern Belt
EXT-401195,2026-06-26T18:00:00,CYBER-related,78.6,GlobalIntel API,Eastern Corridor
EXT-401196,2026-06-15T06:00:00,Cyber,74.3,GlobalIntel API,Zone E
EXT-401197,2026-07-19T11:00:00,intrusion,50.1,CyberSentry Feed,Zone J
EXT-401198,2026-07-10T02:00:00,Environmental,55.8,GlobalIntel API,Southern Belt
EXT-401199,2026-05-26T00:00:00,intrusion,86.1,CyberSentry Feed,Zone G
EXT-401200,2026-05-28T05:00:00,Environmental,47.8,GlobalIntel API,Zone J
EXT-401201,2026-07-05T21:00:00,,42.0,ThreatWatch Intl,Eastern Corridor
EXT-401202,2026-07-01T17:00:00,intrusion,58.1,OpenCTI Mirror,Zone J
EXT-401203,2026-06-25T00:00:00,Cyber,68.9,CyberSentry Feed,Zone E
EXT-401204,2026-06-11T19:00:00,Other,48.6,CyberSentry Feed,Zone H
EXT-401205,2026-06-14T11:00:00,Environmental,54.8,ThreatWatch Intl,Eastern Corridor
EXT-401206,2026-06-08T01:00:00,Intrusion,73.4,CyberSentry Feed,Zone I
EXT-401207,2026-06-08T12:00:00,CYBER-related,66.3,ThreatWatch Intl,Eastern Corridor
EXT-401208,2026-05-11T02:00:00,Intrusion,73.2,ThreatWatch Intl,Zone A
EXT-401209,2026-05-16T21:00:00,,79.1,GlobalIntel API,Zone E
EXT-401210,2026-05-31T11:00:00,Other,34.8,OpenCTI Mirror,Zone H
EXT-401211,2026-06-02T05:00:00,CYBER-related,45.4,GlobalIntel API,Zone G
EXT-401212,2026-07-16T18:00:00,Intrusion,84.1,OpenCTI Mirror,Eastern Corridor
EXT-401213,2026-06-02T00:00:00,Cyber,59.9,OpenCTI Mirror,Northern District
EXT-401214,2026-07-26T15:00:00,Cyber,61.8,CyberSentry Feed,Central Hub
EXT-401215,2026-06-02T06:00:00,intrusion,30.4,CyberSentry Feed,Southern Belt
EXT-401216,2026-06-17T02:00:00,,87.4,ThreatWatch Intl,Zone C
EXT-401217,2026-05-03T18:00:00,Other,26.6,OpenCTI Mirror,Eastern Corridor
EXT-401218,2026-06-26T11:00:00,Cyber,77.9,CyberSentry Feed,Western Zone
EXT-401219,2026-07-02T18:00:00,CYBER-related,87.6,CyberSentry Feed,
EXT-401220,2026-05-05T19:00:00,,92.4,ThreatWatch Intl,Central Hub
EXT-401221,2026-07-17T22:00:00,Environmental,70.2,OpenCTI Mirror,Northern District
EXT-401222,2026-07-09T12:00:00,Cyber,83.9,CyberSentry Feed,Zone J
EXT-401223,2026-05-09T11:00:00,Cyber,42.0,GlobalIntel API,Zone H
EXT-401224,2026-06-04T03:00:00,,27.7,ThreatWatch Intl,Zone D
EXT-401225,2026-05-04T19:00:00,Other,76.3,GlobalIntel API,Southern Belt
EXT-401226,2026-06-23T15:00:00,Cyber,78.1,ThreatWatch Intl,Zone A
EXT-401227,2026-06-09T22:00:00,Intrusion,62.9,OpenCTI Mirror,Eastern Corridor
EXT-401228,2026-06-07T11:00:00,Physical,41.3,GlobalIntel API,Zone H
EXT-401229,2026-05-29T20:00:00,Cyber,51.2,CyberSentry Feed,Zone E
EXT-401230,2026-07-25T21:00:00,Physical,97.3,CyberSentry Feed,Northern District
EXT-401231,2026-07-19T17:00:00,CYBER-related,71.3,GlobalIntel API,Zone A
EXT-401232,2026-05-13T04:00:00,,67.4,CyberSentry Feed,Western Zone
EXT-401233,2026-05-14T00:00:00,Environmental,71.1,GlobalIntel API,Zone J
EXT-401234,2026-05-08T06:00:00,intrusion,78.0,GlobalIntel API,Eastern Corridor
EXT-401235,2026-07-08T11:00:00,Intrusion,62.6,GlobalIntel API,Zone G
EXT-401236,2026-05-27T03:00:00,Other,46.4,OpenCTI Mirror,Southern Belt
EXT-401237,2026-06-01T01:00:00,Physical,47.8,OpenCTI Mirror,Zone H
EXT-401238,2026-06-29T01:00:00,Environmental,68.5,GlobalIntel API,
EXT-401239,2026-06-15T23:00:00,intrusion,67.2,GlobalIntel API,Zone C
EXT-401240,2026-05-03T19:00:00,intrusion,91.7,OpenCTI Mirror,Zone C
EXT-401241,2026-06-04T10:00:00,Environmental,98.5,GlobalIntel API,
EXT-401242,2026-07-15T01:00:00,CYBER-related,85.5,ThreatWatch Intl,Western Zone
EXT-401243,2026-06-09T11:00:00,Physical,80.5,CyberSentry Feed,Zone F
EXT-401244,2026-06-22T20:00:00,CYBER-related,60.4,GlobalIntel API,Zone A
EXT-401245,2026-07-10T10:00:00,intrusion,48.4,OpenCTI Mirror,Southern Belt
EXT-401246,2026-06-25T06:00:00,Environmental,79.6,CyberSentry Feed,Southern Belt
EXT-401247,2026-06-06T04:00:00,Intrusion,51.6,OpenCTI Mirror,Zone H
EXT-401248,2026-05-14T12:00:00,CYBER-related,55.4,ThreatWatch Intl,Northern District
EXT-401249,2026-05-12T10:00:00,Other,56.9,CyberSentry Feed,Eastern Corridor
EXT-401250,2026-07-27T20:00:00,,99.0,CyberSentry Feed,Zone I
EXT-401251,2026-07-05T20:00:00,intrusion,57.4,CyberSentry Feed,Central Hub
EXT-401252,2026-06-30T06:00:00,Intrusion,52.3,CyberSentry Feed,Zone E
EXT-401253,2026-05-17T12:00:00,Cyber,73.4,CyberSentry Feed,Zone D
EXT-401254,2026-05-25T12:00:00,Environmental,43.1,GlobalIntel API,Western Zone
EXT-401255,2026-06-18T07:00:00,Other,85.6,OpenCTI Mirror,Zone B
EXT-401256,2026-07-15T01:00:00,Physical,43.4,CyberSentry Feed,Central Hub
EXT-401257,2026-07-07T17:00:00,Other,99.0,GlobalIntel API,Zone B
EXT-401258,2026-05-27T08:00:00,Cyber,91.1,GlobalIntel API,Southern Belt
EXT-401259,2026-04-30T17:00:00,CYBER-related,60.5,ThreatWatch Intl,Eastern Corridor
EXT-401260,2026-06-30T06:00:00,Other,43.0,CyberSentry Feed,Central Hub
EXT-401261,2026-07-06T16:00:00,Physical,84.6,ThreatWatch Intl,Zone C
EXT-401262,2026-05-19T14:00:00,Environmental,57.3,CyberSentry Feed,Zone D
EXT-401263,2026-07-18T06:00:00,Other,76.7,ThreatWatch Intl,Central Hub
EXT-401264,2026-06-02T02:00:00,,45.5,GlobalIntel API,Zone I
EXT-401265,2026-06-13T22:00:00,,68.2,CyberSentry Feed,Zone C
EXT-401266,2026-06-15T18:00:00,Cyber,84.4,GlobalIntel API,Northern District
EXT-401267,2026-05-09T12:00:00,Environmental,50.5,OpenCTI Mirror,Central Hub
EXT-401268,2026-07-23T23:00:00,Physical,87.9,ThreatWatch Intl,Eastern Corridor
EXT-401269,2026-07-26T18:00:00,Other,59.4,GlobalIntel API,Northern District
EXT-401270,2026-07-04T10:00:00,Cyber,27.3,ThreatWatch Intl,Zone D
EXT-401271,2026-07-13T03:00:00,Cyber,94.4,ThreatWatch Intl,Zone I
EXT-401272,2026-07-21T17:00:00,Intrusion,38.2,GlobalIntel API,Zone C
EXT-401273,2026-06-30T11:00:00,Intrusion,49.9,CyberSentry Feed,Zone E
EXT-401274,2026-06-20T23:00:00,Cyber,75.2,CyberSentry Feed,Zone J
EXT-401275,2026-06-08T06:00:00,CYBER-related,84.3,ThreatWatch Intl,Northern District
EXT-401276,2026-05-02T19:00:00,Intrusion,47.5,ThreatWatch Intl,Zone G
EXT-401277,2026-05-22T02:00:00,intrusion,92.6,GlobalIntel API,Central Hub
EXT-401278,2026-07-26T05:00:00,,40.4,ThreatWatch Intl,
EXT-401279,2026-07-24T20:00:00,intrusion,67.9,OpenCTI Mirror,Zone J
EXT-401280,2026-07-10T10:00:00,Physical,52.1,GlobalIntel API,Western Zone
EXT-401281,2026-07-25T16:00:00,,76.3,GlobalIntel API,Zone G
EXT-401282,2026-06-05T05:00:00,CYBER-related,88.8,GlobalIntel API,Zone B
EXT-401283,2026-05-02T05:00:00,intrusion,65.3,CyberSentry Feed,Eastern Corridor
EXT-401284,2026-07-18T10:00:00,Other,67.9,GlobalIntel API,Zone D
EXT-401285,2026-07-16T19:00:00,,53.7,GlobalIntel API,Central Hub
EXT-401286,2026-05-11T11:00:00,,69.8,ThreatWatch Intl,Zone C
EXT-401287,2026-06-17T09:00:00,Intrusion,65.7,GlobalIntel API,Southern Belt
EXT-401288,2026-06-30T17:00:00,intrusion,79.3,ThreatWatch Intl,Zone J
EXT-401289,2026-05-11T03:00:00,CYBER-related,80.8,GlobalIntel API,Zone B
EXT-401290,2026-05-13T03:00:00,Environmental,99.0,OpenCTI Mirror,Zone E
EXT-401291,2026-06-22T15:00:00,Physical,47.9,ThreatWatch Intl,Zone E
EXT-401292,2026-05-26T13:00:00,Physical,79.1,OpenCTI Mirror,Northern District
EXT-401293,2026-06-03T13:00:00,intrusion,63.9,OpenCTI Mirror,Eastern Corridor
EXT-401294,2026-04-30T12:00:00,Other,82.2,ThreatWatch Intl,Northern District
EXT-401295,2026-05-30T03:00:00,Environmental,61.6,CyberSentry Feed,Zone F
EXT-401296,2026-07-16T10:00:00,Environmental,55.4,ThreatWatch Intl,Northern District
EXT-401297,2026-07-05T17:00:00,intrusion,92.7,CyberSentry Feed,Zone F
EXT-401298,2026-05-25T21:00:00,Other,63.3,CyberSentry Feed,Zone E
EXT-401299,2026-07-09T11:00:00,Intrusion,56.9,ThreatWatch Intl,Zone F
EXT-401300,2026-06-28T09:00:00,Intrusion,37.9,OpenCTI Mirror,Zone G
EXT-401301,2026-05-21T01:00:00,intrusion,40.6,GlobalIntel API,Northern District
EXT-401302,2026-06-13T23:00:00,,90.6,ThreatWatch Intl,Eastern Corridor
EXT-401303,2026-06-24T11:00:00,,96.1,OpenCTI Mirror,Eastern Corridor
EXT-401304,2026-05-23T17:00:00,Environmental,43.6,OpenCTI Mirror,Zone C
EXT-401305,2026-06-21T08:00:00,Physical,67.5,OpenCTI Mirror,
EXT-401306,2026-05-25T18:00:00,,78.4,OpenCTI Mirror,Southern Belt
EXT-401307,2026-06-22T10:00:00,Other,69.4,OpenCTI Mirror,Zone A
EXT-401308,2026-05-26T08:00:00,Environmental,25.2,OpenCTI Mirror,Northern District
EXT-401309,2026-05-23T22:00:00,Physical,46.5,ThreatWatch Intl,Zone E
EXT-401310,2026-07-22T05:00:00,,66.8,GlobalIntel API,Southern Belt
EXT-401311,2026-07-22T02:00:00,Intrusion,60.2,ThreatWatch Intl,Zone D
EXT-401312,2026-05-22T03:00:00,intrusion,67.2,CyberSentry Feed,Eastern Corridor
EXT-401313,2026-06-12T14:00:00,Intrusion,74.2,GlobalIntel API,Southern Belt
EXT-401314,2026-05-08T13:00:00,Cyber,82.6,ThreatWatch Intl,Zone H
EXT-401315,2026-07-09T16:00:00,Physical,87.1,OpenCTI Mirror,Eastern Corridor
EXT-401316,2026-06-13T20:00:00,Physical,80.7,CyberSentry Feed,Northern District
EXT-401317,2026-07-10T02:00:00,CYBER-related,79.4,ThreatWatch Intl,Northern District
EXT-401318,2026-06-26T23:00:00,Environmental,24.1,CyberSentry Feed,Southern Belt
EXT-401319,2026-07-19T19:00:00,Intrusion,44.2,ThreatWatch Intl,Zone D
EXT-401320,2026-07-25T16:00:00,intrusion,69.5,CyberSentry Feed,Northern District
EXT-401321,2026-05-20T17:00:00,Environmental,73.1,CyberSentry Feed,Central Hub
EXT-401322,2026-06-19T00:00:00,CYBER-related,66.0,GlobalIntel API,Zone D
EXT-401323,2026-06-12T20:00:00,Environmental,49.6,OpenCTI Mirror,Zone D
EXT-401324,2026-07-10T17:00:00,Physical,47.4,ThreatWatch Intl,Zone H
EXT-401325,2026-07-11T05:00:00,Other,57.7,ThreatWatch Intl,Zone C
EXT-401326,2026-05-08T19:00:00,Intrusion,84.2,OpenCTI Mirror,Zone C
EXT-401327,2026-05-15T09:00:00,Physical,54.2,OpenCTI Mirror,Southern Belt
EXT-401328,2026-05-19T21:00:00,,85.0,CyberSentry Feed,Western Zone
EXT-401329,2026-07-27T09:00:00,CYBER-related,13.7,OpenCTI Mirror,Western Zone
EXT-401330,2026-07-02T16:00:00,Physical,65.5,GlobalIntel API,Zone A
EXT-401331,2026-07-23T09:00:00,CYBER-related,64.7,CyberSentry Feed,Central Hub
EXT-401332,2026-07-27T17:00:00,CYBER-related,68.0,ThreatWatch Intl,Eastern Corridor
EXT-401333,2026-05-14T07:00:00,Physical,56.0,OpenCTI Mirror,Zone C
EXT-401334,2026-06-06T03:00:00,Intrusion,82.8,OpenCTI Mirror,Zone E
EXT-401335,2026-05-16T17:00:00,Other,55.3,OpenCTI Mirror,Eastern Corridor
EXT-401336,2026-07-10T20:00:00,CYBER-related,58.7,CyberSentry Feed,Eastern Corridor
EXT-401337,2026-05-15T01:00:00,,22.3,CyberSentry Feed,Zone F
EXT-401338,2026-06-01T23:00:00,Intrusion,67.9,GlobalIntel API,Eastern Corridor
EXT-401339,2026-06-10T21:00:00,Intrusion,36.9,CyberSentry Feed,Western Zone
EXT-401340,2026-07-04T16:00:00,CYBER-related,76.7,ThreatWatch Intl,
EXT-401341,2026-06-02T02:00:00,Other,71.6,GlobalIntel API,Zone G
EXT-401342,2026-06-05T02:00:00,,66.9,CyberSentry Feed,Southern Belt
EXT-401343,2026-07-03T17:00:00,,51.3,OpenCTI Mirror,Eastern Corridor
EXT-401344,2026-06-20T11:00:00,CYBER-related,29.1,OpenCTI Mirror,Northern District
EXT-401345,2026-06-09T17:00:00,,57.2,GlobalIntel API,Southern Belt
EXT-401346,2026-05-30T02:00:00,CYBER-related,52.4,OpenCTI Mirror,Central Hub
EXT-401347,2026-05-31T05:00:00,intrusion,90.5,GlobalIntel API,Western Zone
EXT-401348,2026-07-26T11:00:00,,31.2,OpenCTI Mirror,Zone G
EXT-401349,2026-06-16T15:00:00,Intrusion,64.8,ThreatWatch Intl,Zone D
EXT-401350,2026-05-29T05:00:00,Other,86.6,OpenCTI Mirror,Zone H
EXT-401351,2026-06-29T04:00:00,Cyber,99.0,GlobalIntel API,Southern Belt
EXT-401352,2026-07-11T12:00:00,CYBER-related,62.8,OpenCTI Mirror,Western Zone
EXT-401353,2026-05-24T07:00:00,intrusion,75.6,OpenCTI Mirror,Western Zone
EXT-401354,2026-05-24T12:00:00,Intrusion,52.0,CyberSentry Feed,Zone D
EXT-401355,2026-06-19T01:00:00,Physical,67.3,ThreatWatch Intl,Zone A
EXT-401356,2026-06-03T02:00:00,Physical,82.8,ThreatWatch Intl,Zone J
EXT-401357,2026-05-13T18:00:00,,70.0,OpenCTI Mirror,Western Zone
EXT-401358,2026-07-06T04:00:00,Physical,29.2,OpenCTI Mirror,Zone E
EXT-401359,2026-05-31T17:00:00,,64.4,CyberSentry Feed,Western Zone
EXT-401360,2026-07-22T07:00:00,Intrusion,76.3,OpenCTI Mirror,Zone G
EXT-401361,2026-07-23T06:00:00,Environmental,83.8,GlobalIntel API,Central Hub
EXT-401362,2026-06-14T07:00:00,,49.9,GlobalIntel API,Zone A
EXT-401363,2026-07-18T16:00:00,Environmental,87.1,CyberSentry Feed,Zone C
EXT-401364,2026-05-12T04:00:00,intrusion,79.1,CyberSentry Feed,
EXT-401365,2026-07-23T01:00:00,,32.0,ThreatWatch Intl,Eastern Corridor
EXT-401366,2026-07-02T22:00:00,CYBER-related,54.6,OpenCTI Mirror,Zone F
EXT-401367,2026-06-25T00:00:00,,44.7,CyberSentry Feed,Central Hub
EXT-401368,2026-07-02T22:00:00,Intrusion,41.6,GlobalIntel API,Central Hub
EXT-401369,2026-06-09T06:00:00,,70.0,GlobalIntel API,Northern District
EXT-401370,2026-05-04T09:00:00,intrusion,69.6,CyberSentry Feed,Eastern Corridor
EXT-401371,2026-05-08T01:00:00,Cyber,16.1,OpenCTI Mirror,Eastern Corridor
EXT-401372,2026-07-18T10:00:00,Physical,30.0,GlobalIntel API,Western Zone
EXT-401373,2026-05-31T12:00:00,intrusion,35.8,CyberSentry Feed,Zone I
EXT-401374,2026-06-05T16:00:00,Intrusion,76.8,OpenCTI Mirror,Southern Belt
EXT-401375,2026-07-16T03:00:00,Cyber,50.9,CyberSentry Feed,Zone B
EXT-401376,2026-07-14T11:00:00,Physical,21.9,OpenCTI Mirror,Zone J
EXT-401377,2026-06-25T04:00:00,Cyber,78.7,GlobalIntel API,Western Zone
EXT-401378,2026-07-15T01:00:00,Other,67.8,ThreatWatch Intl,Southern Belt
EXT-401379,2026-06-15T03:00:00,Other,62.7,OpenCTI Mirror,Zone B
EXT-401380,2026-05-15T20:00:00,Intrusion,99.0,ThreatWatch Intl,Zone J
EXT-401381,2026-06-11T06:00:00,intrusion,69.9,CyberSentry Feed,Southern Belt
EXT-401382,2026-06-13T02:00:00,CYBER-related,69.4,GlobalIntel API,Zone C
EXT-401383,2026-06-22T11:00:00,Physical,68.2,CyberSentry Feed,Eastern Corridor
EXT-401384,2026-06-29T13:00:00,Cyber,37.7,CyberSentry Feed,Southern Belt
EXT-401385,2026-06-11T07:00:00,CYBER-related,91.5,CyberSentry Feed,Zone F
EXT-401386,2026-06-08T11:00:00,CYBER-related,55.2,ThreatWatch Intl,Central Hub
EXT-401387,2026-06-04T10:00:00,Cyber,58.8,ThreatWatch Intl,Eastern Corridor
EXT-401388,2026-06-19T00:00:00,Physical,52.4,OpenCTI Mirror,Central Hub
EXT-401389,2026-07-01T15:00:00,Other,42.1,GlobalIntel API,Zone D
EXT-401390,2026-07-23T18:00:00,,73.6,ThreatWatch Intl,Western Zone
EXT-401391,2026-06-16T10:00:00,Intrusion,54.9,CyberSentry Feed,Southern Belt
EXT-401392,2026-04-29T18:00:00,intrusion,82.6,OpenCTI Mirror,Zone A
EXT-401393,2026-06-18T14:00:00,intrusion,45.3,CyberSentry Feed,Central Hub
EXT-401394,2026-04-29T06:00:00,Environmental,73.2,GlobalIntel API,Zone C
EXT-401395,2026-06-11T00:00:00,Cyber,35.4,ThreatWatch Intl,Western Zone
EXT-401396,2026-06-13T13:00:00,intrusion,67.1,GlobalIntel API,Zone G
EXT-401397,2026-06-16T03:00:00,,57.3,GlobalIntel API,Zone F
EXT-401398,2026-07-16T01:00:00,CYBER-related,58.0,GlobalIntel API,Central Hub
EXT-401399,2026-05-20T21:00:00,,99.0,ThreatWatch Intl,Zone I
EXT-401400,2026-07-11T10:00:00,,45.0,ThreatWatch Intl,Northern District
EXT-401401,2026-07-14T19:00:00,Cyber,42.1,CyberSentry Feed,Zone H
EXT-401402,2026-05-09T01:00:00,Physical,94.0,GlobalIntel API,Eastern Corridor
EXT-401403,2026-06-06T06:00:00,Cyber,66.1,ThreatWatch Intl,Southern Belt
EXT-401404,2026-06-04T19:00:00,Environmental,81.7,ThreatWatch Intl,Central Hub
EXT-401405,2026-06-24T07:00:00,,53.7,OpenCTI Mirror,Central Hub
EXT-401406,2026-06-19T03:00:00,CYBER-related,61.6,GlobalIntel API,Western Zone
EXT-401407,2026-06-03T11:00:00,Physical,94.4,OpenCTI Mirror,Central Hub
EXT-401408,2026-05-26T03:00:00,Environmental,58.2,CyberSentry Feed,Zone E
EXT-401409,2026-06-21T20:00:00,Environmental,45.5,CyberSentry Feed,Western Zone
EXT-401410,2026-05-18T19:00:00,Cyber,50.6,GlobalIntel API,Central Hub
EXT-401411,2026-05-10T12:00:00,,37.6,GlobalIntel API,Eastern Corridor
EXT-401412,2026-05-19T09:00:00,Environmental,99.0,OpenCTI Mirror,Zone B
EXT-401413,2026-07-01T20:00:00,CYBER-related,45.9,OpenCTI Mirror,Western Zone
EXT-401414,2026-07-18T01:00:00,Physical,41.9,GlobalIntel API,Central Hub
EXT-401415,2026-06-23T14:00:00,Environmental,69.6,ThreatWatch Intl,Zone D
EXT-401416,2026-05-01T14:00:00,intrusion,63.5,ThreatWatch Intl,Central Hub
EXT-401417,2026-07-09T22:00:00,Cyber,63.8,CyberSentry Feed,Zone E
EXT-401418,2026-06-11T13:00:00,,64.9,ThreatWatch Intl,Zone G
EXT-401419,2026-05-03T04:00:00,Physical,42.1,ThreatWatch Intl,Central Hub
EXT-401420,2026-07-11T13:00:00,Environmental,57.9,OpenCTI Mirror,Southern Belt
EXT-401421,2026-06-29T09:00:00,intrusion,91.5,OpenCTI Mirror,Eastern Corridor
EXT-401422,2026-05-10T00:00:00,CYBER-related,63.3,GlobalIntel API,
EXT-401423,2026-05-15T17:00:00,intrusion,43.0,ThreatWatch Intl,Zone J
EXT-401424,2026-05-15T06:00:00,CYBER-related,91.3,GlobalIntel API,Northern District
EXT-401425,2026-07-26T13:00:00,Intrusion,69.8,GlobalIntel API,Zone G
EXT-401426,2026-05-19T07:00:00,intrusion,30.1,GlobalIntel API,Zone E
EXT-401427,2026-05-29T14:00:00,Cyber,84.3,GlobalIntel API,Southern Belt
EXT-401428,2026-07-22T19:00:00,,9.2,CyberSentry Feed,Central Hub
EXT-401429,2026-05-05T20:00:00,intrusion,50.6,GlobalIntel API,Western Zone
EXT-401430,2026-07-03T10:00:00,Other,99.0,GlobalIntel API,Zone F
EXT-401431,2026-06-01T20:00:00,Environmental,80.8,ThreatWatch Intl,Western Zone
EXT-401432,2026-07-08T13:00:00,intrusion,85.9,ThreatWatch Intl,Northern District
EXT-401433,2026-04-29T17:00:00,CYBER-related,73.6,ThreatWatch Intl,Zone G
EXT-401434,2026-05-10T14:00:00,Physical,70.3,CyberSentry Feed,Northern District
EXT-401435,2026-05-12T00:00:00,Environmental,99.0,GlobalIntel API,Zone C
EXT-401436,2026-07-08T08:00:00,Environmental,90.3,GlobalIntel API,Eastern Corridor
EXT-401437,2026-05-17T04:00:00,Cyber,64.7,ThreatWatch Intl,Zone I
EXT-401438,2026-05-05T15:00:00,Environmental,35.3,ThreatWatch Intl,Zone H
EXT-401439,2026-05-12T02:00:00,Other,86.2,ThreatWatch Intl,Zone F
EXT-401440,2026-06-20T06:00:00,Cyber,17.4,OpenCTI Mirror,Zone G
EXT-401441,2026-06-06T01:00:00,,77.3,CyberSentry Feed,Zone F
EXT-401442,2026-06-11T03:00:00,intrusion,59.4,GlobalIntel API,Western Zone
EXT-401443,2026-05-22T17:00:00,CYBER-related,84.8,ThreatWatch Intl,Zone E
EXT-401444,2026-06-25T01:00:00,,68.8,CyberSentry Feed,Western Zone
EXT-401445,2026-06-14T04:00:00,Physical,51.6,CyberSentry Feed,Zone H
EXT-401446,2026-06-12T14:00:00,Intrusion,63.6,OpenCTI Mirror,Zone C
EXT-401447,2026-06-11T08:00:00,Cyber,99.0,CyberSentry Feed,Southern Belt
EXT-401448,2026-05-08T23:00:00,Cyber,37.0,CyberSentry Feed,Southern Belt
EXT-401449,2026-06-11T16:00:00,,61.1,ThreatWatch Intl,Zone J
EXT-401450,2026-07-09T12:00:00,Intrusion,15.6,GlobalIntel API,Zone H
EXT-401451,2026-07-14T09:00:00,intrusion,54.1,GlobalIntel API,Northern District
EXT-401452,2026-07-27T22:00:00,CYBER-related,57.3,GlobalIntel API,Southern Belt
EXT-401453,2026-05-22T02:00:00,CYBER-related,90.4,CyberSentry Feed,Eastern Corridor
EXT-401454,2026-06-01T12:00:00,Intrusion,53.7,ThreatWatch Intl,Zone E
EXT-401455,2026-07-12T22:00:00,Physical,51.1,CyberSentry Feed,Zone F
EXT-401456,2026-07-14T12:00:00,Intrusion,35.7,CyberSentry Feed,Zone J
EXT-401457,2026-06-02T12:00:00,Other,66.0,CyberSentry Feed,Eastern Corridor
EXT-401458,2026-07-21T21:00:00,Cyber,25.3,GlobalIntel API,Zone I
EXT-401459,2026-07-09T11:00:00,Environmental,35.8,GlobalIntel API,Eastern Corridor
EXT-401460,2026-05-12T20:00:00,Environmental,51.4,GlobalIntel API,Eastern Corridor
EXT-401461,2026-05-20T19:00:00,CYBER-related,76.2,CyberSentry Feed,Zone E
EXT-401462,2026-05-28T05:00:00,Physical,94.0,ThreatWatch Intl,Southern Belt
EXT-401463,2026-05-02T07:00:00,Other,30.7,CyberSentry Feed,Eastern Corridor
EXT-401464,2026-07-01T02:00:00,Physical,31.4,GlobalIntel API,Zone G
EXT-401465,2026-06-23T19:00:00,CYBER-related,37.4,CyberSentry Feed,Southern Belt
EXT-401466,2026-06-14T10:00:00,Intrusion,41.8,ThreatWatch Intl,Western Zone
EXT-401467,2026-05-03T17:00:00,Intrusion,32.8,ThreatWatch Intl,
EXT-401468,2026-07-25T07:00:00,CYBER-related,67.5,ThreatWatch Intl,Southern Belt
EXT-401469,2026-06-03T06:00:00,,73.8,OpenCTI Mirror,Southern Belt
EXT-401470,2026-05-30T22:00:00,CYBER-related,50.7,OpenCTI Mirror,Zone A
EXT-401471,2026-06-23T16:00:00,CYBER-related,87.0,OpenCTI Mirror,Zone B
EXT-401472,2026-06-22T01:00:00,Intrusion,54.7,CyberSentry Feed,Western Zone
EXT-401473,2026-07-12T11:00:00,CYBER-related,44.6,GlobalIntel API,Zone F
EXT-401474,2026-05-11T09:00:00,,69.5,ThreatWatch Intl,
EXT-401475,2026-05-13T21:00:00,Environmental,71.7,ThreatWatch Intl,Southern Belt
EXT-401476,2026-05-01T02:00:00,,56.0,GlobalIntel API,Zone A
EXT-401477,2026-05-29T17:00:00,Physical,75.1,CyberSentry Feed,Zone D
EXT-401478,2026-06-05T22:00:00,Environmental,61.2,OpenCTI Mirror,Northern District
EXT-401479,2026-05-26T21:00:00,Intrusion,73.7,GlobalIntel API,Zone I
EXT-401480,2026-05-16T15:00:00,intrusion,99.0,ThreatWatch Intl,Zone A
EXT-401481,2026-05-16T05:00:00,,80.6,CyberSentry Feed,
EXT-401482,2026-04-30T01:00:00,,66.9,OpenCTI Mirror,Eastern Corridor
EXT-401483,2026-07-24T13:00:00,Intrusion,83.2,GlobalIntel API,Central Hub
EXT-401484,2026-05-29T04:00:00,Environmental,47.2,CyberSentry Feed,Zone G
EXT-401485,2026-06-15T17:00:00,Environmental,51.4,ThreatWatch Intl,Central Hub
EXT-401486,2026-05-03T19:00:00,Environmental,49.0,ThreatWatch Intl,Zone G
EXT-401487,2026-07-03T21:00:00,intrusion,44.4,OpenCTI Mirror,Eastern Corridor
EXT-401488,2026-07-04T18:00:00,Environmental,38.8,CyberSentry Feed,Southern Belt
EXT-401489,2026-05-06T04:00:00,,97.1,CyberSentry Feed,Northern District
EXT-401490,2026-05-18T06:00:00,intrusion,54.7,CyberSentry Feed,Zone B
EXT-401491,2026-07-21T06:00:00,Physical,37.2,CyberSentry Feed,Zone B
EXT-401492,2026-05-09T13:00:00,Environmental,27.5,CyberSentry Feed,Western Zone
EXT-401493,2026-07-14T20:00:00,Environmental,59.8,GlobalIntel API,Western Zone
EXT-401494,2026-06-05T08:00:00,CYBER-related,40.4,ThreatWatch Intl,Zone D
EXT-401495,2026-05-17T06:00:00,Other,44.7,GlobalIntel API,Zone G
EXT-401496,2026-05-28T02:00:00,intrusion,83.2,GlobalIntel API,Zone I
EXT-401497,2026-05-31T01:00:00,Physical,85.2,ThreatWatch Intl,Northern District
EXT-401498,2026-05-21T11:00:00,Other,60.8,ThreatWatch Intl,Zone D
EXT-401499,2026-06-13T13:00:00,Intrusion,48.2,OpenCTI Mirror,Southern Belt
EXT-401500,2026-07-14T07:00:00,CYBER-related,90.8,GlobalIntel API,Zone G
EXT-401501,2026-05-23T22:00:00,Intrusion,78.8,CyberSentry Feed,Southern Belt
EXT-401502,2026-05-13T19:00:00,Cyber,19.9,OpenCTI Mirror,Eastern Corridor
EXT-401503,2026-07-11T08:00:00,Cyber,82.9,ThreatWatch Intl,Zone F
EXT-401504,2026-07-06T00:00:00,Other,52.7,ThreatWatch Intl,Zone G
EXT-401505,2026-05-20T11:00:00,,59.4,GlobalIntel API,Eastern Corridor
EXT-401506,2026-07-11T19:00:00,Intrusion,67.2,GlobalIntel API,Eastern Corridor
EXT-401507,2026-07-01T06:00:00,Other,61.7,ThreatWatch Intl,Western Zone
EXT-401508,2026-07-07T10:00:00,intrusion,83.4,CyberSentry Feed,Zone A
EXT-401509,2026-05-11T18:00:00,Intrusion,47.7,GlobalIntel API,Zone B
EXT-401510,2026-07-11T13:00:00,Intrusion,87.2,OpenCTI Mirror,Eastern Corridor
EXT-401511,2026-07-15T20:00:00,intrusion,60.2,CyberSentry Feed,Zone F
EXT-401512,2026-06-17T22:00:00,Other,61.7,CyberSentry Feed,
EXT-401513,2026-07-27T11:00:00,,64.6,GlobalIntel API,Zone E
EXT-401514,2026-05-21T06:00:00,Intrusion,76.9,ThreatWatch Intl,Southern Belt
EXT-401515,2026-05-05T16:00:00,Cyber,68.2,OpenCTI Mirror,
EXT-401516,2026-05-12T20:00:00,Environmental,86.9,GlobalIntel API,Zone C
EXT-401517,2026-05-17T12:00:00,intrusion,72.7,GlobalIntel API,Western Zone
EXT-401518,2026-06-28T20:00:00,Cyber,76.3,GlobalIntel API,Zone A
EXT-401519,2026-07-16T13:00:00,Intrusion,23.5,ThreatWatch Intl,Zone G
EXT-401520,2026-07-20T04:00:00,Physical,50.1,CyberSentry Feed,Northern District
EXT-401521,2026-07-05T00:00:00,Intrusion,53.6,GlobalIntel API,Zone E
EXT-401522,2026-06-30T02:00:00,CYBER-related,91.7,CyberSentry Feed,Central Hub
EXT-401523,2026-06-19T18:00:00,CYBER-related,48.1,OpenCTI Mirror,Zone H
EXT-401524,2026-05-22T04:00:00,intrusion,26.7,GlobalIntel API,Eastern Corridor
EXT-401525,2026-06-10T13:00:00,Cyber,87.0,GlobalIntel API,Zone B
EXT-401526,2026-05-24T17:00:00,intrusion,49.1,CyberSentry Feed,Southern Belt
EXT-401527,2026-06-05T16:00:00,,99.0,CyberSentry Feed,Zone D
EXT-401528,2026-05-26T07:00:00,Environmental,65.6,GlobalIntel API,Zone G
EXT-401529,2026-07-01T22:00:00,intrusion,87.4,OpenCTI Mirror,Zone F
EXT-401530,2026-05-15T14:00:00,intrusion,48.6,ThreatWatch Intl,Zone B
EXT-401531,2026-05-03T10:00:00,Environmental,7.1,ThreatWatch Intl,Zone I
EXT-401532,2026-07-24T13:00:00,Intrusion,73.5,OpenCTI Mirror,Zone I
EXT-401533,2026-07-01T00:00:00,Physical,99.0,ThreatWatch Intl,Zone C
EXT-401534,2026-07-24T20:00:00,Intrusion,64.4,GlobalIntel API,Zone D
EXT-401535,2026-06-30T00:00:00,,65.7,ThreatWatch Intl,Zone B
EXT-401536,2026-05-02T01:00:00,CYBER-related,61.2,CyberSentry Feed,Southern Belt
EXT-401537,2026-07-25T00:00:00,CYBER-related,60.4,CyberSentry Feed,Zone H
EXT-401538,2026-05-16T08:00:00,CYBER-related,54.3,CyberSentry Feed,Central Hub
EXT-401539,2026-06-21T18:00:00,CYBER-related,90.7,GlobalIntel API,Southern Belt
EXT-401540,2026-05-06T17:00:00,,61.1,OpenCTI Mirror,Central Hub
EXT-401541,2026-05-24T13:00:00,Other,77.5,GlobalIntel API,Southern Belt
EXT-401542,2026-05-30T02:00:00,,71.2,ThreatWatch Intl,Northern District
EXT-401543,2026-06-30T19:00:00,,79.9,CyberSentry Feed,Southern Belt
EXT-401544,2026-07-07T17:00:00,Environmental,57.9,ThreatWatch Intl,Zone D
EXT-401545,2026-07-10T06:00:00,Physical,74.6,GlobalIntel API,Zone B
EXT-401546,2026-06-27T14:00:00,intrusion,82.4,ThreatWatch Intl,Zone A
EXT-401547,2026-05-03T04:00:00,CYBER-related,91.3,GlobalIntel API,Central Hub
EXT-401548,2026-05-10T22:00:00,CYBER-related,51.3,GlobalIntel API,Eastern Corridor
EXT-401549,2026-06-08T06:00:00,intrusion,32.5,ThreatWatch Intl,Zone B
EXT-401550,2026-05-29T02:00:00,Other,75.7,ThreatWatch Intl,Northern District
EXT-401551,2026-06-22T23:00:00,Cyber,76.2,CyberSentry Feed,Zone D
EXT-401552,2026-06-28T15:00:00,Environmental,73.4,GlobalIntel API,Northern District
EXT-401553,2026-06-14T15:00:00,CYBER-related,65.2,GlobalIntel API,
EXT-401554,2026-06-16T04:00:00,Intrusion,57.3,CyberSentry Feed,Zone B
EXT-401555,2026-05-01T23:00:00,Intrusion,64.4,OpenCTI Mirror,Eastern Corridor
EXT-401556,2026-06-12T00:00:00,Environmental,68.0,OpenCTI Mirror,Southern Belt
EXT-401557,2026-06-26T12:00:00,Environmental,38.1,OpenCTI Mirror,Zone B
EXT-401558,2026-05-21T19:00:00,Other,39.7,CyberSentry Feed,Zone D
EXT-401559,2026-05-17T17:00:00,,64.6,ThreatWatch Intl,
EXT-401560,2026-06-04T19:00:00,,84.5,OpenCTI Mirror,Zone J
EXT-401561,2026-07-08T14:00:00,intrusion,73.8,ThreatWatch Intl,Central Hub
EXT-401562,2026-05-22T21:00:00,,72.5,ThreatWatch Intl,Zone D
EXT-401563,2026-07-21T15:00:00,Intrusion,54.4,OpenCTI Mirror,Western Zone
EXT-401564,2026-06-26T16:00:00,CYBER-related,53.3,GlobalIntel API,Zone D
EXT-401565,2026-05-13T13:00:00,Environmental,99.0,ThreatWatch Intl,Zone I
EXT-401566,2026-06-22T10:00:00,intrusion,71.7,ThreatWatch Intl,Zone A
EXT-401567,2026-07-21T07:00:00,CYBER-related,42.5,OpenCTI Mirror,Southern Belt
EXT-401568,2026-05-09T06:00:00,Cyber,94.7,GlobalIntel API,Zone A
EXT-401569,2026-05-29T01:00:00,Environmental,88.6,CyberSentry Feed,Central Hub
EXT-401570,2026-07-16T20:00:00,Other,70.9,CyberSentry Feed,Central Hub
EXT-401571,2026-07-04T13:00:00,Physical,90.2,GlobalIntel API,Northern District
EXT-401572,2026-07-26T00:00:00,Cyber,67.3,ThreatWatch Intl,
EXT-401573,2026-04-30T00:00:00,CYBER-related,99.0,ThreatWatch Intl,Western Zone
EXT-401574,2026-06-13T01:00:00,Cyber,66.2,OpenCTI Mirror,Zone J
EXT-401575,2026-06-09T10:00:00,CYBER-related,37.9,CyberSentry Feed,Zone F
EXT-401576,2026-05-31T18:00:00,Environmental,65.0,GlobalIntel API,Eastern Corridor
EXT-401577,2026-06-11T23:00:00,Physical,42.3,GlobalIntel API,Northern District
EXT-401578,2026-07-11T15:00:00,Physical,66.0,ThreatWatch Intl,Southern Belt
EXT-401579,2026-05-07T17:00:00,CYBER-related,31.3,ThreatWatch Intl,Zone J
EXT-401580,2026-05-04T00:00:00,intrusion,89.4,ThreatWatch Intl,
EXT-401581,2026-06-04T20:00:00,Other,75.6,OpenCTI Mirror,Northern District
EXT-401582,2026-06-11T15:00:00,Other,39.8,CyberSentry Feed,Zone I
EXT-401583,2026-07-23T08:00:00,Physical,40.5,OpenCTI Mirror,Zone F
EXT-401584,2026-05-04T10:00:00,Cyber,83.7,OpenCTI Mirror,Zone I
EXT-401585,2026-05-31T19:00:00,Other,73.9,CyberSentry Feed,Western Zone
EXT-401586,2026-05-27T18:00:00,Intrusion,81.4,CyberSentry Feed,Zone F
EXT-401587,2026-06-03T05:00:00,,56.4,OpenCTI Mirror,
EXT-401588,2026-07-21T22:00:00,Environmental,80.4,CyberSentry Feed,Southern Belt
EXT-401589,2026-05-23T07:00:00,intrusion,28.2,OpenCTI Mirror,Western Zone
EXT-401590,2026-05-27T01:00:00,Environmental,68.7,CyberSentry Feed,Northern District
EXT-401591,2026-07-18T09:00:00,CYBER-related,57.7,GlobalIntel API,Central Hub
EXT-401592,2026-07-25T04:00:00,Physical,64.4,ThreatWatch Intl,Western Zone
EXT-401593,2026-05-23T08:00:00,Cyber,59.8,ThreatWatch Intl,Zone H
EXT-401594,2026-07-25T23:00:00,Physical,87.6,GlobalIntel API,Southern Belt
EXT-401595,2026-07-08T02:00:00,Other,51.9,ThreatWatch Intl,Central Hub
EXT-401596,2026-06-06T18:00:00,Physical,44.7,GlobalIntel API,Southern Belt
EXT-401597,2026-06-23T12:00:00,intrusion,67.7,CyberSentry Feed,Eastern Corridor
EXT-401598,2026-07-11T16:00:00,Environmental,54.3,ThreatWatch Intl,Zone G
EXT-401599,2026-07-18T12:00:00,Other,75.7,CyberSentry Feed,Western Zone
