log_id,event_time_raw,incident_type_raw,location_raw,severity_raw,reported_by
INC-100000,23-Jul-2026 15:41,weather alert,Zone C,Medium,Auto-Sensor
INC-100001,16-Jul-2026 21:00,env. hazard,Zone B,Medium,Field Officer
INC-100002,05/29/2026 06:43,PHYSICAL BREACH,Zone G,High,Field Officer
INC-100003,27-Jul-2026 19:47,Cyber Incident,Zone F,Low,Auto-Sensor
INC-100004,2026-07-15 14:06,intrusion detected,Zone G,High,
INC-100005,07/20/2026 19:37,Cyber Incident,Zone E,Low,Auto-Sensor
INC-100006,07-May-2026 04:58,unauthorized-access,Zone E,Low,Hotline
INC-100007,12-Jul-2026 15:09,Intrusion Attempt,Zone C,3,Field Officer
INC-100008,2026-07-01 15:02,unauthorized-access,Zone G,High,Hotline
INC-100009,2026-07-16 16:21,cyber-intrusion,Zone H,Medium,Auto-Sensor
INC-100010,05/19/2026 03:22,perimeter breach,,High,Field Officer
INC-100011,2026-06-22 10:38,phishing attempt,Zone G,Medium,Field Officer
INC-100012,03-May-2026 09:49,misc incident,Zone C,High,SOC Analyst
INC-100013,2026-05-26 11:52,CYBER,,4,
INC-100014,06/22/2026 21:57,Intrusion,Zone C,4,Auto-Sensor
INC-100015,06/17/2026 01:10,weather alert,Zone H,Medium,Field Officer
INC-100016,26-Jul-2026 09:12,INTRUSION,,High,Hotline
INC-100017,2026-06-17 11:19,env. hazard,Zone I,Low,Auto-Sensor
INC-100018,19-Jul-2026 02:24,phishing attempt,Zone F,High,Field Officer
INC-100019,16-Jul-2026 16:20,Cyber Incident,,High,Auto-Sensor
INC-100020,06/15/2026 18:47,Intrusion Attempt,,Low,Field Officer
INC-100021,07/05/2026 17:48,Intrusion Attempt,,Low,
INC-100022,2026-07-15 15:29,malware detected,Zone I,Medium,SOC Analyst
INC-100023,05/16/2026 21:21,INTRUSION,Zone D,High,
INC-100024,2026-07-26 08:08,Other,Zone F,,SOC Analyst
INC-100025,14-Jun-2026 22:31,weather alert,Zone G,Medium,Field Officer
INC-100026,2026-07-23 21:22,Other,Zone A,Medium,SOC Analyst
INC-100027,14-Jun-2026 12:57,unauthorized-access,Zone I,Critical,Hotline
INC-100028,05/11/2026 15:55,perimeter breach,Zone E,Medium,SOC Analyst
INC-100029,03-May-2026 11:12,N/A,Zone H,High,SOC Analyst
INC-100030,07/19/2026 11:10,CYBER,Zone D,,Hotline
INC-100031,2026-06-09 05:37,cyber-intrusion,Zone I,Medium,SOC Analyst
INC-100032,29-Apr-2026 18:41,phishing attempt,Zone B,4,Hotline
INC-100033,10-Jul-2026 17:52,phishing attempt,Zone D,Low,SOC Analyst
INC-100034,07-Jun-2026 00:15,INTRUSION,Zone C,High,Auto-Sensor
INC-100035,02-May-2026 07:35,intrusion detected,Zone B,Medium,SOC Analyst
INC-100036,06/19/2026 22:51,ENVIRONMENTAL,Zone H,High,Auto-Sensor
INC-100037,16-May-2026 18:34,INTRUSION,Zone F,3,
INC-100038,2026-04-30 01:34,PHYSICAL BREACH,Zone B,High,SOC Analyst
INC-100039,09-Jul-2026 07:18,Environmental Risk,Zone D,Critical,SOC Analyst
INC-100040,07/05/2026 21:29,cyber-intrusion,Zone H,High,Hotline
INC-100041,07-May-2026 10:39,phishing attempt,Zone I,Medium,
INC-100042,2026-05-06 17:18,weather alert,Zone B,Low,Field Officer
INC-100043,26-Jun-2026 15:12,malware detected,,Medium,Auto-Sensor
INC-100044,07/17/2026 10:59,unauthorized-access,Zone E,Low,SOC Analyst
INC-100045,06/27/2026 16:49,PHYSICAL BREACH,Zone H,Medium,Field Officer
INC-100046,07/01/2026 05:12,PHYSICAL BREACH,Zone A,Critical,Hotline
INC-100047,20-Jun-2026 21:17,intrusion detected,,Low,SOC Analyst
INC-100048,14-Jul-2026 03:38,misc incident,Zone D,Medium,Hotline
INC-100049,07/12/2026 11:37,intrusion detected,Zone C,Medium,
INC-100050,2026-05-26 17:27,cyber-intrusion,Zone J,3,
INC-100051,06/28/2026 08:22,INTRUSION,,Medium,Hotline
INC-100052,05/24/2026 06:44,ENVIRONMENTAL,,Low,
INC-100053,15-May-2026 01:47,cyber-intrusion,Zone E,4,
INC-100054,2026-07-09 20:05,perimeter breach,Zone H,Medium,
INC-100055,07/06/2026 14:45,Cyber Incident,Zone B,Medium,Auto-Sensor
INC-100056,2026-06-10 00:20,phishing attempt,Zone E,High,SOC Analyst
INC-100057,02-Jul-2026 18:22,Environmental Risk,Zone E,Low,Auto-Sensor
INC-100058,05/01/2026 18:55,Intrusion Attempt,Zone I,3,Auto-Sensor
INC-100059,20-Jul-2026 06:07,unauthorized-access,Zone B,Low,SOC Analyst
INC-100060,16-Jun-2026 13:57,Environmental Risk,Zone C,4,Hotline
INC-100061,05/18/2026 20:46,INTRUSION,Zone B,Medium,SOC Analyst
INC-100062,03-Jun-2026 07:26,Physical Security,Zone A,,Auto-Sensor
INC-100063,07/17/2026 06:54,intrusion detected,Zone I,Low,Auto-Sensor
INC-100064,2026-06-06 00:59,Intrusion,Zone C,3,Hotline
INC-100065,2026-06-11 22:11,phishing attempt,Zone D,Medium,Field Officer
INC-100066,12-Jul-2026 12:42,malware detected,Zone E,Critical,SOC Analyst
INC-100067,2026-07-16 09:10,INTRUSION,Zone G,4,
INC-100068,20-May-2026 05:40,Intrusion Attempt,Zone G,High,Field Officer
INC-100069,07/20/2026 19:02,PHYSICAL BREACH,,Medium,SOC Analyst
INC-100070,20-Jul-2026 11:51,weather alert,Zone J,Critical,
INC-100071,01-Jul-2026 07:50,phishing attempt,Zone E,Low,Auto-Sensor
INC-100072,06-May-2026 18:47,misc incident,Zone H,Medium,
INC-100073,2026-07-22 14:09,Cyber Incident,Zone C,High,
INC-100074,06/07/2026 19:06,Environmental Risk,Zone I,High,
INC-100075,23-Jul-2026 05:26,physical breach,Zone C,Medium,
INC-100076,06/08/2026 16:25,Cyber Incident,Zone J,Low,Hotline
INC-100077,07/03/2026 19:00,N/A,Zone F,Critical,Field Officer
INC-100078,16-Jun-2026 12:55,unauthorized-access,Zone G,High,SOC Analyst
INC-100079,07/21/2026 15:02,physical breach,Zone A,Low,Field Officer
INC-100080,2026-07-09 14:19,INTRUSION,,Medium,Hotline
INC-100081,06/08/2026 20:45,cyber-intrusion,Zone F,High,
INC-100082,07/12/2026 14:02,phishing attempt,Zone H,Medium,SOC Analyst
INC-100083,06/18/2026 06:23,weather alert,Zone F,Critical,Field Officer
INC-100084,17-Jul-2026 12:03,Environmental Risk,Zone E,3,SOC Analyst
INC-100085,2026-07-08 23:26,phishing attempt,Zone I,3,Auto-Sensor
INC-100086,24-May-2026 13:29,CYBER,Zone I,High,Auto-Sensor
INC-100087,2026-06-05 02:11,Physical Security,Zone C,,Field Officer
INC-100088,2026-06-13 08:19,PHYSICAL BREACH,Zone G,4,Auto-Sensor
INC-100089,18-Jul-2026 20:22,INTRUSION,Zone D,High,Field Officer
INC-100090,05/10/2026 01:13,perimeter breach,Zone F,Medium,
INC-100091,06/05/2026 06:49,env. hazard,Zone J,Medium,Hotline
INC-100092,07/12/2026 08:39,Intrusion,Zone D,Critical,
INC-100093,07-Jul-2026 12:03,ENVIRONMENTAL,Zone F,Low,Field Officer
INC-100094,05/11/2026 16:34,Cyber Incident,Zone E,High,
INC-100095,05/22/2026 06:28,phishing attempt,Zone B,,Auto-Sensor
INC-100096,05/30/2026 06:51,INTRUSION,Zone A,Medium,
INC-100097,2026-07-07 09:42,intrusion detected,Zone A,Critical,Auto-Sensor
INC-100098,06/02/2026 11:46,phishing attempt,Zone H,Critical,Auto-Sensor
INC-100099,07/05/2026 01:20,Intrusion Attempt,Zone A,Low,Field Officer
INC-100100,02-Jun-2026 10:13,unauthorized-access,Zone B,Low,
INC-100101,2026-05-24 20:57,intrusion detected,Zone E,High,SOC Analyst
INC-100102,2026-07-14 00:07,Intrusion,Zone D,Critical,Field Officer
INC-100103,05/15/2026 10:37,perimeter breach,Zone F,Low,
INC-100104,2026-06-22 22:12,phishing attempt,Zone A,High,
INC-100105,22-Jun-2026 08:46,intrusion detected,Zone A,Low,
INC-100106,23-May-2026 07:19,env. hazard,,,Auto-Sensor
INC-100107,06/23/2026 18:39,Cyber Incident,Zone C,High,
INC-100108,07/07/2026 08:22,Intrusion,Zone I,High,Field Officer
INC-100109,06/05/2026 17:51,env. hazard,Zone G,Low,SOC Analyst
INC-100110,06/17/2026 04:16,PHYSICAL BREACH,,Medium,Field Officer
INC-100111,07/18/2026 17:40,env. hazard,Zone E,Critical,SOC Analyst
INC-100112,2026-07-22 05:04,env. hazard,Zone I,Medium,Auto-Sensor
INC-100113,23-May-2026 18:56,unauthorized-access,Zone F,Critical,SOC Analyst
INC-100114,06/14/2026 02:54,Intrusion,Zone G,3,Field Officer
INC-100115,05/06/2026 04:16,weather alert,,High,Auto-Sensor
INC-100116,01-Jun-2026 10:42,perimeter breach,Zone J,High,Auto-Sensor
INC-100117,04-Jul-2026 04:22,cyber-intrusion,Zone B,Low,Auto-Sensor
INC-100118,28-May-2026 23:33,unauthorized-access,Zone I,Medium,
INC-100119,2026-06-10 01:51,PHYSICAL BREACH,Zone H,Low,Auto-Sensor
INC-100120,13-Jul-2026 05:36,INTRUSION,Zone A,High,Field Officer
INC-100121,2026-05-18 08:44,unclassified,Zone A,High,Field Officer
INC-100122,15-Jun-2026 01:23,env. hazard,Zone F,Critical,Auto-Sensor
INC-100123,04-May-2026 20:35,weather alert,Zone A,High,SOC Analyst
INC-100124,05/20/2026 08:33,unauthorized-access,Zone D,Critical,Field Officer
INC-100125,2026-06-10 23:27,N/A,Zone E,Medium,SOC Analyst
INC-100126,2026-04-30 03:10,cyber-intrusion,,High,Field Officer
INC-100127,26-Jun-2026 18:19,malware detected,Zone J,Critical,Field Officer
INC-100128,25-Jul-2026 13:26,cyber-intrusion,Zone F,Low,Field Officer
INC-100129,06/23/2026 21:49,Intrusion Attempt,,Medium,Hotline
INC-100130,06/05/2026 06:46,Cyber Incident,Zone I,High,SOC Analyst
INC-100131,2026-05-08 19:49,unclassified,Zone E,Low,Auto-Sensor
INC-100132,06/22/2026 20:10,Intrusion Attempt,Zone D,Medium,Field Officer
INC-100133,2026-06-10 11:55,unauthorized-access,Zone B,High,Field Officer
INC-100134,20-Jun-2026 17:28,Intrusion,Zone E,,Hotline
INC-100135,2026-07-05 19:06,Environmental Risk,,Low,Hotline
INC-100136,06/11/2026 20:32,physical breach,Zone H,High,Field Officer
INC-100137,2026-05-13 11:08,perimeter breach,,Low,Auto-Sensor
INC-100138,22-Jun-2026 11:13,Cyber Incident,Zone D,Low,Auto-Sensor
INC-100139,05/28/2026 19:45,INTRUSION,Zone F,Medium,Hotline
INC-100140,2026-05-18 21:32,perimeter breach,Zone I,Medium,Field Officer
INC-100141,11-May-2026 23:26,malware detected,Zone I,Critical,SOC Analyst
INC-100142,2026-07-12 11:51,misc incident,Zone I,Low,SOC Analyst
INC-100143,2026-07-19 23:06,Intrusion Attempt,Zone A,Low,
INC-100144,06/03/2026 22:21,unauthorized-access,Zone G,Medium,
INC-100145,18-Jun-2026 10:44,malware detected,Zone H,Critical,SOC Analyst
INC-100146,2026-06-01 09:39,weather alert,,Medium,Auto-Sensor
INC-100147,06/08/2026 07:56,unclassified,Zone E,Medium,
INC-100148,07/05/2026 08:13,perimeter breach,Zone F,Medium,SOC Analyst
INC-100149,06-Jun-2026 17:08,Intrusion Attempt,Zone A,High,Field Officer
INC-100150,06/01/2026 19:30,INTRUSION,Zone D,Medium,Field Officer
INC-100151,07/06/2026 16:22,PHYSICAL BREACH,Zone J,Low,SOC Analyst
INC-100152,07/27/2026 16:09,perimeter breach,Zone H,Low,Hotline
INC-100153,06/04/2026 21:34,unauthorized-access,,High,Hotline
INC-100154,07/06/2026 03:13,unauthorized-access,,Medium,Hotline
INC-100155,2026-05-21 18:12,unclassified,Zone F,,Hotline
INC-100156,11-Jun-2026 22:47,cyber-intrusion,Zone H,Critical,Auto-Sensor
INC-100157,2026-05-29 14:19,INTRUSION,Zone I,Low,Field Officer
INC-100158,07/05/2026 04:50,INTRUSION,Zone A,4,
INC-100159,2026-06-07 21:12,phishing attempt,Zone H,,Auto-Sensor
INC-100160,26-Jun-2026 21:11,unauthorized-access,Zone D,Low,
INC-100161,05/18/2026 23:01,unauthorized-access,Zone C,Low,SOC Analyst
INC-100162,2026-07-02 21:25,PHYSICAL BREACH,Zone B,Critical,Field Officer
INC-100163,2026-06-28 02:32,cyber-intrusion,,High,Auto-Sensor
INC-100164,07/03/2026 22:44,phishing attempt,Zone G,Low,SOC Analyst
INC-100165,18-Jul-2026 07:04,INTRUSION,Zone J,Critical,
INC-100166,2026-05-22 10:38,intrusion detected,,,
INC-100167,2026-05-20 22:51,perimeter breach,Zone E,Low,Field Officer
INC-100168,02-Jul-2026 10:49,cyber-intrusion,Zone G,3,
INC-100169,18-Jul-2026 23:19,perimeter breach,Zone F,Low,Field Officer
INC-100170,16-May-2026 01:23,phishing attempt,Zone A,High,SOC Analyst
INC-100171,13-Jun-2026 15:26,Other,Zone C,Low,SOC Analyst
INC-100172,27-May-2026 09:41,phishing attempt,Zone I,High,SOC Analyst
INC-100173,17-May-2026 09:49,Intrusion,,High,SOC Analyst
INC-100174,06/11/2026 23:23,Intrusion,Zone F,High,Auto-Sensor
INC-100175,05/04/2026 12:15,unauthorized-access,Zone I,High,Auto-Sensor
INC-100176,07/27/2026 07:51,unauthorized-access,,,
INC-100177,2026-06-12 17:27,ENVIRONMENTAL,Zone G,Medium,
INC-100178,2026-07-05 17:38,Cyber Incident,,Low,Auto-Sensor
INC-100179,07/10/2026 16:32,perimeter breach,Zone J,Medium,SOC Analyst
INC-100180,2026-06-06 14:04,cyber-intrusion,,,SOC Analyst
INC-100181,18-Jul-2026 15:48,intrusion detected,Zone F,3,Auto-Sensor
INC-100182,05/23/2026 21:03,malware detected,Zone C,High,
INC-100183,25-May-2026 13:07,intrusion detected,,Low,
INC-100184,21-Jul-2026 00:16,INTRUSION,Zone C,High,Auto-Sensor
INC-100185,06/06/2026 02:25,Intrusion Attempt,Zone E,Medium,Auto-Sensor
INC-100186,07/22/2026 11:42,Intrusion Attempt,Zone I,Medium,Hotline
INC-100187,18-Jul-2026 11:23,Cyber Incident,Zone H,Low,Hotline
INC-100188,14-Jul-2026 03:00,Intrusion Attempt,Zone D,4,Field Officer
INC-100189,2026-04-30 16:09,Intrusion Attempt,Zone G,High,Field Officer
INC-100190,05/08/2026 07:34,env. hazard,Zone J,High,Field Officer
INC-100191,05/11/2026 04:32,Cyber Incident,,Medium,
INC-100192,2026-07-11 12:44,cyber-intrusion,Zone J,Critical,
INC-100193,05/22/2026 19:59,malware detected,Zone J,Critical,Field Officer
INC-100194,16-Jun-2026 04:49,malware detected,Zone G,3,Hotline
INC-100195,10-Jun-2026 04:27,perimeter breach,,High,Auto-Sensor
INC-100196,2026-07-18 09:37,N/A,Zone A,,Field Officer
INC-100197,2026-06-22 10:04,Cyber Incident,Zone B,Medium,Field Officer
INC-100198,2026-06-15 08:39,Cyber Incident,Zone J,4,
INC-100199,05/28/2026 16:34,Intrusion Attempt,Zone A,Low,
INC-100200,2026-06-07 20:44,Physical Security,Zone J,Medium,Auto-Sensor
INC-100201,18-Jul-2026 23:04,INTRUSION,Zone H,Low,Field Officer
INC-100202,06-Jul-2026 12:01,Cyber Incident,Zone I,3,Field Officer
INC-100203,05/04/2026 22:35,misc incident,Zone A,Low,Hotline
INC-100204,25-May-2026 20:15,ENVIRONMENTAL,Zone J,3,Field Officer
INC-100205,2026-05-04 02:42,INTRUSION,,High,Auto-Sensor
INC-100206,06/04/2026 15:12,Intrusion Attempt,Zone C,Medium,
INC-100207,11-Jul-2026 06:32,phishing attempt,Zone A,Medium,Hotline
INC-100208,04-Jul-2026 02:05,Environmental Risk,Zone H,Low,SOC Analyst
INC-100209,06/07/2026 10:23,Cyber Incident,Zone B,Medium,
INC-100210,2026-06-07 09:17,ENVIRONMENTAL,Zone I,High,Hotline
INC-100211,2026-07-11 02:29,unclassified,Zone A,3,SOC Analyst
INC-100212,07/26/2026 07:20,phishing attempt,Zone G,Low,Auto-Sensor
INC-100213,08-Jul-2026 07:03,N/A,Zone D,Low,Auto-Sensor
INC-100214,05/24/2026 21:40,Intrusion,Zone F,Medium,
INC-100215,04-Jun-2026 01:38,unclassified,Zone C,High,SOC Analyst
INC-100216,09-Jul-2026 11:47,Intrusion Attempt,Zone G,4,SOC Analyst
INC-100217,2026-06-03 19:15,CYBER,Zone B,Low,
INC-100218,2026-05-05 04:44,cyber-intrusion,Zone D,3,Field Officer
INC-100219,2026-07-18 21:56,unauthorized-access,Zone D,,Auto-Sensor
INC-100220,29-May-2026 18:32,cyber-intrusion,,,Field Officer
INC-100221,07/02/2026 14:51,weather alert,,Critical,SOC Analyst
INC-100222,2026-06-23 03:40,Other,Zone G,High,
INC-100223,23-Jul-2026 19:17,N/A,Zone C,Medium,Auto-Sensor
INC-100224,2026-07-05 03:03,Intrusion Attempt,Zone A,3,SOC Analyst
INC-100225,2026-06-21 08:40,env. hazard,,High,SOC Analyst
INC-100226,02-Jun-2026 01:10,ENVIRONMENTAL,Zone H,High,Hotline
INC-100227,2026-05-03 13:14,weather alert,,Low,Field Officer
INC-100228,07/17/2026 22:46,physical breach,Zone G,Critical,Auto-Sensor
INC-100229,2026-07-22 10:44,perimeter breach,Zone D,,Hotline
INC-100230,06/05/2026 00:26,unauthorized-access,Zone F,High,Hotline
INC-100231,06/23/2026 09:59,malware detected,Zone H,High,Hotline
INC-100232,21-Jun-2026 09:45,Cyber Incident,Zone D,Medium,
INC-100233,12-May-2026 10:26,perimeter breach,Zone F,Medium,
INC-100234,2026-07-17 14:10,perimeter breach,Zone G,Medium,Hotline
INC-100235,26-Jun-2026 18:57,intrusion detected,Zone J,Critical,Hotline
INC-100236,08-May-2026 15:22,perimeter breach,Zone I,Medium,Auto-Sensor
INC-100237,2026-06-13 06:40,unauthorized-access,,Critical,Hotline
INC-100238,05/28/2026 15:14,Cyber Incident,Zone B,High,Hotline
INC-100239,2026-06-19 03:37,PHYSICAL BREACH,Zone J,High,Hotline
INC-100240,2026-05-09 17:23,INTRUSION,Zone G,High,Auto-Sensor
INC-100241,20-Jul-2026 15:53,intrusion detected,Zone E,High,Auto-Sensor
INC-100242,2026-06-08 09:23,Cyber Incident,Zone G,High,SOC Analyst
INC-100243,25-Jun-2026 07:40,physical breach,Zone D,High,Auto-Sensor
INC-100244,2026-05-01 11:22,Intrusion,Zone F,Medium,SOC Analyst
INC-100245,02-Jun-2026 06:04,malware detected,Zone H,Low,Auto-Sensor
INC-100246,2026-05-27 14:39,env. hazard,Zone B,Medium,Field Officer
INC-100247,2026-06-12 02:07,perimeter breach,Zone E,,Hotline
INC-100248,2026-06-11 08:46,unauthorized-access,Zone G,Medium,Auto-Sensor
INC-100249,2026-05-24 11:49,weather alert,,Critical,Auto-Sensor
INC-100250,29-Apr-2026 23:12,ENVIRONMENTAL,,Critical,
INC-100251,06/26/2026 05:13,perimeter breach,Zone A,Medium,
INC-100252,05/24/2026 09:48,cyber-intrusion,Zone F,Critical,SOC Analyst
INC-100253,05/20/2026 06:39,Cyber Incident,Zone E,Medium,SOC Analyst
INC-100254,2026-06-28 17:46,intrusion detected,Zone F,Medium,SOC Analyst
INC-100255,10-Jul-2026 14:49,N/A,Zone B,Medium,Hotline
INC-100256,07/20/2026 19:49,ENVIRONMENTAL,Zone I,3,Field Officer
INC-100257,05/25/2026 15:40,malware detected,Zone C,Low,Auto-Sensor
INC-100258,06/03/2026 11:47,PHYSICAL BREACH,,High,Auto-Sensor
INC-100259,06/29/2026 14:59,intrusion detected,Zone G,Medium,SOC Analyst
INC-100260,02-May-2026 22:47,env. hazard,,High,Hotline
INC-100261,07/09/2026 14:26,PHYSICAL BREACH,Zone I,Medium,SOC Analyst
INC-100262,05/12/2026 07:18,perimeter breach,Zone C,4,Auto-Sensor
INC-100263,05/11/2026 00:57,ENVIRONMENTAL,Zone J,Medium,Field Officer
INC-100264,08-Jun-2026 02:46,physical breach,Zone E,4,Field Officer
INC-100265,2026-06-16 15:59,CYBER,,Low,Field Officer
INC-100266,28-Jun-2026 00:59,perimeter breach,Zone C,Low,Hotline
INC-100267,26-Jun-2026 07:27,intrusion detected,Zone I,Critical,Auto-Sensor
INC-100268,2026-06-29 11:51,Physical Security,Zone I,,Hotline
INC-100269,2026-07-09 11:04,CYBER,Zone C,Medium,SOC Analyst
INC-100270,24-Jun-2026 05:26,weather alert,,High,Auto-Sensor
INC-100271,2026-05-27 21:23,physical breach,Zone B,Critical,Field Officer
INC-100272,06/16/2026 01:59,PHYSICAL BREACH,Zone I,High,Auto-Sensor
INC-100273,2026-07-03 20:06,INTRUSION,Zone J,Critical,Auto-Sensor
INC-100274,2026-07-22 23:04,unauthorized-access,Zone D,Critical,SOC Analyst
INC-100275,07/21/2026 08:35,perimeter breach,,3,Hotline
INC-100276,2026-05-23 08:53,intrusion detected,Zone B,3,
INC-100277,06/24/2026 15:59,Intrusion,Zone B,High,Hotline
INC-100278,2026-06-14 01:52,CYBER,Zone I,Medium,SOC Analyst
INC-100279,15-May-2026 20:57,physical breach,Zone H,Low,Field Officer
INC-100280,25-Jul-2026 05:39,intrusion detected,Zone C,Medium,Field Officer
INC-100281,2026-05-27 08:21,Environmental Risk,Zone C,Critical,SOC Analyst
INC-100282,05/18/2026 12:28,Intrusion,Zone G,Medium,
INC-100283,2026-07-15 10:49,perimeter breach,Zone B,Medium,
INC-100284,07/26/2026 15:14,weather alert,,High,Hotline
INC-100285,07/13/2026 00:27,unauthorized-access,Zone H,Critical,Auto-Sensor
INC-100286,07/04/2026 19:15,intrusion detected,Zone E,High,Field Officer
INC-100287,24-Jul-2026 15:56,misc incident,Zone A,Medium,Hotline
INC-100288,05/13/2026 08:04,env. hazard,Zone D,Low,Auto-Sensor
INC-100289,2026-05-27 10:19,cyber-intrusion,Zone D,3,Auto-Sensor
INC-100290,05/06/2026 20:03,malware detected,Zone C,3,Hotline
INC-100291,2026-07-06 14:30,unauthorized-access,Zone H,Medium,Auto-Sensor
INC-100292,2026-06-21 01:46,PHYSICAL BREACH,Zone D,Medium,Auto-Sensor
INC-100293,05/28/2026 17:22,malware detected,Zone I,Critical,SOC Analyst
INC-100294,07/09/2026 12:29,CYBER,Zone J,3,
INC-100295,2026-07-11 06:40,phishing attempt,Zone H,Medium,Hotline
INC-100296,18-Jun-2026 06:35,physical breach,Zone A,High,Field Officer
INC-100297,07/05/2026 20:46,intrusion detected,Zone B,Low,
INC-100298,07/09/2026 04:59,PHYSICAL BREACH,Zone C,High,
INC-100299,29-May-2026 07:39,phishing attempt,Zone J,Critical,Auto-Sensor
INC-100300,2026-05-31 17:23,unauthorized-access,,High,Hotline
INC-100301,05/23/2026 08:26,Cyber Incident,Zone E,Medium,Auto-Sensor
INC-100302,06/16/2026 08:25,perimeter breach,Zone A,Medium,Auto-Sensor
INC-100303,2026-05-17 17:00,unclassified,Zone D,Medium,Field Officer
INC-100304,07-Jun-2026 01:53,N/A,Zone C,Medium,Hotline
INC-100305,01-Jun-2026 17:10,Cyber Incident,Zone E,High,Hotline
INC-100306,09-May-2026 00:41,Cyber Incident,Zone I,Medium,Hotline
INC-100307,2026-06-08 13:50,Intrusion Attempt,Zone J,,Auto-Sensor
INC-100308,2026-07-20 05:31,physical breach,Zone H,Low,Hotline
INC-100309,2026-07-13 23:11,phishing attempt,Zone F,Medium,
INC-100310,2026-04-29 17:04,Intrusion Attempt,Zone B,High,Auto-Sensor
INC-100311,06/12/2026 15:28,ENVIRONMENTAL,Zone C,High,Field Officer
INC-100312,2026-05-10 10:03,Intrusion,Zone D,Medium,
INC-100313,2026-05-21 01:46,Intrusion,Zone H,Medium,Field Officer
INC-100314,24-May-2026 05:44,Cyber Incident,Zone I,,Field Officer
INC-100315,07/14/2026 19:25,Physical Security,Zone F,4,Auto-Sensor
INC-100316,30-May-2026 01:42,Cyber Incident,Zone H,Medium,Auto-Sensor
INC-100317,2026-07-22 20:24,Cyber Incident,,Low,
INC-100318,2026-06-18 09:40,N/A,,3,
INC-100319,2026-05-19 04:01,PHYSICAL BREACH,Zone D,Low,
INC-100320,21-May-2026 07:11,INTRUSION,Zone F,Low,SOC Analyst
INC-100321,18-Jul-2026 08:41,PHYSICAL BREACH,Zone E,Medium,Hotline
INC-100322,2026-05-17 20:55,phishing attempt,Zone E,3,Hotline
INC-100323,22-Jul-2026 20:20,INTRUSION,Zone A,Medium,Hotline
INC-100324,2026-06-30 13:42,Other,Zone E,Medium,Hotline
INC-100325,2026-05-02 05:20,misc incident,Zone J,,Field Officer
INC-100326,05/17/2026 00:52,Environmental Risk,Zone B,4,SOC Analyst
INC-100327,07/13/2026 04:08,CYBER,Zone C,Medium,Hotline
INC-100328,06/18/2026 09:03,physical breach,Zone C,3,Field Officer
INC-100329,07/17/2026 19:21,malware detected,Zone A,Medium,Auto-Sensor
INC-100330,21-Jun-2026 23:08,Cyber Incident,,Medium,Auto-Sensor
INC-100331,10-Jul-2026 01:06,weather alert,Zone D,,
INC-100332,21-Jun-2026 17:05,Intrusion Attempt,Zone G,Medium,Auto-Sensor
INC-100333,06-May-2026 12:26,cyber-intrusion,Zone J,4,SOC Analyst
INC-100334,06/03/2026 05:33,Environmental Risk,,Critical,Hotline
INC-100335,05/28/2026 03:27,ENVIRONMENTAL,Zone C,Critical,
INC-100336,2026-05-17 11:47,perimeter breach,Zone I,High,Hotline
INC-100337,05/28/2026 01:31,malware detected,,,SOC Analyst
INC-100338,05/21/2026 23:00,misc incident,Zone G,Low,
INC-100339,11-Jul-2026 01:25,cyber-intrusion,Zone G,Low,Field Officer
INC-100340,2026-07-21 19:49,unclassified,Zone D,Critical,Auto-Sensor
INC-100341,07/16/2026 07:21,perimeter breach,Zone F,Medium,SOC Analyst
INC-100342,06/12/2026 07:22,env. hazard,Zone F,High,Hotline
INC-100343,05/24/2026 16:21,ENVIRONMENTAL,Zone I,Medium,Field Officer
INC-100344,2026-07-27 13:28,Intrusion Attempt,Zone G,High,Hotline
INC-100345,2026-05-06 06:57,malware detected,Zone E,Critical,Hotline
INC-100346,04-May-2026 15:20,Intrusion Attempt,Zone G,Critical,Field Officer
INC-100347,07/20/2026 16:38,cyber-intrusion,Zone F,High,Field Officer
INC-100348,28-May-2026 21:59,weather alert,,Low,SOC Analyst
INC-100349,2026-07-07 07:27,ENVIRONMENTAL,Zone J,3,Field Officer
INC-100350,24-May-2026 00:39,Cyber Incident,,Medium,
INC-100351,07/12/2026 00:14,Physical Security,Zone B,3,Hotline
INC-100352,26-May-2026 21:39,Environmental Risk,Zone H,Medium,Field Officer
INC-100353,07-Jul-2026 06:53,PHYSICAL BREACH,Zone C,Low,SOC Analyst
INC-100354,07/26/2026 18:52,Cyber Incident,Zone F,Low,SOC Analyst
INC-100355,2026-07-05 06:44,INTRUSION,Zone B,4,
INC-100356,07/13/2026 20:44,Physical Security,Zone F,Low,Auto-Sensor
INC-100357,06/12/2026 06:13,unauthorized-access,Zone J,High,SOC Analyst
INC-100358,07/14/2026 16:48,unclassified,,High,SOC Analyst
INC-100359,2026-07-18 18:26,env. hazard,Zone B,,Field Officer
INC-100360,07/18/2026 14:45,ENVIRONMENTAL,Zone D,3,Hotline
INC-100361,2026-04-30 20:14,intrusion detected,,Low,
INC-100362,2026-06-23 07:43,CYBER,Zone J,Medium,Auto-Sensor
INC-100363,2026-05-18 09:51,unauthorized-access,Zone G,High,Auto-Sensor
INC-100364,06/05/2026 22:27,malware detected,Zone G,High,Field Officer
INC-100365,2026-06-24 17:20,Intrusion,Zone E,High,Hotline
INC-100366,05/12/2026 19:35,misc incident,Zone E,4,Auto-Sensor
INC-100367,06/21/2026 10:32,env. hazard,Zone D,Low,Hotline
INC-100368,19-Jul-2026 14:48,INTRUSION,Zone B,High,Hotline
INC-100369,2026-05-22 02:45,Intrusion,,Medium,
INC-100370,24-Jun-2026 12:45,INTRUSION,Zone E,Critical,Hotline
INC-100371,05/02/2026 23:50,N/A,Zone F,Medium,Auto-Sensor
INC-100372,05/10/2026 04:58,Environmental Risk,Zone A,Critical,Auto-Sensor
INC-100373,28-Jun-2026 13:01,Intrusion Attempt,Zone B,Medium,Hotline
INC-100374,06/29/2026 20:17,physical breach,Zone B,High,SOC Analyst
INC-100375,05/06/2026 04:10,env. hazard,Zone J,Critical,Hotline
INC-100376,30-Apr-2026 14:20,cyber-intrusion,Zone B,Medium,Field Officer
INC-100377,06/08/2026 16:06,Intrusion Attempt,,Medium,Hotline
INC-100378,2026-07-13 09:14,Cyber Incident,Zone G,4,SOC Analyst
INC-100379,05/02/2026 07:54,Other,Zone B,3,Hotline
INC-100380,12-May-2026 15:26,Cyber Incident,,Low,Hotline
INC-100381,11-Jun-2026 04:01,ENVIRONMENTAL,,Critical,SOC Analyst
INC-100382,2026-07-04 16:08,cyber-intrusion,Zone I,Medium,SOC Analyst
INC-100383,06/13/2026 17:58,cyber-intrusion,,Low,SOC Analyst
INC-100384,2026-06-15 20:28,ENVIRONMENTAL,Zone G,High,Auto-Sensor
INC-100385,06/15/2026 06:44,physical breach,Zone A,High,Field Officer
INC-100386,06/15/2026 05:52,intrusion detected,Zone C,3,Field Officer
INC-100387,2026-07-02 12:44,perimeter breach,,3,Field Officer
INC-100388,2026-06-28 12:16,Physical Security,Zone B,High,Auto-Sensor
INC-100389,11-Jun-2026 04:20,Intrusion Attempt,Zone A,High,Auto-Sensor
INC-100390,27-Jul-2026 06:10,perimeter breach,Zone F,4,Auto-Sensor
INC-100391,02-Jul-2026 12:44,physical breach,Zone G,,Auto-Sensor
INC-100392,12-Jul-2026 21:22,ENVIRONMENTAL,Zone G,Critical,Field Officer
INC-100393,2026-05-10 01:59,env. hazard,Zone A,High,Auto-Sensor
INC-100394,2026-04-29 18:56,misc incident,Zone E,,
INC-100395,2026-07-05 06:29,perimeter breach,Zone B,High,SOC Analyst
INC-100396,2026-06-01 18:35,perimeter breach,,Medium,Auto-Sensor
INC-100397,22-Jul-2026 12:55,Intrusion,Zone B,Critical,Hotline
INC-100398,17-Jul-2026 20:36,CYBER,Zone E,3,Field Officer
INC-100399,2026-07-19 01:09,weather alert,Zone D,Medium,SOC Analyst
INC-100400,2026-07-19 13:40,INTRUSION,Zone B,Medium,SOC Analyst
INC-100401,07/07/2026 08:01,malware detected,Zone J,Medium,SOC Analyst
INC-100402,19-Jun-2026 21:00,weather alert,Zone C,Critical,Field Officer
INC-100403,08-Jun-2026 07:10,cyber-intrusion,Zone B,Medium,
INC-100404,03-Jun-2026 01:23,N/A,Zone G,Medium,
INC-100405,06/16/2026 10:41,phishing attempt,,Medium,Auto-Sensor
INC-100406,2026-05-15 01:34,Other,Zone A,Critical,Auto-Sensor
INC-100407,2026-07-09 02:24,cyber-intrusion,Zone B,Critical,Hotline
INC-100408,05/10/2026 17:34,Other,,High,Hotline
INC-100409,06/29/2026 10:16,Other,Zone I,Medium,
INC-100410,05/05/2026 23:26,cyber-intrusion,Zone B,Medium,Auto-Sensor
INC-100411,2026-07-06 10:03,Physical Security,Zone H,Low,
INC-100412,11-Jun-2026 08:37,phishing attempt,Zone I,,SOC Analyst
INC-100413,01-May-2026 00:39,weather alert,Zone E,Low,Hotline
INC-100414,03-May-2026 02:32,malware detected,Zone D,Low,SOC Analyst
INC-100415,06/16/2026 18:05,env. hazard,Zone H,Low,
INC-100416,05/04/2026 11:13,env. hazard,Zone G,Medium,Hotline
INC-100417,24-Jul-2026 02:40,physical breach,Zone F,4,Auto-Sensor
INC-100418,07-May-2026 07:17,Intrusion Attempt,Zone I,Medium,SOC Analyst
INC-100419,2026-06-06 13:38,INTRUSION,,Critical,SOC Analyst
INC-100420,10-Jun-2026 05:05,PHYSICAL BREACH,Zone C,4,Field Officer
INC-100421,13-Jun-2026 13:39,Cyber Incident,Zone A,Low,Auto-Sensor
INC-100422,07/11/2026 11:43,intrusion detected,,High,
INC-100423,06/05/2026 08:08,env. hazard,Zone H,,SOC Analyst
INC-100424,07/09/2026 22:31,weather alert,Zone G,Medium,Field Officer
INC-100425,2026-06-26 20:09,malware detected,Zone I,Critical,SOC Analyst
INC-100426,2026-05-26 08:16,ENVIRONMENTAL,,High,SOC Analyst
INC-100427,14-Jul-2026 18:39,Other,Zone G,Medium,SOC Analyst
INC-100428,2026-07-04 09:44,INTRUSION,,Low,Field Officer
INC-100429,2026-05-15 21:45,unauthorized-access,Zone H,Critical,
INC-100430,13-May-2026 10:34,intrusion detected,,Critical,
INC-100431,05-May-2026 04:42,perimeter breach,Zone F,Low,Auto-Sensor
INC-100432,14-Jul-2026 00:07,Environmental Risk,,High,Auto-Sensor
INC-100433,05-Jul-2026 10:11,perimeter breach,Zone J,Medium,
INC-100434,2026-05-16 18:23,N/A,Zone D,High,Field Officer
INC-100435,2026-06-03 06:27,Physical Security,Zone E,Critical,SOC Analyst
INC-100436,07/26/2026 16:59,Intrusion Attempt,Zone C,High,
INC-100437,07/22/2026 19:28,Intrusion Attempt,Zone H,3,
INC-100438,07/04/2026 21:08,Intrusion,,Critical,Auto-Sensor
INC-100439,2026-07-14 02:23,perimeter breach,Zone F,4,
INC-100440,2026-06-19 08:37,perimeter breach,Zone F,High,Hotline
INC-100441,2026-05-18 08:16,unauthorized-access,Zone E,Low,Field Officer
INC-100442,2026-05-03 18:17,physical breach,Zone H,Low,
INC-100443,04-Jun-2026 20:33,Cyber Incident,,Low,Hotline
INC-100444,2026-07-06 19:38,CYBER,Zone B,High,Auto-Sensor
INC-100445,2026-06-30 14:47,env. hazard,,High,
INC-100446,23-Jul-2026 16:33,perimeter breach,,3,Auto-Sensor
INC-100447,2026-07-10 07:22,phishing attempt,Zone H,3,Hotline
INC-100448,05-Jul-2026 03:09,malware detected,Zone A,4,
INC-100449,11-Jun-2026 11:16,intrusion detected,Zone D,High,Auto-Sensor
INC-100450,08-Jun-2026 04:20,Physical Security,Zone J,High,Hotline
INC-100451,02-Jul-2026 06:15,INTRUSION,,High,
INC-100452,04-May-2026 22:31,malware detected,Zone F,Medium,Auto-Sensor
INC-100453,06/12/2026 16:13,perimeter breach,Zone A,Medium,SOC Analyst
INC-100454,05-May-2026 06:20,ENVIRONMENTAL,Zone H,High,SOC Analyst
INC-100455,23-Jun-2026 04:15,perimeter breach,Zone C,Medium,
INC-100456,05/24/2026 00:10,weather alert,Zone H,Critical,Field Officer
INC-100457,06/21/2026 23:54,intrusion detected,Zone H,Medium,Hotline
INC-100458,2026-06-12 17:05,Cyber Incident,Zone J,Medium,Auto-Sensor
INC-100459,2026-07-27 06:37,ENVIRONMENTAL,Zone A,Critical,SOC Analyst
INC-100460,05/28/2026 22:18,unclassified,Zone A,3,Auto-Sensor
INC-100461,16-Jul-2026 00:37,Physical Security,Zone I,High,Auto-Sensor
INC-100462,30-Apr-2026 16:55,Intrusion,Zone A,Medium,Auto-Sensor
INC-100463,2026-07-13 02:12,INTRUSION,Zone J,High,Field Officer
INC-100464,07/19/2026 21:55,N/A,,Medium,Auto-Sensor
INC-100465,05/11/2026 01:57,INTRUSION,Zone B,Critical,Auto-Sensor
INC-100466,2026-06-02 04:11,Intrusion,,High,SOC Analyst
INC-100467,24-Jun-2026 06:18,unauthorized-access,Zone F,Critical,Hotline
INC-100468,07/06/2026 23:13,Intrusion,Zone H,Medium,Auto-Sensor
INC-100469,14-Jun-2026 13:27,malware detected,Zone G,Medium,
INC-100470,03-May-2026 19:05,weather alert,Zone G,3,
INC-100471,06/12/2026 21:06,Intrusion Attempt,Zone C,Medium,Auto-Sensor
INC-100472,22-Jun-2026 09:30,intrusion detected,Zone A,High,Hotline
INC-100473,05/28/2026 11:27,N/A,Zone I,Critical,
INC-100474,2026-07-02 22:21,physical breach,,High,Hotline
INC-100475,23-Jul-2026 11:11,intrusion detected,Zone I,High,Field Officer
INC-100476,06/01/2026 22:43,misc incident,Zone E,Medium,
INC-100477,20-May-2026 19:31,Physical Security,Zone G,Low,SOC Analyst
INC-100478,2026-06-18 03:49,ENVIRONMENTAL,Zone F,High,Field Officer
INC-100479,25-Jun-2026 14:01,INTRUSION,Zone F,4,Auto-Sensor
INC-100480,25-May-2026 11:08,INTRUSION,Zone C,Medium,Auto-Sensor
INC-100481,06/07/2026 16:26,malware detected,Zone H,Medium,SOC Analyst
INC-100482,19-Jun-2026 23:07,env. hazard,Zone F,Critical,SOC Analyst
INC-100483,28-May-2026 17:22,malware detected,,Low,Auto-Sensor
INC-100484,10-Jul-2026 00:26,perimeter breach,Zone B,High,
INC-100485,07/14/2026 10:35,unauthorized-access,Zone E,Low,Auto-Sensor
INC-100486,06/22/2026 23:28,Intrusion,,,SOC Analyst
INC-100487,07/11/2026 12:15,Intrusion,Zone G,3,Field Officer
INC-100488,16-May-2026 23:57,perimeter breach,Zone H,Low,Field Officer
INC-100489,2026-06-14 22:04,unauthorized-access,,Medium,Auto-Sensor
INC-100490,29-May-2026 16:21,intrusion detected,Zone H,High,Hotline
INC-100491,07/01/2026 21:43,Cyber Incident,Zone B,Low,Hotline
INC-100492,05/21/2026 05:45,unauthorized-access,Zone G,Medium,Hotline
INC-100493,06/06/2026 01:50,Cyber Incident,Zone H,Critical,Auto-Sensor
INC-100494,05/06/2026 15:35,Environmental Risk,Zone I,,Hotline
INC-100495,27-Jun-2026 23:53,Cyber Incident,Zone B,Low,
INC-100496,07/05/2026 11:59,unauthorized-access,Zone J,Critical,
INC-100497,22-Jul-2026 13:22,PHYSICAL BREACH,Zone J,3,Field Officer
INC-100498,2026-05-18 10:02,INTRUSION,Zone C,Medium,SOC Analyst
INC-100499,2026-05-13 06:49,unclassified,Zone E,Low,SOC Analyst
INC-100500,31-May-2026 22:58,cyber-intrusion,Zone D,Medium,Field Officer
INC-100501,21-May-2026 04:41,Intrusion,Zone E,Medium,Field Officer
INC-100502,05/13/2026 05:36,malware detected,Zone D,Medium,Auto-Sensor
INC-100503,09-Jun-2026 20:54,cyber-intrusion,Zone E,High,Hotline
INC-100504,19-Jul-2026 11:56,malware detected,Zone I,Medium,
INC-100505,28-May-2026 02:52,Physical Security,Zone D,High,
INC-100506,02-Jul-2026 02:17,malware detected,Zone D,3,SOC Analyst
INC-100507,2026-06-11 20:03,intrusion detected,Zone E,Critical,Hotline
INC-100508,06-May-2026 02:14,cyber-intrusion,Zone E,Medium,Field Officer
INC-100509,11-Jul-2026 03:55,Other,Zone F,Low,SOC Analyst
INC-100510,06/21/2026 14:09,Intrusion Attempt,Zone G,Medium,Hotline
INC-100511,2026-06-04 08:16,intrusion detected,Zone B,High,SOC Analyst
INC-100512,05/06/2026 10:39,malware detected,,Medium,SOC Analyst
INC-100513,17-Jul-2026 00:23,cyber-intrusion,Zone H,Medium,Auto-Sensor
INC-100514,2026-06-17 15:23,cyber-intrusion,Zone B,Medium,Auto-Sensor
INC-100515,2026-06-24 03:58,Other,Zone I,High,SOC Analyst
INC-100516,2026-07-12 10:14,Environmental Risk,Zone I,High,Field Officer
INC-100517,23-Jun-2026 18:34,CYBER,Zone B,,
INC-100518,2026-06-21 20:02,physical breach,Zone J,Medium,Auto-Sensor
INC-100519,06/22/2026 20:03,Intrusion,Zone E,Medium,SOC Analyst
INC-100520,19-Jul-2026 05:50,perimeter breach,Zone E,Critical,Field Officer
INC-100521,06/18/2026 22:03,intrusion detected,Zone I,Medium,SOC Analyst
INC-100522,2026-07-17 14:28,Intrusion,Zone G,High,Hotline
INC-100523,02-May-2026 19:16,perimeter breach,Zone J,Medium,SOC Analyst
INC-100524,2026-04-29 04:15,ENVIRONMENTAL,Zone A,3,Hotline
INC-100525,2026-06-30 23:13,N/A,Zone A,Low,Hotline
INC-100526,06/21/2026 10:43,ENVIRONMENTAL,,High,Auto-Sensor
INC-100527,03-May-2026 01:25,perimeter breach,Zone B,Medium,Hotline
INC-100528,2026-06-03 08:24,unauthorized-access,Zone J,High,SOC Analyst
INC-100529,2026-06-07 00:42,Physical Security,Zone H,Low,Field Officer
INC-100530,2026-07-13 02:18,Environmental Risk,Zone C,High,SOC Analyst
INC-100531,26-Jul-2026 06:49,N/A,Zone D,High,Field Officer
INC-100532,05/17/2026 14:44,PHYSICAL BREACH,Zone C,Low,
INC-100533,2026-06-01 16:46,phishing attempt,Zone B,Low,
INC-100534,06/16/2026 22:26,malware detected,Zone E,3,Auto-Sensor
INC-100535,2026-04-29 22:00,malware detected,Zone B,High,Field Officer
INC-100536,08-Jun-2026 01:55,phishing attempt,Zone B,Critical,
INC-100537,15-Jun-2026 07:41,env. hazard,Zone D,,SOC Analyst
INC-100538,07/22/2026 11:45,physical breach,Zone E,3,Hotline
INC-100539,06/15/2026 23:04,Cyber Incident,Zone C,Low,
INC-100540,14-May-2026 20:30,Intrusion Attempt,Zone F,Low,SOC Analyst
INC-100541,2026-06-15 16:05,weather alert,Zone D,High,Hotline
INC-100542,06/21/2026 07:55,misc incident,Zone A,Medium,
INC-100543,2026-05-28 05:35,physical breach,Zone D,Critical,Field Officer
INC-100544,2026-05-22 16:39,PHYSICAL BREACH,Zone A,High,SOC Analyst
INC-100545,2026-06-24 05:26,unclassified,Zone D,Critical,
INC-100546,06/04/2026 21:24,Intrusion Attempt,,Medium,
INC-100547,06/29/2026 23:57,Cyber Incident,Zone J,High,SOC Analyst
INC-100548,2026-07-06 05:16,PHYSICAL BREACH,,High,Auto-Sensor
INC-100549,03-Jul-2026 18:10,physical breach,,4,SOC Analyst
INC-100550,06/21/2026 10:09,Cyber Incident,Zone F,High,Field Officer
INC-100551,2026-06-06 20:42,Intrusion,,Low,Field Officer
INC-100552,02-Jul-2026 10:53,Environmental Risk,Zone B,Medium,Hotline
INC-100553,08-Jul-2026 00:20,env. hazard,,Medium,SOC Analyst
INC-100554,07/08/2026 18:33,CYBER,,High,Field Officer
INC-100555,2026-06-17 23:50,PHYSICAL BREACH,Zone D,High,Auto-Sensor
INC-100556,07/26/2026 22:42,Physical Security,,Medium,Field Officer
INC-100557,2026-05-19 02:33,perimeter breach,Zone H,High,Hotline
INC-100558,2026-05-07 23:55,misc incident,Zone J,Medium,
INC-100559,2026-06-11 05:37,Physical Security,Zone H,Low,
INC-100560,07/09/2026 11:05,Other,Zone G,Medium,SOC Analyst
INC-100561,2026-07-25 06:21,cyber-intrusion,,Critical,Hotline
INC-100562,2026-05-29 19:48,Intrusion,Zone H,4,Hotline
INC-100563,26-May-2026 06:01,Intrusion Attempt,Zone C,Low,SOC Analyst
INC-100564,2026-07-01 02:12,perimeter breach,Zone I,Critical,
INC-100565,06/07/2026 03:43,PHYSICAL BREACH,,Low,Auto-Sensor
INC-100566,2026-05-01 14:57,INTRUSION,,Medium,Field Officer
INC-100567,2026-05-08 04:37,CYBER,Zone F,High,Auto-Sensor
INC-100568,07/15/2026 06:33,weather alert,Zone G,4,SOC Analyst
INC-100569,05/02/2026 01:13,unclassified,Zone D,High,SOC Analyst
INC-100570,06/12/2026 17:16,unauthorized-access,Zone A,Medium,Field Officer
INC-100571,04/30/2026 01:05,Cyber Incident,Zone F,3,SOC Analyst
INC-100572,15-May-2026 08:27,phishing attempt,Zone H,Medium,Auto-Sensor
INC-100573,28-Jun-2026 05:14,Intrusion,Zone B,Medium,Auto-Sensor
INC-100574,11-Jun-2026 17:59,PHYSICAL BREACH,,Medium,Hotline
INC-100575,2026-05-20 03:53,unauthorized-access,Zone B,Medium,
INC-100576,05/03/2026 23:31,weather alert,Zone C,Medium,
INC-100577,2026-07-05 21:49,Intrusion,,Low,Auto-Sensor
INC-100578,2026-06-03 10:43,CYBER,Zone A,Medium,Auto-Sensor
INC-100579,09-May-2026 23:16,intrusion detected,Zone F,Low,Auto-Sensor
INC-100580,2026-05-03 15:06,weather alert,Zone H,Medium,Auto-Sensor
INC-100581,04-Jun-2026 07:18,Environmental Risk,Zone H,3,Field Officer
INC-100582,05/12/2026 15:15,unauthorized-access,Zone C,Medium,
INC-100583,20-Jul-2026 04:48,ENVIRONMENTAL,,Medium,
INC-100584,05/26/2026 18:04,cyber-intrusion,Zone A,,Auto-Sensor
INC-100585,17-Jul-2026 08:09,Environmental Risk,Zone I,High,SOC Analyst
INC-100586,2026-05-12 10:22,ENVIRONMENTAL,Zone I,Medium,Auto-Sensor
INC-100587,2026-06-17 00:33,Intrusion Attempt,Zone J,Low,Auto-Sensor
INC-100588,06/18/2026 05:11,unclassified,Zone F,High,
INC-100589,2026-07-06 21:40,CYBER,Zone D,Low,
INC-100590,03-May-2026 04:11,CYBER,Zone J,Medium,
INC-100591,07/23/2026 01:37,ENVIRONMENTAL,Zone E,Low,SOC Analyst
INC-100592,24-Jul-2026 15:32,PHYSICAL BREACH,Zone D,Low,Hotline
INC-100593,2026-06-10 06:15,env. hazard,Zone G,3,
INC-100594,2026-07-06 09:17,malware detected,Zone F,Critical,Field Officer
INC-100595,2026-07-12 19:12,Other,,High,SOC Analyst
INC-100596,2026-05-28 07:56,PHYSICAL BREACH,Zone F,3,Hotline
INC-100597,07/20/2026 05:20,Physical Security,Zone D,Medium,SOC Analyst
INC-100598,04-Jun-2026 17:43,env. hazard,Zone I,Medium,Auto-Sensor
INC-100599,21-May-2026 00:32,PHYSICAL BREACH,Zone I,Medium,Field Officer
INC-100600,2026-06-02 19:37,unauthorized-access,Zone E,High,Auto-Sensor
INC-100601,23-Jul-2026 23:19,perimeter breach,Zone J,3,Field Officer
INC-100602,06/01/2026 02:22,INTRUSION,,High,Auto-Sensor
INC-100603,2026-05-18 04:05,Physical Security,,Critical,Field Officer
INC-100604,06/05/2026 07:16,physical breach,Zone B,3,Field Officer
INC-100605,07-May-2026 03:44,perimeter breach,Zone F,Low,Hotline
INC-100606,2026-06-10 18:16,phishing attempt,Zone H,Medium,SOC Analyst
INC-100607,2026-05-14 02:44,Environmental Risk,Zone C,Medium,SOC Analyst
INC-100608,2026-05-11 15:35,Other,Zone J,4,Field Officer
INC-100609,2026-06-21 19:45,misc incident,Zone G,Medium,Field Officer
INC-100610,05/07/2026 19:56,env. hazard,Zone D,High,SOC Analyst
INC-100611,06/29/2026 14:54,ENVIRONMENTAL,Zone A,Medium,Hotline
INC-100612,11-May-2026 02:13,unclassified,Zone I,High,Auto-Sensor
INC-100613,06/24/2026 15:43,phishing attempt,,Medium,
INC-100614,2026-06-21 21:58,weather alert,,,
INC-100615,27-Jul-2026 15:30,physical breach,Zone F,High,
INC-100616,21-Jul-2026 00:26,physical breach,Zone J,3,
INC-100617,2026-06-01 03:31,phishing attempt,Zone F,High,SOC Analyst
INC-100618,2026-05-22 12:38,Intrusion Attempt,,Medium,Hotline
INC-100619,16-Jun-2026 16:42,Intrusion Attempt,Zone F,,
INC-100620,16-Jun-2026 00:10,malware detected,,Medium,
INC-100621,2026-05-10 07:48,Intrusion Attempt,Zone I,High,SOC Analyst
INC-100622,06/17/2026 12:15,ENVIRONMENTAL,Zone A,4,Field Officer
INC-100623,07/17/2026 00:55,env. hazard,Zone I,4,Auto-Sensor
INC-100624,05/30/2026 10:59,CYBER,Zone I,High,Auto-Sensor
INC-100625,06/24/2026 14:30,env. hazard,Zone H,3,Auto-Sensor
INC-100626,13-Jun-2026 20:02,unauthorized-access,Zone A,4,Hotline
INC-100627,2026-07-22 16:16,malware detected,Zone E,Critical,Auto-Sensor
INC-100628,27-Jul-2026 08:16,N/A,Zone B,High,SOC Analyst
INC-100629,06/01/2026 03:10,perimeter breach,,Critical,
INC-100630,2026-05-10 00:52,misc incident,Zone G,High,Auto-Sensor
INC-100631,05/30/2026 00:49,Cyber Incident,Zone C,Critical,Auto-Sensor
INC-100632,2026-05-12 05:55,cyber-intrusion,Zone J,Medium,
INC-100633,26-May-2026 18:08,phishing attempt,Zone H,High,SOC Analyst
INC-100634,22-Jul-2026 12:54,cyber-intrusion,Zone D,Medium,
INC-100635,07/26/2026 20:05,Physical Security,Zone H,Low,Field Officer
INC-100636,2026-06-20 20:53,physical breach,,,Field Officer
INC-100637,20-Jul-2026 16:24,env. hazard,Zone D,,SOC Analyst
INC-100638,07/01/2026 02:18,unauthorized-access,Zone C,Low,Auto-Sensor
INC-100639,2026-07-22 18:07,N/A,,Medium,Auto-Sensor
INC-100640,15-Jun-2026 23:57,env. hazard,Zone D,4,Auto-Sensor
INC-100641,2026-07-05 08:15,CYBER,Zone D,Low,Field Officer
INC-100642,2026-05-26 16:34,Intrusion,Zone A,4,Field Officer
INC-100643,05/10/2026 01:19,INTRUSION,Zone J,High,Field Officer
INC-100644,07/13/2026 07:58,env. hazard,Zone D,Medium,Hotline
INC-100645,2026-06-12 02:16,CYBER,Zone B,Medium,Auto-Sensor
INC-100646,2026-05-09 06:35,perimeter breach,Zone F,High,SOC Analyst
INC-100647,12-Jul-2026 13:13,ENVIRONMENTAL,Zone G,Low,Auto-Sensor
INC-100648,2026-06-16 18:40,INTRUSION,Zone A,High,Auto-Sensor
INC-100649,07/22/2026 03:52,Cyber Incident,Zone H,High,
INC-100650,07/13/2026 22:21,malware detected,Zone I,Low,
INC-100651,21-May-2026 00:03,misc incident,Zone A,Low,Hotline
INC-100652,07/15/2026 02:09,PHYSICAL BREACH,Zone C,Low,Field Officer
INC-100653,2026-06-26 10:47,INTRUSION,Zone D,High,Auto-Sensor
INC-100654,18-May-2026 14:24,Environmental Risk,Zone E,Medium,Field Officer
INC-100655,2026-07-07 21:50,env. hazard,Zone D,High,SOC Analyst
INC-100656,18-May-2026 23:15,malware detected,Zone D,,Field Officer
INC-100657,15-May-2026 01:33,CYBER,Zone A,Medium,
INC-100658,06/21/2026 06:33,phishing attempt,Zone D,Low,SOC Analyst
INC-100659,07/10/2026 13:50,phishing attempt,Zone G,,Hotline
INC-100660,12-Jul-2026 13:33,weather alert,Zone J,High,SOC Analyst
INC-100661,15-May-2026 04:41,ENVIRONMENTAL,Zone A,Low,SOC Analyst
INC-100662,24-May-2026 15:25,Intrusion Attempt,Zone H,Medium,SOC Analyst
INC-100663,27-Jul-2026 07:21,Intrusion Attempt,Zone B,Medium,Auto-Sensor
INC-100664,04-Jul-2026 03:46,INTRUSION,Zone D,High,Auto-Sensor
INC-100665,05/25/2026 00:40,misc incident,Zone A,4,SOC Analyst
INC-100666,28-Jun-2026 04:52,Cyber Incident,Zone H,Medium,SOC Analyst
INC-100667,2026-06-07 23:37,physical breach,Zone G,Medium,Field Officer
INC-100668,2026-06-15 07:30,malware detected,Zone E,Critical,SOC Analyst
INC-100669,11-Jul-2026 18:38,Physical Security,,Critical,SOC Analyst
INC-100670,2026-07-05 10:42,Environmental Risk,Zone H,,Auto-Sensor
INC-100671,17-Jul-2026 07:06,phishing attempt,Zone F,High,SOC Analyst
INC-100672,2026-06-10 23:17,INTRUSION,Zone D,Medium,Hotline
INC-100673,05/24/2026 19:25,env. hazard,Zone A,Low,Field Officer
INC-100674,07-Jun-2026 01:38,perimeter breach,,Medium,SOC Analyst
INC-100675,2026-06-25 22:39,intrusion detected,,Low,Field Officer
INC-100676,01-May-2026 07:48,physical breach,Zone F,Medium,Auto-Sensor
INC-100677,2026-05-29 12:29,Cyber Incident,Zone G,Medium,
INC-100678,21-Jul-2026 22:21,intrusion detected,Zone B,4,Field Officer
INC-100679,2026-06-05 03:50,cyber-intrusion,Zone I,Medium,Auto-Sensor
INC-100680,23-May-2026 10:06,unauthorized-access,,High,Field Officer
INC-100681,31-May-2026 14:41,unauthorized-access,Zone H,High,Field Officer
INC-100682,03-Jun-2026 04:25,env. hazard,Zone G,Medium,Auto-Sensor
INC-100683,07-Jul-2026 05:54,Intrusion,Zone I,High,SOC Analyst
INC-100684,06/02/2026 06:12,Cyber Incident,Zone H,Medium,Field Officer
INC-100685,2026-07-02 17:57,Intrusion,Zone F,Medium,Hotline
INC-100686,30-Apr-2026 07:57,CYBER,,4,Auto-Sensor
INC-100687,11-Jul-2026 02:20,Environmental Risk,Zone E,4,SOC Analyst
INC-100688,07/14/2026 05:49,malware detected,,High,SOC Analyst
INC-100689,2026-07-26 07:03,intrusion detected,Zone E,Medium,Field Officer
INC-100690,17-Jul-2026 01:10,Cyber Incident,Zone E,Critical,Hotline
INC-100691,06/10/2026 17:52,ENVIRONMENTAL,Zone F,Medium,Auto-Sensor
INC-100692,2026-05-24 07:11,PHYSICAL BREACH,Zone C,High,Auto-Sensor
INC-100693,2026-05-09 11:52,malware detected,Zone G,Medium,Auto-Sensor
INC-100694,10-May-2026 03:37,Intrusion,Zone B,Critical,Hotline
INC-100695,06/06/2026 04:40,Physical Security,Zone A,Medium,Auto-Sensor
INC-100696,05/15/2026 11:21,Environmental Risk,Zone C,Medium,Auto-Sensor
INC-100697,05/29/2026 22:47,weather alert,,High,Auto-Sensor
INC-100698,25-Jul-2026 19:57,Cyber Incident,Zone I,Medium,Hotline
INC-100699,05/12/2026 06:36,intrusion detected,Zone D,,Field Officer
INC-100700,23-Jun-2026 03:24,cyber-intrusion,,Low,SOC Analyst
INC-100701,2026-06-25 22:01,CYBER,Zone F,Medium,Hotline
INC-100702,2026-06-30 15:43,INTRUSION,Zone C,Medium,Field Officer
INC-100703,05/13/2026 07:11,malware detected,Zone G,High,
INC-100704,2026-06-10 12:31,ENVIRONMENTAL,Zone H,Low,
INC-100705,2026-06-09 20:01,malware detected,Zone E,Low,Field Officer
INC-100706,06/27/2026 20:11,cyber-intrusion,Zone I,Medium,Hotline
INC-100707,2026-06-21 20:19,intrusion detected,,High,SOC Analyst
INC-100708,2026-05-20 01:31,intrusion detected,Zone J,High,Field Officer
INC-100709,06/10/2026 13:34,ENVIRONMENTAL,,Medium,Field Officer
INC-100710,06-May-2026 12:51,phishing attempt,Zone F,3,
INC-100711,03-May-2026 06:03,weather alert,Zone A,Low,SOC Analyst
INC-100712,10-Jul-2026 00:31,Intrusion,Zone G,High,Field Officer
INC-100713,04/30/2026 10:52,Intrusion Attempt,Zone H,Medium,Auto-Sensor
INC-100714,25-Jul-2026 09:33,physical breach,Zone D,Medium,Auto-Sensor
INC-100715,13-May-2026 16:20,malware detected,,3,SOC Analyst
INC-100716,25-Jul-2026 14:36,intrusion detected,,Medium,
INC-100717,08-May-2026 19:39,Cyber Incident,Zone F,Medium,Field Officer
INC-100718,03-May-2026 07:38,Cyber Incident,,Low,Auto-Sensor
INC-100719,06/02/2026 00:21,Intrusion Attempt,,Medium,
INC-100720,2026-07-09 17:33,Intrusion Attempt,,Critical,Hotline
INC-100721,2026-06-26 11:11,Intrusion Attempt,Zone E,Critical,
INC-100722,05/11/2026 02:29,Intrusion,Zone J,High,
INC-100723,07/23/2026 22:43,INTRUSION,Zone J,4,Field Officer
INC-100724,2026-05-05 08:35,physical breach,Zone C,Low,Field Officer
INC-100725,29-May-2026 10:14,CYBER,Zone I,Low,
INC-100726,2026-07-11 13:59,unauthorized-access,Zone G,Medium,
INC-100727,2026-05-31 10:19,Environmental Risk,Zone I,High,Field Officer
INC-100728,05/19/2026 07:08,perimeter breach,Zone D,High,SOC Analyst
INC-100729,2026-06-11 09:43,intrusion detected,,Medium,Hotline
INC-100730,20-Jun-2026 20:03,INTRUSION,,Medium,SOC Analyst
INC-100731,2026-05-08 13:13,env. hazard,,3,Field Officer
INC-100732,11-Jul-2026 14:13,N/A,Zone D,3,Auto-Sensor
INC-100733,2026-06-17 17:12,unauthorized-access,,Critical,SOC Analyst
INC-100734,02-Jun-2026 13:16,env. hazard,Zone H,Medium,Field Officer
INC-100735,05/11/2026 02:28,unclassified,Zone J,High,Field Officer
INC-100736,14-Jun-2026 13:02,unauthorized-access,Zone B,Low,Hotline
INC-100737,07/12/2026 09:00,INTRUSION,Zone I,3,Field Officer
INC-100738,06/16/2026 05:48,intrusion detected,Zone F,Medium,SOC Analyst
INC-100739,06/08/2026 07:41,perimeter breach,Zone B,High,SOC Analyst
INC-100740,16-May-2026 21:01,phishing attempt,,Medium,Hotline
INC-100741,25-May-2026 07:26,cyber-intrusion,Zone E,Low,Field Officer
INC-100742,06/22/2026 16:50,env. hazard,Zone C,Medium,Auto-Sensor
INC-100743,2026-05-11 16:18,malware detected,Zone E,High,SOC Analyst
INC-100744,07/25/2026 17:08,physical breach,Zone A,Low,Field Officer
INC-100745,2026-06-01 11:17,weather alert,Zone A,Critical,Hotline
INC-100746,2026-05-03 10:52,Intrusion,Zone D,Low,Auto-Sensor
INC-100747,19-Jul-2026 12:01,Intrusion Attempt,,High,Field Officer
INC-100748,2026-06-15 07:14,env. hazard,Zone B,Medium,Auto-Sensor
INC-100749,2026-07-05 03:17,N/A,Zone F,High,Field Officer
INC-100750,2026-07-25 12:05,unauthorized-access,Zone G,Critical,Hotline
INC-100751,05/03/2026 18:32,PHYSICAL BREACH,Zone F,High,Field Officer
INC-100752,03-Jul-2026 16:41,phishing attempt,,High,Hotline
INC-100753,2026-05-23 13:08,INTRUSION,Zone I,High,SOC Analyst
INC-100754,2026-05-23 16:37,Physical Security,Zone F,Medium,Auto-Sensor
INC-100755,07/20/2026 10:00,Physical Security,Zone F,3,SOC Analyst
INC-100756,30-May-2026 11:39,INTRUSION,Zone D,High,Auto-Sensor
INC-100757,2026-05-24 11:02,cyber-intrusion,,High,
INC-100758,21-Jun-2026 17:13,weather alert,Zone D,High,Auto-Sensor
INC-100759,2026-05-22 03:12,unauthorized-access,,Medium,Auto-Sensor
INC-100760,2026-05-17 16:05,INTRUSION,Zone F,Medium,Field Officer
INC-100761,2026-06-30 08:13,cyber-intrusion,Zone B,3,Field Officer
INC-100762,06/27/2026 07:02,Physical Security,Zone A,Low,
INC-100763,07/13/2026 04:20,Cyber Incident,Zone I,Medium,
INC-100764,07/05/2026 11:10,ENVIRONMENTAL,Zone A,Medium,
INC-100765,06/10/2026 01:35,Intrusion Attempt,Zone D,Critical,Hotline
INC-100766,06/27/2026 05:23,PHYSICAL BREACH,Zone E,Medium,SOC Analyst
INC-100767,2026-07-23 16:00,N/A,Zone C,Medium,SOC Analyst
INC-100768,2026-07-22 06:34,weather alert,,Medium,Hotline
INC-100769,2026-04-30 14:37,env. hazard,Zone F,Low,
INC-100770,06/19/2026 17:24,Other,,Low,Hotline
INC-100771,2026-06-12 05:14,Physical Security,Zone C,Medium,Auto-Sensor
INC-100772,2026-05-31 00:56,Environmental Risk,Zone A,4,Auto-Sensor
INC-100773,06/12/2026 01:12,unclassified,Zone G,Medium,Field Officer
INC-100774,2026-07-05 21:48,intrusion detected,Zone D,Low,Hotline
INC-100775,13-Jul-2026 20:29,Cyber Incident,Zone F,Medium,Field Officer
INC-100776,2026-07-27 12:00,Physical Security,Zone C,Medium,Field Officer
INC-100777,2026-07-04 10:09,N/A,Zone J,Low,Auto-Sensor
INC-100778,07/08/2026 09:54,Cyber Incident,,Medium,Auto-Sensor
INC-100779,2026-07-10 09:18,PHYSICAL BREACH,Zone C,Medium,
INC-100780,06/03/2026 16:25,cyber-intrusion,Zone C,Medium,Hotline
INC-100781,28-Jun-2026 04:10,Cyber Incident,Zone J,High,SOC Analyst
INC-100782,04-May-2026 04:48,cyber-intrusion,Zone F,High,Auto-Sensor
INC-100783,07/15/2026 15:42,Physical Security,Zone E,3,Hotline
INC-100784,21-Jul-2026 16:23,Intrusion,,Medium,
INC-100785,04-Jun-2026 13:53,unauthorized-access,,Low,Auto-Sensor
INC-100786,2026-06-21 12:51,perimeter breach,,Medium,Hotline
INC-100787,2026-07-11 21:06,PHYSICAL BREACH,Zone I,High,Hotline
INC-100788,08-Jul-2026 15:09,env. hazard,,Low,Field Officer
INC-100789,27-May-2026 04:52,env. hazard,,High,Auto-Sensor
INC-100790,06/10/2026 02:06,CYBER,Zone D,Medium,
INC-100791,31-May-2026 12:05,intrusion detected,Zone A,,SOC Analyst
INC-100792,2026-05-14 21:49,weather alert,Zone A,Low,
INC-100793,27-May-2026 08:10,INTRUSION,,Critical,
INC-100794,05/06/2026 06:17,weather alert,Zone D,Low,Field Officer
INC-100795,2026-05-11 14:24,env. hazard,Zone B,Medium,Field Officer
INC-100796,07/08/2026 21:58,cyber-intrusion,Zone D,High,Field Officer
INC-100797,2026-07-12 04:49,env. hazard,,Low,Auto-Sensor
INC-100798,2026-07-18 06:56,env. hazard,Zone A,Medium,
INC-100799,07/09/2026 14:46,N/A,Zone J,Critical,SOC Analyst
INC-100800,05/11/2026 06:39,unauthorized-access,Zone A,High,Auto-Sensor
INC-100801,06/29/2026 06:33,cyber-intrusion,Zone E,Low,SOC Analyst
INC-100802,15-May-2026 08:10,Intrusion,Zone C,Medium,Hotline
INC-100803,04-Jun-2026 21:16,unclassified,Zone D,High,SOC Analyst
INC-100804,06/14/2026 05:52,INTRUSION,Zone A,Low,Auto-Sensor
INC-100805,10-May-2026 02:38,Intrusion,,Medium,
INC-100806,04/30/2026 16:23,Intrusion Attempt,Zone G,High,Field Officer
INC-100807,05/26/2026 01:17,INTRUSION,Zone B,Medium,SOC Analyst
INC-100808,2026-05-18 22:10,PHYSICAL BREACH,,High,Auto-Sensor
INC-100809,06/19/2026 05:13,Cyber Incident,Zone G,Medium,Field Officer
INC-100810,16-Jun-2026 01:41,phishing attempt,,Medium,Auto-Sensor
INC-100811,2026-05-24 18:08,perimeter breach,Zone H,Medium,SOC Analyst
INC-100812,28-May-2026 07:14,perimeter breach,Zone J,Low,SOC Analyst
INC-100813,2026-05-15 07:57,INTRUSION,Zone I,Medium,Field Officer
INC-100814,07/26/2026 04:48,malware detected,Zone C,High,Auto-Sensor
INC-100815,2026-06-08 09:50,unauthorized-access,Zone D,Low,Field Officer
INC-100816,27-May-2026 20:47,perimeter breach,Zone J,Medium,Auto-Sensor
INC-100817,2026-07-23 22:12,unauthorized-access,Zone B,Low,Field Officer
INC-100818,03-May-2026 23:01,malware detected,Zone H,Medium,SOC Analyst
INC-100819,2026-07-17 17:42,Physical Security,,Medium,SOC Analyst
INC-100820,06/15/2026 08:24,misc incident,Zone D,High,Field Officer
INC-100821,2026-05-04 12:33,Cyber Incident,Zone A,Low,
INC-100822,05/01/2026 06:30,Physical Security,,Medium,Field Officer
INC-100823,27-May-2026 18:41,env. hazard,Zone J,High,Auto-Sensor
INC-100824,2026-05-31 09:47,unauthorized-access,,Critical,Auto-Sensor
INC-100825,14-May-2026 08:18,Physical Security,,High,Field Officer
INC-100826,06-Jul-2026 22:52,Other,Zone D,Low,Hotline
INC-100827,08-May-2026 18:41,perimeter breach,,High,Field Officer
INC-100828,2026-07-19 08:30,CYBER,Zone E,High,Hotline
INC-100829,2026-07-13 02:55,Physical Security,,Medium,
INC-100830,2026-05-03 23:58,perimeter breach,,High,
INC-100831,02-Jul-2026 08:53,malware detected,,Medium,Auto-Sensor
INC-100832,05/27/2026 15:42,CYBER,Zone G,Critical,Field Officer
INC-100833,12-Jul-2026 22:34,Other,Zone J,Low,
INC-100834,2026-07-08 00:42,Physical Security,,Medium,Hotline
INC-100835,04-Jul-2026 01:14,phishing attempt,Zone B,Medium,
INC-100836,05/23/2026 11:27,Physical Security,Zone F,,SOC Analyst
INC-100837,17-Jul-2026 12:18,cyber-intrusion,Zone F,3,Auto-Sensor
INC-100838,2026-05-23 19:47,Intrusion Attempt,,,SOC Analyst
INC-100839,05/20/2026 10:37,Intrusion,Zone E,Critical,Hotline
INC-100840,02-May-2026 20:58,INTRUSION,Zone J,Low,Field Officer
INC-100841,05/19/2026 18:14,ENVIRONMENTAL,Zone A,High,
INC-100842,05/08/2026 20:06,weather alert,Zone D,Medium,Auto-Sensor
INC-100843,24-Jun-2026 07:34,ENVIRONMENTAL,Zone E,Low,Auto-Sensor
INC-100844,07/01/2026 17:59,unauthorized-access,Zone A,Low,Auto-Sensor
INC-100845,2026-05-21 23:16,INTRUSION,Zone I,Medium,SOC Analyst
INC-100846,05/04/2026 02:34,physical breach,,3,Field Officer
INC-100847,04-Jun-2026 02:07,unauthorized-access,Zone J,High,Field Officer
INC-100848,2026-07-18 17:39,ENVIRONMENTAL,Zone B,Medium,
INC-100849,2026-05-02 16:31,CYBER,Zone B,High,SOC Analyst
INC-100850,2026-06-28 04:55,physical breach,,Medium,Auto-Sensor
INC-100851,2026-07-01 22:22,Physical Security,Zone D,Critical,SOC Analyst
INC-100852,2026-05-13 10:43,Other,,Medium,Auto-Sensor
INC-100853,06/07/2026 15:34,unauthorized-access,,Critical,Auto-Sensor
INC-100854,11-May-2026 02:52,Intrusion Attempt,Zone D,Low,SOC Analyst
INC-100855,07/20/2026 01:49,Intrusion Attempt,Zone F,High,Auto-Sensor
INC-100856,2026-07-21 08:16,Intrusion Attempt,Zone J,Medium,SOC Analyst
INC-100857,06/26/2026 04:25,CYBER,Zone I,Low,Hotline
INC-100858,2026-07-08 01:50,Intrusion Attempt,Zone E,Medium,Auto-Sensor
INC-100859,2026-06-26 09:59,perimeter breach,Zone G,Low,Auto-Sensor
INC-100860,06/12/2026 02:17,physical breach,,Low,Auto-Sensor
INC-100861,17-Jun-2026 03:12,unauthorized-access,Zone E,Low,SOC Analyst
INC-100862,14-May-2026 19:56,INTRUSION,,Medium,Field Officer
INC-100863,2026-07-12 11:18,CYBER,,4,Auto-Sensor
INC-100864,06/06/2026 21:26,cyber-intrusion,Zone B,Medium,Field Officer
INC-100865,05-May-2026 09:38,phishing attempt,Zone E,Medium,Hotline
INC-100866,2026-06-22 04:47,physical breach,,Medium,SOC Analyst
INC-100867,23-Jun-2026 13:55,env. hazard,Zone C,Medium,Field Officer
INC-100868,07/26/2026 17:09,CYBER,Zone C,4,SOC Analyst
INC-100869,2026-05-13 23:47,weather alert,Zone J,High,
INC-100870,05/13/2026 14:39,PHYSICAL BREACH,Zone C,Medium,Hotline
INC-100871,06/26/2026 12:43,Cyber Incident,Zone A,Critical,Auto-Sensor
INC-100872,05/14/2026 23:10,physical breach,Zone D,,
INC-100873,2026-04-30 12:53,Environmental Risk,Zone C,Medium,Hotline
INC-100874,05/17/2026 15:16,Other,Zone F,Critical,Hotline
INC-100875,2026-06-19 23:22,unclassified,,,
INC-100876,21-May-2026 20:14,malware detected,,Medium,
INC-100877,07/12/2026 09:46,ENVIRONMENTAL,Zone G,Low,Hotline
INC-100878,05/16/2026 01:45,env. hazard,Zone E,3,Field Officer
INC-100879,05/06/2026 18:10,ENVIRONMENTAL,Zone J,Critical,Auto-Sensor
INC-100880,26-May-2026 05:44,Intrusion Attempt,,High,Hotline
INC-100881,2026-07-22 00:17,Other,,High,Field Officer
INC-100882,2026-04-29 13:26,malware detected,Zone D,Low,
INC-100883,07/03/2026 11:36,Cyber Incident,Zone E,Medium,
INC-100884,2026-06-24 21:21,cyber-intrusion,,Low,Auto-Sensor
INC-100885,07/07/2026 05:16,Intrusion,Zone B,Medium,Hotline
INC-100886,2026-06-10 22:18,intrusion detected,Zone E,Medium,Hotline
INC-100887,2026-05-25 04:01,INTRUSION,,Medium,Hotline
INC-100888,13-Jul-2026 17:56,PHYSICAL BREACH,Zone B,Medium,
INC-100889,2026-07-19 16:27,Physical Security,Zone E,Critical,
INC-100890,05/27/2026 16:41,Intrusion Attempt,Zone I,Low,
INC-100891,2026-06-27 06:19,malware detected,Zone C,High,Auto-Sensor
INC-100892,05/20/2026 22:07,INTRUSION,Zone B,High,SOC Analyst
INC-100893,2026-07-18 21:01,PHYSICAL BREACH,Zone C,Low,
INC-100894,07/09/2026 01:58,N/A,Zone J,Low,Hotline
INC-100895,04-Jun-2026 17:31,Environmental Risk,Zone C,Medium,SOC Analyst
INC-100896,18-Jun-2026 18:39,CYBER,,,SOC Analyst
INC-100897,2026-07-13 22:34,perimeter breach,Zone F,High,SOC Analyst
INC-100898,2026-04-30 18:11,N/A,Zone D,Medium,
INC-100899,16-May-2026 20:32,Other,Zone E,Low,Field Officer
INC-100900,23-Jun-2026 20:26,weather alert,Zone D,Medium,
INC-100901,06/20/2026 16:55,Intrusion Attempt,Zone J,Low,SOC Analyst
INC-100902,07/27/2026 05:44,phishing attempt,Zone F,Medium,Auto-Sensor
INC-100903,2026-05-22 08:45,Cyber Incident,Zone D,,Hotline
INC-100904,11-Jul-2026 01:40,Intrusion Attempt,Zone D,,Field Officer
INC-100905,07/25/2026 12:11,CYBER,Zone E,Critical,Auto-Sensor
INC-100906,21-Jul-2026 15:21,Cyber Incident,Zone I,High,SOC Analyst
INC-100907,2026-06-16 05:44,Intrusion,,High,SOC Analyst
INC-100908,22-May-2026 10:18,N/A,Zone B,Medium,Auto-Sensor
INC-100909,06/05/2026 12:32,Other,Zone D,High,Auto-Sensor
INC-100910,2026-06-10 07:01,Intrusion,Zone G,High,Field Officer
INC-100911,26-Jun-2026 22:34,phishing attempt,Zone D,Critical,SOC Analyst
INC-100912,21-Jun-2026 14:13,Physical Security,Zone B,4,Field Officer
INC-100913,12-Jul-2026 14:58,perimeter breach,,High,
INC-100914,07/24/2026 21:29,Intrusion Attempt,Zone B,Medium,SOC Analyst
INC-100915,15-Jun-2026 02:39,Cyber Incident,Zone A,Low,
INC-100916,07/27/2026 08:57,weather alert,Zone A,High,SOC Analyst
INC-100917,2026-05-10 11:30,N/A,Zone G,High,
INC-100918,2026-05-03 23:29,Intrusion Attempt,Zone H,3,Auto-Sensor
INC-100919,2026-05-24 08:42,Intrusion Attempt,Zone E,Medium,Auto-Sensor
INC-100920,09-May-2026 23:58,physical breach,Zone F,High,Field Officer
INC-100921,2026-07-25 22:36,weather alert,Zone B,Low,Hotline
INC-100922,2026-07-13 20:34,Intrusion,,High,Hotline
INC-100923,06/11/2026 22:04,unclassified,,Low,
INC-100924,07/24/2026 16:56,Cyber Incident,Zone H,3,Auto-Sensor
INC-100925,2026-07-21 14:10,ENVIRONMENTAL,,Medium,SOC Analyst
INC-100926,2026-06-18 06:51,malware detected,Zone E,Critical,Auto-Sensor
INC-100927,22-Jul-2026 17:38,CYBER,Zone J,,Auto-Sensor
INC-100928,14-May-2026 04:00,env. hazard,Zone C,Medium,Auto-Sensor
INC-100929,06/14/2026 14:06,PHYSICAL BREACH,Zone J,High,SOC Analyst
INC-100930,16-Jul-2026 10:12,env. hazard,Zone E,Low,
INC-100931,2026-07-17 04:24,Intrusion Attempt,,Low,Auto-Sensor
INC-100932,06/02/2026 07:17,intrusion detected,Zone I,Low,Hotline
INC-100933,2026-04-30 10:10,PHYSICAL BREACH,Zone F,3,Field Officer
INC-100934,05/14/2026 19:41,Environmental Risk,Zone J,High,SOC Analyst
INC-100935,07/10/2026 01:22,ENVIRONMENTAL,Zone F,Critical,Hotline
INC-100936,2026-07-26 01:41,Intrusion Attempt,Zone F,High,Auto-Sensor
INC-100937,07/12/2026 00:03,cyber-intrusion,Zone I,Medium,SOC Analyst
INC-100938,2026-05-11 15:27,env. hazard,Zone A,Medium,Hotline
INC-100939,28-May-2026 07:03,unclassified,Zone A,Medium,
INC-100940,21-Jun-2026 19:26,PHYSICAL BREACH,Zone I,Low,SOC Analyst
INC-100941,29-Apr-2026 10:55,Physical Security,Zone A,Low,Field Officer
INC-100942,15-Jun-2026 11:28,intrusion detected,Zone A,Medium,
INC-100943,22-May-2026 00:20,misc incident,,Medium,Hotline
INC-100944,05/08/2026 17:44,malware detected,Zone C,Medium,Hotline
INC-100945,06/05/2026 23:16,env. hazard,Zone E,3,Hotline
INC-100946,09-May-2026 14:34,physical breach,,Low,Auto-Sensor
INC-100947,18-May-2026 08:37,weather alert,Zone H,Critical,Hotline
INC-100948,28-May-2026 08:45,cyber-intrusion,Zone A,Critical,Auto-Sensor
INC-100949,2026-05-10 14:01,Other,Zone J,Low,Field Officer
INC-100950,20-Jun-2026 23:46,cyber-intrusion,,Medium,Hotline
INC-100951,29-Apr-2026 10:02,Intrusion,Zone C,3,Field Officer
INC-100952,11-May-2026 15:47,Intrusion,Zone C,,Hotline
INC-100953,23-Jul-2026 07:26,ENVIRONMENTAL,Zone C,Medium,Auto-Sensor
INC-100954,06/20/2026 17:11,N/A,Zone E,Low,Field Officer
INC-100955,2026-05-27 01:04,Other,Zone F,Medium,
INC-100956,23-Jun-2026 23:38,Environmental Risk,Zone H,Critical,Field Officer
INC-100957,05-May-2026 21:05,physical breach,Zone H,Critical,
INC-100958,2026-07-10 14:17,misc incident,Zone H,High,Auto-Sensor
INC-100959,13-Jul-2026 09:14,cyber-intrusion,Zone D,Low,Hotline
INC-100960,01-May-2026 17:23,phishing attempt,Zone C,4,Field Officer
INC-100961,05/08/2026 01:13,Environmental Risk,,Critical,Auto-Sensor
INC-100962,06/02/2026 15:40,intrusion detected,Zone J,Critical,Hotline
INC-100963,2026-05-05 04:31,cyber-intrusion,Zone G,Medium,SOC Analyst
INC-100964,05-Jun-2026 22:16,unauthorized-access,,High,
INC-100965,05/25/2026 00:16,Intrusion,Zone B,Medium,Auto-Sensor
INC-100966,2026-05-26 20:11,malware detected,,High,
INC-100967,23-Jul-2026 08:49,CYBER,Zone D,Critical,Hotline
INC-100968,08-Jun-2026 20:57,PHYSICAL BREACH,Zone C,4,Hotline
INC-100969,2026-07-19 22:26,Physical Security,Zone C,High,
INC-100970,07/10/2026 23:01,malware detected,Zone I,3,SOC Analyst
INC-100971,14-Jul-2026 06:20,malware detected,Zone J,Critical,Field Officer
INC-100972,2026-07-10 12:24,Intrusion Attempt,Zone A,Low,
INC-100973,07-Jun-2026 00:22,unclassified,Zone D,3,SOC Analyst
INC-100974,2026-06-16 12:36,perimeter breach,Zone J,Low,Auto-Sensor
INC-100975,2026-06-10 04:19,unauthorized-access,Zone G,High,Field Officer
INC-100976,16-Jul-2026 12:22,ENVIRONMENTAL,,High,Field Officer
INC-100977,2026-05-22 16:34,physical breach,Zone I,Medium,Auto-Sensor
INC-100978,2026-06-07 12:44,cyber-intrusion,Zone E,Low,
INC-100979,2026-05-23 10:58,Cyber Incident,Zone B,Critical,Field Officer
INC-100980,01-Jun-2026 03:58,Intrusion,Zone G,3,
INC-100981,05/20/2026 07:08,INTRUSION,Zone G,High,SOC Analyst
INC-100982,01-Jun-2026 19:07,malware detected,Zone A,Medium,Hotline
INC-100983,2026-05-20 10:30,Intrusion Attempt,Zone B,3,
INC-100984,03-May-2026 02:07,Intrusion Attempt,Zone E,,
INC-100985,07/22/2026 18:28,Cyber Incident,Zone D,Medium,
INC-100986,02-May-2026 04:39,cyber-intrusion,Zone G,3,Hotline
INC-100987,12-May-2026 14:48,N/A,,Low,SOC Analyst
INC-100988,23-Jul-2026 02:32,Environmental Risk,Zone B,Medium,SOC Analyst
INC-100989,02-May-2026 10:40,Intrusion Attempt,Zone F,Medium,Hotline
INC-100990,2026-05-16 16:57,Cyber Incident,Zone G,Medium,Auto-Sensor
INC-100991,05-Jun-2026 17:47,Environmental Risk,Zone D,3,Field Officer
INC-100992,06/10/2026 03:45,Intrusion Attempt,,Critical,Auto-Sensor
INC-100993,2026-06-03 16:47,misc incident,Zone E,Low,Hotline
INC-100994,06/09/2026 15:35,cyber-intrusion,Zone A,Medium,Hotline
INC-100995,07/16/2026 16:18,misc incident,Zone D,4,SOC Analyst
INC-100996,2026-05-28 03:21,unclassified,,High,Auto-Sensor
INC-100997,2026-05-18 07:30,physical breach,,Medium,Auto-Sensor
INC-100998,16-May-2026 00:32,unauthorized-access,Zone G,Medium,SOC Analyst
INC-100999,26-Jun-2026 23:34,physical breach,Zone H,3,Field Officer
INC-101000,06/12/2026 14:41,weather alert,Zone I,Medium,
INC-101001,06/11/2026 21:04,malware detected,Zone D,Low,
INC-101002,07/14/2026 03:54,ENVIRONMENTAL,Zone A,Low,SOC Analyst
INC-101003,2026-05-28 04:20,Intrusion Attempt,Zone G,Low,Auto-Sensor
INC-101004,2026-06-28 03:55,physical breach,Zone I,High,
INC-101005,2026-06-22 22:28,unauthorized-access,Zone D,4,SOC Analyst
INC-101006,17-May-2026 19:44,CYBER,Zone I,3,Field Officer
INC-101007,2026-05-20 00:48,CYBER,Zone G,Low,Auto-Sensor
INC-101008,07-Jul-2026 13:11,weather alert,Zone B,Low,Field Officer
INC-101009,24-May-2026 20:09,Intrusion Attempt,Zone G,High,Auto-Sensor
INC-101010,08-May-2026 07:03,phishing attempt,Zone B,Critical,Hotline
INC-101011,05/25/2026 08:27,perimeter breach,Zone J,Medium,Auto-Sensor
INC-101012,2026-05-26 03:16,Intrusion Attempt,Zone D,Medium,
INC-101013,05/09/2026 16:13,Physical Security,Zone E,Medium,Field Officer
INC-101014,06/27/2026 16:48,unauthorized-access,Zone C,High,
INC-101015,06/05/2026 20:49,Intrusion Attempt,Zone F,Medium,Auto-Sensor
INC-101016,23-Jun-2026 20:18,env. hazard,,,Field Officer
INC-101017,2026-05-09 13:09,unauthorized-access,Zone C,High,
INC-101018,2026-07-09 03:58,env. hazard,Zone H,Low,SOC Analyst
INC-101019,2026-06-20 11:11,Physical Security,Zone G,Medium,
INC-101020,2026-05-13 14:23,physical breach,Zone H,Critical,
INC-101021,07/19/2026 11:14,Intrusion Attempt,,Critical,Auto-Sensor
INC-101022,2026-05-10 08:45,Cyber Incident,Zone G,Medium,SOC Analyst
INC-101023,29-Apr-2026 01:44,intrusion detected,,Medium,Auto-Sensor
INC-101024,18-May-2026 12:50,perimeter breach,Zone F,Medium,Auto-Sensor
INC-101025,09-May-2026 15:17,unclassified,Zone F,4,Auto-Sensor
INC-101026,05/23/2026 00:59,unauthorized-access,Zone F,Medium,Hotline
INC-101027,2026-06-07 23:56,perimeter breach,Zone D,Critical,SOC Analyst
INC-101028,2026-05-15 03:00,intrusion detected,,Medium,Auto-Sensor
INC-101029,05/12/2026 16:39,physical breach,Zone F,High,
INC-101030,2026-05-29 12:18,phishing attempt,Zone F,3,Field Officer
INC-101031,07/24/2026 03:43,perimeter breach,Zone H,Medium,SOC Analyst
INC-101032,28-Jun-2026 18:25,Environmental Risk,Zone I,High,SOC Analyst
INC-101033,07/10/2026 13:29,CYBER,Zone C,Critical,Auto-Sensor
INC-101034,13-Jul-2026 01:13,N/A,Zone J,High,Auto-Sensor
INC-101035,2026-06-08 21:24,physical breach,Zone C,3,Hotline
INC-101036,2026-06-30 12:14,perimeter breach,,,Field Officer
INC-101037,28-Jun-2026 19:57,CYBER,Zone A,Low,Field Officer
INC-101038,16-May-2026 03:49,Intrusion Attempt,Zone I,Low,Field Officer
INC-101039,2026-07-05 06:57,CYBER,Zone B,High,Hotline
INC-101040,2026-05-15 20:51,physical breach,,3,Auto-Sensor
INC-101041,19-Jul-2026 01:31,malware detected,Zone J,Low,Hotline
INC-101042,2026-07-20 03:07,intrusion detected,Zone A,Medium,Hotline
INC-101043,2026-06-23 14:51,physical breach,Zone B,4,
INC-101044,2026-06-23 23:36,cyber-intrusion,Zone H,High,
INC-101045,2026-05-15 14:55,cyber-intrusion,Zone C,Critical,Auto-Sensor
INC-101046,2026-07-05 04:21,unauthorized-access,Zone F,Medium,Field Officer
INC-101047,10-May-2026 00:53,PHYSICAL BREACH,Zone F,Medium,
INC-101048,23-Jun-2026 00:28,Intrusion,,Low,Field Officer
INC-101049,2026-07-02 10:01,unauthorized-access,Zone H,High,
INC-101050,07/02/2026 15:31,physical breach,,High,Field Officer
INC-101051,06-Jul-2026 08:30,intrusion detected,Zone J,Low,Auto-Sensor
INC-101052,2026-04-30 15:34,env. hazard,Zone I,Medium,Hotline
INC-101053,2026-06-14 10:29,INTRUSION,Zone E,Low,Auto-Sensor
INC-101054,07-Jun-2026 04:51,Cyber Incident,Zone G,Low,Field Officer
INC-101055,06-Jul-2026 10:47,phishing attempt,Zone D,3,Auto-Sensor
INC-101056,2026-07-19 14:58,cyber-intrusion,Zone H,High,Auto-Sensor
INC-101057,06/10/2026 09:46,Environmental Risk,Zone B,Medium,SOC Analyst
INC-101058,24-Jul-2026 23:11,CYBER,Zone B,High,SOC Analyst
INC-101059,06/22/2026 06:45,misc incident,Zone H,Low,Auto-Sensor
INC-101060,18-Jun-2026 08:37,Other,Zone G,High,Field Officer
INC-101061,07/04/2026 00:00,intrusion detected,,Low,SOC Analyst
INC-101062,2026-07-06 18:55,unauthorized-access,Zone B,3,Field Officer
INC-101063,10-Jun-2026 01:18,Cyber Incident,,Low,
INC-101064,2026-06-28 18:48,Intrusion,Zone F,Low,
INC-101065,10-May-2026 05:06,malware detected,Zone A,Medium,Auto-Sensor
INC-101066,04-Jul-2026 18:09,PHYSICAL BREACH,,High,SOC Analyst
INC-101067,06/16/2026 16:36,Intrusion Attempt,Zone H,High,Hotline
INC-101068,2026-07-17 21:46,PHYSICAL BREACH,Zone C,Medium,Auto-Sensor
INC-101069,05/07/2026 19:11,INTRUSION,Zone H,Critical,Field Officer
INC-101070,10-Jun-2026 18:56,CYBER,Zone F,Medium,
INC-101071,13-Jun-2026 02:37,unclassified,Zone F,High,SOC Analyst
INC-101072,2026-06-24 02:01,ENVIRONMENTAL,Zone I,Low,Field Officer
INC-101073,06-Jun-2026 10:11,Cyber Incident,Zone E,Medium,Hotline
INC-101074,05/21/2026 14:23,misc incident,,Low,
INC-101075,2026-06-18 22:43,Intrusion,Zone D,Critical,SOC Analyst
INC-101076,19-May-2026 00:12,Environmental Risk,Zone A,Critical,
INC-101077,06/06/2026 11:23,Cyber Incident,Zone G,High,
INC-101078,05/30/2026 09:19,cyber-intrusion,,3,Field Officer
INC-101079,05/05/2026 21:21,perimeter breach,Zone I,Medium,SOC Analyst
INC-101080,06/14/2026 12:11,malware detected,Zone I,High,Hotline
INC-101081,2026-04-29 08:13,perimeter breach,Zone D,Medium,Auto-Sensor
INC-101082,2026-07-26 08:14,env. hazard,,High,
INC-101083,05/23/2026 20:27,misc incident,Zone G,Critical,Hotline
INC-101084,28-Jun-2026 23:55,unauthorized-access,Zone G,4,
INC-101085,2026-05-10 10:03,Intrusion Attempt,Zone B,Critical,SOC Analyst
INC-101086,06/08/2026 14:55,malware detected,Zone E,Critical,
INC-101087,14-May-2026 16:21,physical breach,Zone J,High,Hotline
INC-101088,04-May-2026 14:08,Cyber Incident,,Medium,
INC-101089,07/05/2026 17:30,phishing attempt,Zone E,Medium,SOC Analyst
INC-101090,2026-04-29 04:28,CYBER,Zone I,Medium,Hotline
INC-101091,05/29/2026 20:08,cyber-intrusion,Zone H,Medium,Auto-Sensor
INC-101092,2026-04-29 22:40,Other,Zone D,Medium,Hotline
INC-101093,02-Jul-2026 00:54,intrusion detected,Zone E,3,Field Officer
INC-101094,07/15/2026 22:44,Other,Zone C,Medium,SOC Analyst
INC-101095,07-Jun-2026 00:14,Cyber Incident,Zone H,High,SOC Analyst
INC-101096,2026-06-09 12:38,cyber-intrusion,Zone D,High,Hotline
INC-101097,19-Jun-2026 11:44,unclassified,Zone B,Medium,Field Officer
INC-101098,06/27/2026 05:37,weather alert,Zone J,3,Hotline
INC-101099,06/18/2026 15:53,cyber-intrusion,Zone G,High,
INC-101100,05/18/2026 18:08,perimeter breach,Zone J,Medium,Field Officer
INC-101101,11-Jun-2026 11:52,N/A,Zone H,3,Hotline
INC-101102,05/23/2026 21:25,unauthorized-access,Zone A,Critical,Field Officer
INC-101103,07/06/2026 16:43,cyber-intrusion,Zone B,High,Hotline
INC-101104,2026-05-23 15:15,Cyber Incident,Zone H,High,Auto-Sensor
INC-101105,2026-05-22 01:07,malware detected,Zone H,Medium,Hotline
INC-101106,06/25/2026 18:54,Other,Zone C,Low,
INC-101107,06/28/2026 18:46,PHYSICAL BREACH,Zone I,Medium,Hotline
INC-101108,2026-07-12 09:09,Physical Security,Zone B,3,Auto-Sensor
INC-101109,05/10/2026 07:59,Environmental Risk,Zone B,Low,
INC-101110,2026-07-05 13:03,PHYSICAL BREACH,,Low,SOC Analyst
INC-101111,2026-07-15 06:04,Cyber Incident,Zone E,4,Field Officer
INC-101112,07/08/2026 19:14,physical breach,Zone F,Critical,SOC Analyst
INC-101113,29-Apr-2026 17:51,env. hazard,Zone D,Medium,Auto-Sensor
INC-101114,2026-06-17 19:51,Intrusion,Zone A,Medium,Hotline
INC-101115,28-Jun-2026 07:43,Physical Security,Zone B,High,Field Officer
INC-101116,2026-05-25 09:07,PHYSICAL BREACH,Zone J,Medium,Auto-Sensor
INC-101117,05/19/2026 21:26,unclassified,Zone J,Medium,SOC Analyst
INC-101118,15-Jun-2026 11:51,misc incident,,Low,Auto-Sensor
INC-101119,2026-06-17 02:18,Intrusion,Zone G,High,SOC Analyst
INC-101120,24-Jun-2026 08:53,ENVIRONMENTAL,Zone G,Medium,Auto-Sensor
INC-101121,11-May-2026 01:39,phishing attempt,Zone C,Low,SOC Analyst
INC-101122,06/22/2026 21:43,unauthorized-access,Zone I,Low,SOC Analyst
INC-101123,2026-06-24 16:33,CYBER,Zone A,4,
INC-101124,05/14/2026 23:31,perimeter breach,,High,Field Officer
INC-101125,02-Jul-2026 20:39,Intrusion Attempt,Zone C,Medium,Hotline
INC-101126,19-Jun-2026 09:50,physical breach,,Medium,Hotline
INC-101127,2026-06-03 10:48,INTRUSION,Zone A,Low,Hotline
INC-101128,2026-05-02 14:10,phishing attempt,Zone A,Medium,Field Officer
INC-101129,16-Jun-2026 14:57,malware detected,,Medium,Field Officer
INC-101130,21-May-2026 14:25,physical breach,Zone J,Medium,Field Officer
INC-101131,26-Jun-2026 01:43,INTRUSION,Zone D,,Auto-Sensor
INC-101132,2026-06-02 08:16,unclassified,Zone J,High,Field Officer
INC-101133,2026-05-16 12:36,malware detected,Zone A,4,Auto-Sensor
INC-101134,30-Jun-2026 12:40,cyber-intrusion,Zone F,4,Auto-Sensor
INC-101135,2026-06-12 16:01,unauthorized-access,Zone A,Medium,
INC-101136,06/17/2026 08:33,Intrusion Attempt,Zone H,4,SOC Analyst
INC-101137,2026-07-19 01:09,perimeter breach,Zone F,Medium,Hotline
INC-101138,2026-05-11 04:24,INTRUSION,Zone I,Medium,Field Officer
INC-101139,2026-06-04 02:16,Physical Security,Zone H,Critical,Auto-Sensor
INC-101140,2026-06-17 04:59,Physical Security,Zone B,Low,Field Officer
INC-101141,19-Jul-2026 22:02,intrusion detected,Zone B,Medium,SOC Analyst
INC-101142,2026-05-25 06:12,Intrusion Attempt,,Low,SOC Analyst
INC-101143,06/18/2026 00:46,phishing attempt,,Medium,Field Officer
INC-101144,29-Apr-2026 23:01,CYBER,Zone G,,
INC-101145,05/20/2026 13:09,weather alert,Zone F,High,Hotline
INC-101146,2026-07-24 18:42,phishing attempt,Zone A,3,Hotline
INC-101147,02-May-2026 13:51,INTRUSION,Zone C,Low,Hotline
INC-101148,2026-05-16 18:48,Intrusion,,High,Hotline
INC-101149,2026-06-09 08:56,unauthorized-access,Zone B,Low,
INC-101150,22-May-2026 19:49,env. hazard,Zone E,High,
INC-101151,06/22/2026 13:23,cyber-intrusion,Zone D,4,SOC Analyst
INC-101152,05/12/2026 19:49,INTRUSION,Zone E,Critical,Field Officer
INC-101153,2026-06-14 04:18,Environmental Risk,Zone D,Critical,Hotline
INC-101154,13-May-2026 02:37,CYBER,,Medium,Auto-Sensor
INC-101155,09-Jun-2026 11:56,Intrusion Attempt,Zone A,Medium,Auto-Sensor
INC-101156,13-May-2026 23:07,INTRUSION,Zone C,High,
INC-101157,2026-06-25 06:14,phishing attempt,Zone D,Medium,
INC-101158,2026-06-14 14:50,Intrusion Attempt,,High,
INC-101159,25-Jun-2026 12:16,cyber-intrusion,Zone E,3,Field Officer
INC-101160,27-Jun-2026 11:31,misc incident,Zone G,High,
INC-101161,2026-06-21 08:02,Physical Security,Zone B,3,Hotline
INC-101162,2026-06-29 15:22,perimeter breach,Zone A,Medium,
INC-101163,2026-05-14 03:18,intrusion detected,Zone B,High,Hotline
INC-101164,06/16/2026 19:53,Intrusion Attempt,,Critical,Hotline
INC-101165,2026-06-18 23:58,cyber-intrusion,Zone B,Medium,SOC Analyst
INC-101166,2026-05-23 16:14,CYBER,Zone A,Medium,SOC Analyst
INC-101167,2026-06-17 04:39,PHYSICAL BREACH,Zone B,Critical,Auto-Sensor
INC-101168,10-Jul-2026 17:21,misc incident,Zone A,Medium,SOC Analyst
INC-101169,07-Jun-2026 22:48,phishing attempt,Zone E,Medium,
INC-101170,26-Jun-2026 04:04,CYBER,Zone B,Low,SOC Analyst
INC-101171,07/03/2026 14:59,N/A,Zone H,3,Field Officer
INC-101172,2026-05-05 23:51,Other,Zone I,Low,Auto-Sensor
INC-101173,06/08/2026 12:00,perimeter breach,Zone G,Medium,Hotline
INC-101174,29-Jun-2026 15:14,malware detected,Zone H,Medium,Hotline
INC-101175,2026-06-22 03:27,Other,,Critical,
INC-101176,09-Jun-2026 00:22,Physical Security,Zone G,High,
INC-101177,2026-07-04 12:29,phishing attempt,Zone H,High,SOC Analyst
INC-101178,2026-05-13 23:42,misc incident,Zone E,High,Field Officer
INC-101179,22-May-2026 22:41,physical breach,Zone A,Medium,Auto-Sensor
INC-101180,2026-06-09 15:09,misc incident,Zone H,,Field Officer
INC-101181,2026-05-15 15:42,Intrusion Attempt,Zone F,High,Field Officer
INC-101182,09-Jun-2026 13:17,Intrusion,Zone I,Medium,
INC-101183,25-May-2026 19:46,phishing attempt,Zone F,3,
INC-101184,2026-05-03 05:24,phishing attempt,Zone G,Medium,
INC-101185,02-Jun-2026 13:33,intrusion detected,Zone E,High,Auto-Sensor
INC-101186,04/30/2026 17:33,unauthorized-access,Zone G,Medium,SOC Analyst
INC-101187,02-Jul-2026 19:42,phishing attempt,Zone E,Critical,SOC Analyst
INC-101188,2026-05-23 23:33,weather alert,Zone E,4,Field Officer
INC-101189,18-Jun-2026 02:12,cyber-intrusion,Zone G,3,Hotline
INC-101190,05/12/2026 00:33,N/A,Zone G,4,
INC-101191,15-May-2026 12:21,Intrusion,,4,
INC-101192,08-May-2026 01:24,malware detected,Zone C,3,Hotline
INC-101193,15-Jun-2026 01:02,physical breach,,Medium,
INC-101194,05/30/2026 14:46,misc incident,Zone A,,Hotline
INC-101195,06/18/2026 13:45,CYBER,Zone D,Medium,Field Officer
INC-101196,30-Apr-2026 06:14,intrusion detected,Zone H,High,Hotline
INC-101197,19-Jun-2026 15:31,unclassified,Zone E,High,Auto-Sensor
INC-101198,2026-07-26 23:27,Cyber Incident,Zone H,High,Auto-Sensor
INC-101199,18-Jun-2026 23:44,Physical Security,Zone G,Medium,Field Officer
INC-101200,08-Jun-2026 15:45,unclassified,Zone H,High,
INC-101201,05/30/2026 22:25,Physical Security,Zone B,High,
INC-101202,01-Jul-2026 04:42,env. hazard,Zone D,High,Hotline
INC-101203,23-Jul-2026 07:56,CYBER,,4,Field Officer
INC-101204,05/11/2026 16:22,env. hazard,Zone B,,Auto-Sensor
INC-101205,05/03/2026 03:45,intrusion detected,Zone G,3,Auto-Sensor
INC-101206,13-Jul-2026 06:12,unclassified,Zone A,Critical,SOC Analyst
INC-101207,2026-05-06 06:46,env. hazard,Zone C,Medium,
INC-101208,2026-06-16 07:43,perimeter breach,Zone C,Medium,Field Officer
INC-101209,07/19/2026 22:59,PHYSICAL BREACH,Zone G,3,Field Officer
INC-101210,06/25/2026 00:18,N/A,Zone E,Medium,SOC Analyst
INC-101211,24-Jul-2026 09:24,perimeter breach,Zone C,High,Field Officer
INC-101212,06/05/2026 06:01,Physical Security,Zone J,High,Hotline
INC-101213,07/20/2026 20:32,weather alert,Zone I,Medium,Hotline
INC-101214,2026-07-15 14:03,unauthorized-access,Zone G,4,Auto-Sensor
INC-101215,05/17/2026 01:29,ENVIRONMENTAL,,High,SOC Analyst
INC-101216,12-May-2026 11:02,phishing attempt,Zone J,Medium,Hotline
INC-101217,07/18/2026 07:49,INTRUSION,Zone E,High,
INC-101218,05/23/2026 23:30,Cyber Incident,Zone G,Medium,Auto-Sensor
INC-101219,08-Jul-2026 08:25,Cyber Incident,,Low,Hotline
INC-101220,2026-06-03 01:07,phishing attempt,Zone B,Low,
INC-101221,2026-06-12 23:10,N/A,Zone F,Critical,
INC-101222,2026-06-13 13:31,malware detected,Zone D,High,Field Officer
INC-101223,04-May-2026 13:02,N/A,Zone C,Low,Hotline
INC-101224,06/22/2026 14:03,Physical Security,Zone E,Critical,Hotline
INC-101225,04/29/2026 16:28,intrusion detected,Zone F,Medium,Field Officer
INC-101226,2026-06-27 21:07,weather alert,Zone J,High,Hotline
INC-101227,05/23/2026 03:48,unauthorized-access,Zone J,Low,Hotline
INC-101228,30-Apr-2026 04:05,ENVIRONMENTAL,Zone E,High,
INC-101229,07/01/2026 11:34,physical breach,Zone B,Critical,Hotline
INC-101230,2026-06-03 13:38,unauthorized-access,Zone B,Critical,Field Officer
INC-101231,2026-05-19 20:26,Environmental Risk,Zone B,Medium,Hotline
INC-101232,06/26/2026 15:53,weather alert,Zone J,High,SOC Analyst
INC-101233,16-Jun-2026 21:10,Intrusion Attempt,Zone E,4,SOC Analyst
INC-101234,05/25/2026 04:53,Physical Security,Zone H,Critical,Auto-Sensor
INC-101235,05/25/2026 20:49,env. hazard,Zone B,Medium,Field Officer
INC-101236,06/23/2026 23:17,INTRUSION,Zone G,4,
INC-101237,21-Jul-2026 13:34,PHYSICAL BREACH,Zone J,3,Field Officer
INC-101238,14-Jun-2026 19:19,unclassified,Zone H,,Auto-Sensor
INC-101239,26-Jun-2026 09:13,Cyber Incident,,Low,Field Officer
INC-101240,30-May-2026 08:55,unauthorized-access,Zone A,3,Field Officer
INC-101241,25-Jul-2026 17:52,Environmental Risk,Zone E,High,Field Officer
INC-101242,20-Jul-2026 17:16,INTRUSION,Zone I,High,
INC-101243,2026-07-27 09:24,perimeter breach,Zone B,Low,SOC Analyst
INC-101244,28-Jun-2026 14:53,Intrusion Attempt,Zone B,High,Hotline
INC-101245,2026-05-26 12:02,weather alert,,Critical,Field Officer
INC-101246,27-May-2026 18:00,phishing attempt,Zone B,Low,Field Officer
INC-101247,2026-06-25 09:32,intrusion detected,Zone J,Medium,Auto-Sensor
INC-101248,06/22/2026 08:24,Environmental Risk,Zone F,3,Field Officer
INC-101249,06/13/2026 12:17,misc incident,Zone J,Medium,
INC-101250,02-May-2026 23:55,Physical Security,Zone D,Low,Field Officer
INC-101251,05/01/2026 08:11,PHYSICAL BREACH,Zone E,Low,Auto-Sensor
INC-101252,2026-06-01 03:03,intrusion detected,Zone D,High,Field Officer
INC-101253,05/12/2026 23:53,Other,,Medium,SOC Analyst
INC-101254,14-Jul-2026 12:26,N/A,Zone I,3,Auto-Sensor
INC-101255,2026-05-07 04:30,Physical Security,Zone B,High,Field Officer
INC-101256,06/24/2026 23:22,physical breach,Zone C,Medium,Field Officer
INC-101257,2026-05-27 18:22,misc incident,Zone D,Low,Field Officer
INC-101258,04/30/2026 05:41,Cyber Incident,Zone D,Medium,SOC Analyst
INC-101259,2026-06-15 11:00,ENVIRONMENTAL,Zone H,,Field Officer
INC-101260,2026-05-13 04:46,cyber-intrusion,Zone H,Medium,SOC Analyst
INC-101261,05/18/2026 02:41,CYBER,Zone J,3,Hotline
INC-101262,18-May-2026 12:07,Cyber Incident,Zone G,Low,
INC-101263,07/19/2026 20:07,weather alert,Zone I,High,Hotline
INC-101264,2026-07-11 19:37,Intrusion,Zone J,3,Auto-Sensor
INC-101265,13-Jun-2026 08:55,Cyber Incident,Zone E,4,SOC Analyst
INC-101266,2026-06-09 18:06,perimeter breach,Zone G,3,Field Officer
INC-101267,28-Jun-2026 18:17,PHYSICAL BREACH,Zone G,Low,Hotline
INC-101268,07/22/2026 06:27,Intrusion,Zone F,High,Field Officer
INC-101269,2026-05-06 23:15,env. hazard,Zone G,Critical,SOC Analyst
INC-101270,07/12/2026 16:55,Environmental Risk,Zone C,Low,SOC Analyst
INC-101271,07/11/2026 15:38,perimeter breach,Zone D,Medium,SOC Analyst
INC-101272,2026-07-20 13:48,perimeter breach,Zone A,Low,Auto-Sensor
INC-101273,26-May-2026 05:37,malware detected,Zone F,High,
INC-101274,07/24/2026 16:22,CYBER,Zone I,,
INC-101275,2026-05-15 04:38,unauthorized-access,Zone C,Medium,
INC-101276,07/06/2026 13:15,Cyber Incident,Zone A,High,Hotline
INC-101277,07/23/2026 05:41,malware detected,Zone E,Critical,Auto-Sensor
INC-101278,07/22/2026 09:22,Cyber Incident,,Critical,
INC-101279,06/28/2026 05:07,Environmental Risk,Zone G,High,Hotline
INC-101280,2026-06-13 18:00,intrusion detected,Zone D,Medium,SOC Analyst
INC-101281,06/29/2026 17:07,INTRUSION,,Critical,SOC Analyst
INC-101282,2026-06-07 07:50,Cyber Incident,,Medium,Hotline
INC-101283,19-May-2026 05:22,Environmental Risk,Zone H,Low,SOC Analyst
INC-101284,21-Jul-2026 07:21,Environmental Risk,Zone I,Critical,SOC Analyst
INC-101285,2026-06-03 04:25,N/A,Zone D,Low,SOC Analyst
INC-101286,2026-07-10 19:57,CYBER,Zone H,Critical,Field Officer
INC-101287,06/15/2026 21:19,Intrusion Attempt,Zone E,4,SOC Analyst
INC-101288,2026-07-26 18:57,Cyber Incident,Zone F,High,SOC Analyst
INC-101289,07/23/2026 23:16,cyber-intrusion,Zone B,Medium,
INC-101290,2026-05-24 15:13,cyber-intrusion,,Critical,SOC Analyst
INC-101291,05/01/2026 00:59,malware detected,Zone G,High,
INC-101292,06/23/2026 05:23,Environmental Risk,Zone E,Low,Field Officer
INC-101293,2026-06-03 19:06,unauthorized-access,,Medium,Field Officer
INC-101294,05/18/2026 04:04,malware detected,Zone J,Low,Field Officer
INC-101295,06/23/2026 05:15,phishing attempt,Zone H,High,Field Officer
INC-101296,2026-07-05 22:03,Physical Security,Zone J,Low,
INC-101297,07-Jul-2026 16:34,Intrusion Attempt,Zone H,Low,SOC Analyst
INC-101298,05/23/2026 06:31,CYBER,Zone D,High,Hotline
INC-101299,2026-07-26 01:59,CYBER,Zone E,Critical,Field Officer
INC-101300,2026-06-11 21:51,perimeter breach,Zone E,Medium,Hotline
INC-101301,07/08/2026 08:57,malware detected,Zone C,Medium,Hotline
INC-101302,06/07/2026 13:53,intrusion detected,Zone E,Medium,Hotline
INC-101303,05/12/2026 02:57,CYBER,Zone B,Low,
INC-101304,22-Jul-2026 08:09,N/A,Zone J,Medium,SOC Analyst
INC-101305,18-Jun-2026 06:04,Intrusion Attempt,Zone I,Low,SOC Analyst
INC-101306,2026-05-20 02:09,malware detected,Zone C,Medium,Field Officer
INC-101307,07/23/2026 23:12,unauthorized-access,,High,SOC Analyst
INC-101308,15-Jun-2026 06:00,cyber-intrusion,Zone J,Medium,Auto-Sensor
INC-101309,2026-05-13 05:58,Intrusion Attempt,Zone C,Medium,Auto-Sensor
INC-101310,17-Jun-2026 05:56,Intrusion Attempt,,High,Field Officer
INC-101311,05/02/2026 08:09,malware detected,Zone E,Medium,Auto-Sensor
INC-101312,06/08/2026 22:30,malware detected,,Medium,Hotline
INC-101313,05/28/2026 14:50,PHYSICAL BREACH,Zone C,,
INC-101314,05/24/2026 21:59,perimeter breach,Zone I,Medium,Field Officer
INC-101315,21-May-2026 03:12,CYBER,Zone G,Medium,Hotline
INC-101316,2026-05-02 15:49,Environmental Risk,Zone F,Medium,Auto-Sensor
INC-101317,05/25/2026 18:05,physical breach,Zone J,High,Field Officer
INC-101318,2026-06-17 22:39,phishing attempt,Zone E,Low,Auto-Sensor
INC-101319,06/21/2026 01:03,Intrusion Attempt,Zone H,3,SOC Analyst
INC-101320,05/24/2026 16:27,unclassified,Zone B,Medium,
INC-101321,06/13/2026 06:57,INTRUSION,Zone J,Low,
INC-101322,06/15/2026 16:52,Physical Security,Zone G,4,Hotline
INC-101323,2026-06-10 10:27,phishing attempt,,Low,
INC-101324,03-Jul-2026 23:21,weather alert,,High,SOC Analyst
INC-101325,2026-05-26 03:36,Cyber Incident,Zone A,Medium,Hotline
INC-101326,27-May-2026 12:22,PHYSICAL BREACH,,Critical,SOC Analyst
INC-101327,04-May-2026 04:46,misc incident,Zone A,Medium,Hotline
INC-101328,2026-05-12 16:41,Other,Zone I,Medium,Field Officer
INC-101329,2026-07-17 07:46,Intrusion,Zone A,Critical,SOC Analyst
INC-101330,2026-05-20 02:25,Environmental Risk,Zone D,Medium,Field Officer
INC-101331,2026-05-04 03:03,CYBER,Zone C,Low,
INC-101332,2026-07-26 07:28,env. hazard,Zone J,Low,SOC Analyst
INC-101333,04-May-2026 14:04,weather alert,Zone I,High,Hotline
INC-101334,06/23/2026 11:03,Intrusion,Zone J,Critical,Hotline
INC-101335,29-Jun-2026 05:14,Intrusion Attempt,,Critical,
INC-101336,20-Jun-2026 18:08,Environmental Risk,Zone I,Medium,Auto-Sensor
INC-101337,29-Jun-2026 04:04,physical breach,Zone H,High,Field Officer
INC-101338,2026-05-12 13:07,Intrusion Attempt,Zone I,Medium,
INC-101339,2026-05-20 21:02,cyber-intrusion,,Medium,Field Officer
INC-101340,07-Jul-2026 09:09,Intrusion Attempt,Zone G,Medium,Hotline
INC-101341,2026-05-12 17:23,ENVIRONMENTAL,Zone H,Medium,Hotline
INC-101342,20-Jun-2026 12:40,Intrusion,Zone J,Medium,SOC Analyst
INC-101343,17-May-2026 02:12,misc incident,Zone E,Medium,Field Officer
INC-101344,2026-07-15 16:13,env. hazard,Zone A,Low,Field Officer
INC-101345,2026-05-29 15:27,Intrusion,Zone J,Critical,
INC-101346,18-May-2026 01:43,perimeter breach,,Medium,SOC Analyst
INC-101347,2026-05-26 06:40,cyber-intrusion,Zone H,High,Field Officer
INC-101348,2026-07-27 07:41,weather alert,Zone J,High,
INC-101349,2026-05-19 19:42,INTRUSION,Zone H,Low,Field Officer
INC-101350,2026-06-10 03:39,unclassified,Zone A,Medium,SOC Analyst
INC-101351,05/07/2026 18:32,phishing attempt,Zone G,Critical,SOC Analyst
INC-101352,2026-07-02 12:01,CYBER,,Medium,SOC Analyst
INC-101353,2026-07-20 20:10,Physical Security,,3,Auto-Sensor
INC-101354,10-May-2026 23:21,Intrusion,Zone D,3,Field Officer
INC-101355,06/07/2026 04:11,env. hazard,,3,Field Officer
INC-101356,05/08/2026 17:31,misc incident,Zone F,Low,Hotline
INC-101357,19-Jul-2026 05:25,CYBER,,,SOC Analyst
INC-101358,05/20/2026 13:51,cyber-intrusion,Zone A,,
INC-101359,27-Jun-2026 02:22,ENVIRONMENTAL,Zone E,Medium,Hotline
INC-101360,2026-06-02 02:53,weather alert,Zone E,Medium,Field Officer
INC-101361,06/04/2026 21:16,Other,,High,Hotline
INC-101362,05/20/2026 02:20,intrusion detected,Zone F,High,
INC-101363,07/27/2026 05:54,Environmental Risk,Zone A,High,Auto-Sensor
INC-101364,2026-06-06 08:05,malware detected,Zone B,Critical,Hotline
INC-101365,05/07/2026 04:19,unclassified,Zone D,4,
INC-101366,10-Jul-2026 06:02,perimeter breach,Zone A,Low,Auto-Sensor
INC-101367,10-May-2026 15:37,CYBER,Zone I,Critical,Auto-Sensor
INC-101368,06/05/2026 06:16,Cyber Incident,Zone E,,Hotline
INC-101369,27-May-2026 03:14,weather alert,Zone F,Medium,SOC Analyst
INC-101370,07-May-2026 12:00,physical breach,Zone J,Critical,Hotline
INC-101371,12-May-2026 13:18,INTRUSION,Zone F,,SOC Analyst
INC-101372,2026-07-03 02:13,CYBER,,High,Field Officer
INC-101373,07/14/2026 08:31,Intrusion,Zone C,High,Hotline
INC-101374,2026-07-21 18:39,Physical Security,Zone G,High,Hotline
INC-101375,29-Apr-2026 06:19,phishing attempt,Zone E,Critical,Field Officer
INC-101376,05/03/2026 12:14,INTRUSION,Zone J,4,Hotline
INC-101377,07/03/2026 09:13,malware detected,Zone A,Low,
INC-101378,05/15/2026 18:41,Environmental Risk,Zone H,Low,Hotline
INC-101379,2026-06-30 22:31,Intrusion,Zone B,High,Auto-Sensor
INC-101380,2026-05-21 11:43,intrusion detected,Zone I,High,Hotline
INC-101381,04-Jul-2026 02:24,Intrusion,Zone I,Low,Auto-Sensor
INC-101382,2026-05-15 08:31,Intrusion,,Medium,Hotline
INC-101383,2026-05-09 01:39,INTRUSION,Zone H,Medium,Field Officer
INC-101384,05/17/2026 15:05,cyber-intrusion,Zone B,High,Field Officer
INC-101385,07/26/2026 17:47,N/A,Zone G,Medium,SOC Analyst
INC-101386,2026-06-08 18:52,cyber-intrusion,Zone D,4,Hotline
INC-101387,05/30/2026 05:19,Intrusion,Zone I,High,
INC-101388,2026-06-19 17:09,Intrusion,Zone H,High,Field Officer
INC-101389,2026-06-21 15:17,Intrusion Attempt,,Low,SOC Analyst
INC-101390,05/07/2026 06:06,unclassified,Zone I,High,
INC-101391,02-Jul-2026 03:26,intrusion detected,Zone F,High,Hotline
INC-101392,26-Jul-2026 20:18,weather alert,Zone A,,Auto-Sensor
INC-101393,2026-06-20 07:35,CYBER,Zone I,3,Auto-Sensor
INC-101394,2026-07-19 14:50,Intrusion Attempt,Zone H,High,Auto-Sensor
INC-101395,05/02/2026 00:37,PHYSICAL BREACH,Zone H,High,SOC Analyst
INC-101396,14-May-2026 16:23,weather alert,,,Auto-Sensor
INC-101397,2026-07-01 20:16,phishing attempt,Zone G,Medium,Field Officer
INC-101398,04-Jul-2026 12:50,unauthorized-access,,Low,SOC Analyst
INC-101399,06/12/2026 19:13,Intrusion,Zone E,Low,Auto-Sensor
INC-101400,08-Jul-2026 19:07,misc incident,Zone H,Medium,Field Officer
INC-101401,04-May-2026 10:51,unauthorized-access,,Medium,Field Officer
INC-101402,05/30/2026 01:53,Intrusion,Zone J,Critical,Auto-Sensor
INC-101403,11-May-2026 10:30,Intrusion Attempt,Zone H,Low,SOC Analyst
INC-101404,07/01/2026 06:45,weather alert,Zone E,Critical,Field Officer
INC-101405,2026-05-31 09:11,weather alert,Zone B,4,Hotline
INC-101406,2026-07-19 02:30,weather alert,Zone A,Medium,Auto-Sensor
INC-101407,05/22/2026 17:23,physical breach,Zone B,Medium,SOC Analyst
INC-101408,2026-07-26 06:58,malware detected,Zone J,High,SOC Analyst
INC-101409,2026-07-18 03:33,perimeter breach,Zone A,High,Hotline
INC-101410,2026-06-28 03:36,unclassified,Zone H,Medium,Auto-Sensor
INC-101411,2026-07-10 17:23,unauthorized-access,Zone D,Low,
INC-101412,2026-05-07 18:27,physical breach,Zone D,Medium,Field Officer
INC-101413,05/07/2026 10:24,ENVIRONMENTAL,Zone J,Critical,SOC Analyst
INC-101414,2026-07-06 20:49,PHYSICAL BREACH,Zone A,Low,SOC Analyst
INC-101415,06/01/2026 07:06,misc incident,Zone J,High,Auto-Sensor
INC-101416,25-May-2026 04:48,phishing attempt,Zone I,Medium,SOC Analyst
INC-101417,2026-06-10 04:42,Physical Security,Zone G,3,Field Officer
INC-101418,14-Jun-2026 11:42,phishing attempt,,Low,Hotline
INC-101419,24-Jun-2026 03:30,physical breach,Zone H,High,SOC Analyst
INC-101420,07/14/2026 07:12,weather alert,Zone C,Low,Field Officer
INC-101421,01-May-2026 12:10,N/A,,Medium,Hotline
INC-101422,2026-06-09 11:10,ENVIRONMENTAL,Zone A,Medium,SOC Analyst
INC-101423,2026-06-20 01:08,N/A,Zone E,Medium,
INC-101424,11-Jul-2026 04:07,CYBER,,High,
INC-101425,07/18/2026 13:53,Other,Zone E,Low,Field Officer
INC-101426,2026-06-15 09:57,INTRUSION,Zone J,Medium,
INC-101427,10-May-2026 16:06,Intrusion,Zone D,High,Field Officer
INC-101428,2026-05-11 09:43,perimeter breach,Zone F,High,Auto-Sensor
INC-101429,2026-07-21 02:51,weather alert,,3,
INC-101430,05/07/2026 07:01,N/A,Zone I,Critical,
INC-101431,2026-07-13 00:52,weather alert,Zone G,Low,Auto-Sensor
INC-101432,06/21/2026 11:02,cyber-intrusion,,,
INC-101433,02-May-2026 04:40,Intrusion Attempt,Zone H,Low,SOC Analyst
INC-101434,2026-06-25 07:59,cyber-intrusion,Zone C,Critical,Auto-Sensor
INC-101435,23-Jul-2026 19:28,PHYSICAL BREACH,Zone H,3,Auto-Sensor
INC-101436,2026-05-15 17:20,physical breach,Zone I,Low,Hotline
INC-101437,15-Jul-2026 13:54,env. hazard,Zone I,Critical,Field Officer
INC-101438,2026-06-02 11:41,CYBER,Zone F,Medium,Field Officer
INC-101439,22-May-2026 16:26,perimeter breach,Zone B,Critical,Hotline
INC-101440,29-Jun-2026 20:55,PHYSICAL BREACH,,Medium,SOC Analyst
INC-101441,01-Jul-2026 19:31,CYBER,Zone A,Medium,Hotline
INC-101442,07/18/2026 00:00,weather alert,Zone G,High,Field Officer
INC-101443,07-May-2026 09:27,malware detected,,Low,Auto-Sensor
INC-101444,2026-05-08 23:02,Intrusion Attempt,Zone J,Critical,Auto-Sensor
INC-101445,05/15/2026 02:48,Physical Security,Zone B,High,SOC Analyst
INC-101446,2026-06-28 14:03,Intrusion,Zone J,Medium,Field Officer
INC-101447,22-May-2026 14:38,Intrusion,Zone G,Critical,Hotline
INC-101448,07/26/2026 08:23,Intrusion,Zone D,Medium,Auto-Sensor
INC-101449,2026-07-08 17:30,ENVIRONMENTAL,,Low,Auto-Sensor
INC-101450,2026-07-12 21:48,cyber-intrusion,Zone I,Medium,SOC Analyst
INC-101451,2026-07-26 21:58,Intrusion Attempt,Zone D,High,Hotline
INC-101452,05/12/2026 14:06,unclassified,Zone J,Medium,Auto-Sensor
INC-101453,07/05/2026 08:26,unclassified,Zone E,4,SOC Analyst
INC-101454,2026-07-08 06:12,phishing attempt,Zone I,Critical,Field Officer
INC-101455,2026-07-19 22:49,cyber-intrusion,,Medium,Field Officer
INC-101456,2026-04-29 08:55,PHYSICAL BREACH,Zone D,Medium,Auto-Sensor
INC-101457,2026-05-27 02:11,CYBER,,Low,Auto-Sensor
INC-101458,07/04/2026 16:38,INTRUSION,Zone J,Medium,Field Officer
INC-101459,07/10/2026 12:19,Physical Security,Zone I,,SOC Analyst
INC-101460,29-May-2026 03:05,phishing attempt,Zone J,Medium,
INC-101461,2026-07-18 05:32,Physical Security,Zone H,3,SOC Analyst
INC-101462,02-Jul-2026 23:02,CYBER,Zone I,High,SOC Analyst
INC-101463,11-Jun-2026 15:33,physical breach,Zone A,High,Field Officer
INC-101464,04-May-2026 04:04,Intrusion Attempt,Zone I,High,Auto-Sensor
INC-101465,2026-05-30 18:58,Intrusion,Zone J,High,Auto-Sensor
INC-101466,07/02/2026 14:04,ENVIRONMENTAL,Zone A,High,SOC Analyst
INC-101467,06/04/2026 19:41,phishing attempt,Zone H,Medium,SOC Analyst
INC-101468,2026-06-15 10:00,PHYSICAL BREACH,Zone H,Medium,SOC Analyst
INC-101469,07/14/2026 00:21,physical breach,Zone F,High,
INC-101470,2026-07-18 23:52,misc incident,Zone C,3,SOC Analyst
INC-101471,02-May-2026 00:51,malware detected,Zone H,Medium,Auto-Sensor
INC-101472,27-Jun-2026 03:19,cyber-intrusion,Zone E,Low,Field Officer
INC-101473,05/14/2026 19:10,unauthorized-access,Zone G,High,
INC-101474,2026-06-12 17:39,cyber-intrusion,,,SOC Analyst
INC-101475,2026-07-02 15:36,misc incident,Zone E,Critical,Hotline
INC-101476,2026-05-04 17:36,INTRUSION,Zone B,High,Hotline
INC-101477,27-May-2026 11:56,INTRUSION,Zone I,Medium,Field Officer
INC-101478,2026-05-16 06:14,PHYSICAL BREACH,Zone C,Medium,Field Officer
INC-101479,25-Jul-2026 23:25,Cyber Incident,Zone I,4,Auto-Sensor
INC-101480,05/18/2026 07:44,intrusion detected,Zone D,Low,Auto-Sensor
INC-101481,24-Jun-2026 11:34,Intrusion,Zone C,High,Hotline
INC-101482,2026-05-04 22:07,Intrusion,Zone J,4,Auto-Sensor
INC-101483,04-May-2026 06:30,unauthorized-access,Zone E,Critical,SOC Analyst
INC-101484,19-Jul-2026 04:47,malware detected,Zone J,Low,Field Officer
INC-101485,2026-06-11 23:07,INTRUSION,Zone E,4,SOC Analyst
INC-101486,2026-06-21 13:54,Cyber Incident,Zone A,Medium,Field Officer
INC-101487,24-Jun-2026 04:41,cyber-intrusion,Zone C,3,
INC-101488,05/09/2026 11:51,unauthorized-access,,Medium,Hotline
INC-101489,07/27/2026 11:00,env. hazard,Zone A,High,
INC-101490,06-May-2026 20:44,malware detected,,Low,Field Officer
INC-101491,21-Jul-2026 15:31,phishing attempt,Zone H,High,Auto-Sensor
INC-101492,17-May-2026 23:43,Other,Zone A,High,
INC-101493,30-Jun-2026 15:23,INTRUSION,Zone A,Medium,Hotline
INC-101494,2026-05-06 02:40,weather alert,,Critical,Auto-Sensor
INC-101495,05/22/2026 13:37,perimeter breach,Zone H,High,Field Officer
INC-101496,29-Apr-2026 23:37,PHYSICAL BREACH,Zone H,High,Hotline
INC-101497,04-Jun-2026 23:38,phishing attempt,Zone A,High,SOC Analyst
INC-101498,24-Jul-2026 10:29,phishing attempt,Zone J,Critical,Hotline
INC-101499,2026-05-18 21:04,weather alert,Zone I,High,
INC-101500,07/22/2026 10:02,unauthorized-access,Zone H,4,SOC Analyst
INC-101501,04/29/2026 00:56,perimeter breach,Zone B,Critical,
INC-101502,2026-05-10 09:11,Intrusion Attempt,Zone H,High,SOC Analyst
INC-101503,07/17/2026 09:01,physical breach,Zone F,High,SOC Analyst
INC-101504,2026-07-02 20:38,Intrusion Attempt,Zone G,,Hotline
INC-101505,05-May-2026 19:42,PHYSICAL BREACH,Zone J,3,Hotline
INC-101506,06/07/2026 01:19,Physical Security,Zone B,Medium,SOC Analyst
INC-101507,2026-07-04 11:34,CYBER,Zone A,Medium,Field Officer
INC-101508,07/06/2026 21:46,perimeter breach,Zone G,Medium,Field Officer
INC-101509,06/19/2026 03:07,unclassified,Zone J,Medium,SOC Analyst
INC-101510,04-Jun-2026 22:31,PHYSICAL BREACH,,Critical,
INC-101511,05/31/2026 23:09,Physical Security,Zone J,High,
INC-101512,06/22/2026 22:10,weather alert,Zone E,Medium,Field Officer
INC-101513,17-Jun-2026 21:40,env. hazard,Zone E,Critical,Auto-Sensor
INC-101514,2026-05-22 09:03,unauthorized-access,,High,
INC-101515,05/12/2026 10:15,Physical Security,,,
INC-101516,2026-05-17 14:29,misc incident,,Low,Field Officer
INC-101517,27-Jun-2026 14:39,cyber-intrusion,Zone E,Medium,SOC Analyst
INC-101518,2026-05-27 08:58,unauthorized-access,Zone D,Low,Auto-Sensor
INC-101519,05/03/2026 10:28,Intrusion,Zone B,Critical,Auto-Sensor
INC-101520,15-May-2026 02:32,malware detected,Zone B,Medium,Field Officer
INC-101521,2026-06-02 00:27,malware detected,,High,SOC Analyst
INC-101522,2026-07-12 02:33,perimeter breach,Zone A,Critical,Auto-Sensor
INC-101523,21-May-2026 22:59,unclassified,,Low,
INC-101524,08-Jul-2026 00:43,PHYSICAL BREACH,Zone E,High,Hotline
INC-101525,08-Jul-2026 14:47,unclassified,Zone D,Low,
INC-101526,12-May-2026 00:44,Environmental Risk,Zone E,Low,SOC Analyst
INC-101527,05/10/2026 01:13,Environmental Risk,,4,
INC-101528,07/04/2026 18:49,Intrusion Attempt,Zone C,Medium,Auto-Sensor
INC-101529,04/30/2026 06:55,Intrusion Attempt,Zone F,High,Auto-Sensor
INC-101530,07/22/2026 10:45,unauthorized-access,Zone D,Low,
INC-101531,2026-05-28 05:50,unclassified,Zone E,Critical,
INC-101532,13-Jun-2026 01:34,env. hazard,Zone C,3,Auto-Sensor
INC-101533,2026-06-16 10:59,phishing attempt,,Medium,Hotline
INC-101534,05/04/2026 01:11,weather alert,,High,SOC Analyst
INC-101535,20-Jun-2026 02:11,misc incident,,High,Hotline
INC-101536,03-May-2026 20:54,INTRUSION,,Low,SOC Analyst
INC-101537,2026-05-23 19:29,intrusion detected,Zone B,High,
INC-101538,2026-07-27 14:03,physical breach,Zone B,Medium,Auto-Sensor
INC-101539,02-Jun-2026 00:25,perimeter breach,,3,Field Officer
INC-101540,07/16/2026 08:28,physical breach,,Medium,
INC-101541,2026-07-11 14:41,intrusion detected,Zone F,Medium,SOC Analyst
INC-101542,19-Jun-2026 16:20,Other,Zone A,Critical,Auto-Sensor
INC-101543,14-May-2026 23:59,INTRUSION,,Medium,Field Officer
INC-101544,07/13/2026 00:36,physical breach,,,Field Officer
INC-101545,2026-05-06 20:33,Intrusion Attempt,Zone A,High,Hotline
INC-101546,2026-07-21 21:44,Intrusion Attempt,Zone H,Critical,SOC Analyst
INC-101547,07/07/2026 06:34,malware detected,,High,Field Officer
INC-101548,17-May-2026 21:57,PHYSICAL BREACH,Zone F,3,Auto-Sensor
INC-101549,05/21/2026 11:26,Environmental Risk,Zone G,High,
INC-101550,05/04/2026 02:55,INTRUSION,Zone F,Medium,
INC-101551,29-May-2026 01:49,weather alert,Zone D,3,Hotline
INC-101552,2026-07-17 22:18,env. hazard,Zone B,Medium,Hotline
INC-101553,09-Jul-2026 02:08,misc incident,,High,SOC Analyst
INC-101554,07/01/2026 22:18,CYBER,Zone H,High,SOC Analyst
INC-101555,2026-06-20 11:40,misc incident,,Low,Auto-Sensor
INC-101556,2026-07-15 01:14,misc incident,Zone D,High,
INC-101557,05/27/2026 18:59,Intrusion,,Medium,Auto-Sensor
INC-101558,05/12/2026 01:08,INTRUSION,Zone A,3,
INC-101559,05/29/2026 19:00,CYBER,Zone A,Medium,Hotline
INC-101560,06-Jun-2026 03:34,Physical Security,,Medium,Field Officer
INC-101561,2026-05-19 21:11,intrusion detected,Zone F,Medium,Field Officer
INC-101562,2026-06-02 23:38,misc incident,Zone E,High,Field Officer
INC-101563,07/24/2026 10:46,misc incident,Zone B,High,Auto-Sensor
INC-101564,04-May-2026 16:59,intrusion detected,,Critical,Hotline
INC-101565,2026-07-12 08:11,N/A,Zone B,Medium,SOC Analyst
INC-101566,07/22/2026 08:44,env. hazard,,Medium,Hotline
INC-101567,06/17/2026 16:52,physical breach,Zone D,High,Auto-Sensor
INC-101568,2026-07-11 07:50,Intrusion Attempt,Zone A,3,
INC-101569,2026-05-14 11:32,Cyber Incident,Zone I,Medium,
INC-101570,05/16/2026 04:10,env. hazard,Zone C,3,Field Officer
INC-101571,09-Jun-2026 20:55,INTRUSION,Zone C,Critical,
INC-101572,06/29/2026 03:30,weather alert,Zone C,,SOC Analyst
INC-101573,05/06/2026 03:07,Intrusion Attempt,Zone I,Low,Field Officer
INC-101574,2026-05-29 11:05,Intrusion Attempt,Zone H,Low,Auto-Sensor
INC-101575,2026-06-13 19:20,Intrusion,Zone G,Medium,Field Officer
INC-101576,05/12/2026 16:45,misc incident,Zone A,Medium,SOC Analyst
INC-101577,06/25/2026 16:08,INTRUSION,Zone A,3,Hotline
INC-101578,12-Jul-2026 07:35,unauthorized-access,,High,SOC Analyst
INC-101579,19-Jul-2026 03:12,CYBER,Zone I,3,SOC Analyst
INC-101580,05/25/2026 16:20,unauthorized-access,Zone J,High,
INC-101581,05/12/2026 10:07,ENVIRONMENTAL,Zone A,Medium,Auto-Sensor
INC-101582,02-May-2026 16:13,intrusion detected,Zone H,3,
INC-101583,06/28/2026 00:56,perimeter breach,Zone E,Medium,Auto-Sensor
INC-101584,06/02/2026 06:45,perimeter breach,Zone E,High,Auto-Sensor
INC-101585,2026-07-27 16:19,malware detected,Zone D,Medium,
INC-101586,07/02/2026 00:56,Physical Security,Zone D,Medium,Field Officer
INC-101587,04/29/2026 01:43,Cyber Incident,,Medium,Field Officer
INC-101588,07/01/2026 11:05,Other,Zone E,Low,Field Officer
INC-101589,05/06/2026 12:20,Cyber Incident,Zone G,High,Hotline
INC-101590,05-Jun-2026 02:47,PHYSICAL BREACH,Zone B,High,SOC Analyst
INC-101591,2026-07-07 12:02,cyber-intrusion,Zone E,High,Hotline
INC-101592,2026-06-05 01:17,Intrusion,Zone C,High,Auto-Sensor
INC-101593,04-Jun-2026 08:55,Other,Zone H,3,Field Officer
INC-101594,2026-06-15 01:57,perimeter breach,,Low,SOC Analyst
INC-101595,06/19/2026 19:04,physical breach,Zone C,High,SOC Analyst
INC-101596,2026-06-12 12:15,Cyber Incident,Zone F,Low,
INC-101597,01-Jul-2026 22:42,unclassified,,High,Auto-Sensor
INC-101598,2026-06-28 14:51,cyber-intrusion,Zone D,Medium,Hotline
INC-101599,23-Jun-2026 21:30,INTRUSION,Zone C,High,SOC Analyst
INC-101600,07/06/2026 04:58,N/A,Zone I,3,SOC Analyst
INC-101601,06-Jul-2026 11:39,Environmental Risk,Zone I,Critical,Auto-Sensor
INC-101602,2026-06-29 04:24,PHYSICAL BREACH,Zone H,High,SOC Analyst
INC-101603,2026-07-19 16:50,intrusion detected,Zone A,Critical,SOC Analyst
INC-101604,2026-06-09 08:03,Intrusion Attempt,,Critical,Hotline
INC-101605,2026-07-06 17:36,ENVIRONMENTAL,Zone G,3,
INC-101606,2026-06-05 14:01,unauthorized-access,Zone F,High,
INC-101607,27-May-2026 17:02,unclassified,Zone E,High,Auto-Sensor
INC-101608,06/25/2026 14:37,phishing attempt,Zone I,Critical,Hotline
INC-101609,08-May-2026 17:34,misc incident,Zone E,Low,
INC-101610,20-Jun-2026 18:52,Environmental Risk,Zone J,Medium,Hotline
INC-101611,06/20/2026 05:28,misc incident,,High,SOC Analyst
INC-101612,2026-05-16 00:59,cyber-intrusion,Zone F,Low,
INC-101613,05/29/2026 18:17,physical breach,Zone D,Low,SOC Analyst
INC-101614,2026-06-11 05:56,unclassified,Zone J,Low,
INC-101615,12-Jul-2026 13:49,ENVIRONMENTAL,,High,Auto-Sensor
INC-101616,2026-07-12 10:55,cyber-intrusion,Zone D,4,Hotline
INC-101617,27-Jun-2026 23:48,unauthorized-access,Zone A,High,
INC-101618,29-May-2026 06:37,CYBER,Zone F,Medium,Field Officer
INC-101619,28-Jun-2026 11:53,INTRUSION,Zone F,High,SOC Analyst
INC-101620,2026-05-14 08:33,Physical Security,Zone A,Low,
INC-101621,07/26/2026 00:24,misc incident,,Medium,
INC-101622,2026-06-07 23:34,Intrusion,Zone C,Low,
INC-101623,08-May-2026 17:40,PHYSICAL BREACH,Zone A,4,SOC Analyst
INC-101624,06/27/2026 04:41,PHYSICAL BREACH,Zone D,Medium,Auto-Sensor
INC-101625,2026-07-10 23:04,Intrusion Attempt,Zone C,Low,Hotline
INC-101626,2026-06-23 12:42,perimeter breach,Zone B,Medium,
INC-101627,2026-07-22 08:05,weather alert,Zone H,Critical,SOC Analyst
INC-101628,12-Jun-2026 15:00,Cyber Incident,Zone B,3,SOC Analyst
INC-101629,06/19/2026 07:56,Cyber Incident,Zone I,High,
INC-101630,05/24/2026 02:48,Physical Security,Zone H,,
INC-101631,2026-06-22 18:50,perimeter breach,Zone I,Low,SOC Analyst
INC-101632,07/17/2026 05:54,PHYSICAL BREACH,Zone H,Critical,Field Officer
INC-101633,07-Jul-2026 10:45,Environmental Risk,Zone F,Medium,Field Officer
INC-101634,16-Jun-2026 01:11,env. hazard,Zone B,3,SOC Analyst
INC-101635,03-Jun-2026 19:03,env. hazard,Zone I,High,
INC-101636,07-Jun-2026 22:26,Intrusion,Zone E,High,Auto-Sensor
INC-101637,07/18/2026 16:48,Other,Zone I,High,Field Officer
INC-101638,2026-07-25 22:13,INTRUSION,Zone E,High,Field Officer
INC-101639,12-Jul-2026 10:56,phishing attempt,Zone F,Critical,
INC-101640,2026-07-25 14:16,weather alert,Zone A,Low,SOC Analyst
INC-101641,27-Jul-2026 22:39,Intrusion,Zone F,High,SOC Analyst
INC-101642,2026-06-27 09:27,INTRUSION,Zone B,Medium,Field Officer
INC-101643,08-May-2026 13:37,physical breach,Zone H,3,
INC-101644,2026-05-30 17:47,unauthorized-access,,High,SOC Analyst
INC-101645,06/16/2026 06:40,unauthorized-access,Zone B,4,SOC Analyst
INC-101646,2026-06-09 11:29,misc incident,Zone G,Critical,SOC Analyst
INC-101647,2026-07-10 00:41,Physical Security,Zone H,High,SOC Analyst
INC-101648,12-Jul-2026 02:34,Environmental Risk,,3,Field Officer
INC-101649,16-May-2026 11:56,unauthorized-access,Zone A,,Hotline
INC-101650,16-Jul-2026 23:09,Physical Security,,Medium,
INC-101651,05/28/2026 21:34,intrusion detected,Zone H,Medium,SOC Analyst
INC-101652,29-Jun-2026 21:45,N/A,Zone I,Critical,
INC-101653,2026-06-06 08:53,INTRUSION,,Medium,SOC Analyst
INC-101654,07-Jun-2026 01:29,unauthorized-access,Zone I,High,SOC Analyst
INC-101655,06/30/2026 19:42,weather alert,Zone F,Medium,Field Officer
INC-101656,05/07/2026 12:39,misc incident,,Low,SOC Analyst
INC-101657,04/29/2026 20:23,malware detected,Zone A,High,Auto-Sensor
INC-101658,2026-06-28 09:17,Intrusion,Zone H,Low,Hotline
INC-101659,07/15/2026 05:28,perimeter breach,Zone I,Low,
INC-101660,01-Jul-2026 09:57,weather alert,Zone E,Medium,
INC-101661,07/11/2026 22:05,Intrusion Attempt,Zone F,High,Field Officer
INC-101662,07/23/2026 18:58,perimeter breach,Zone D,3,SOC Analyst
INC-101663,21-May-2026 07:52,cyber-intrusion,,Low,Hotline
INC-101664,12-Jul-2026 17:03,Intrusion,Zone B,Medium,
INC-101665,10-May-2026 08:08,weather alert,Zone C,High,
INC-101666,2026-06-15 13:45,intrusion detected,Zone J,High,Field Officer
INC-101667,19-Jun-2026 17:45,weather alert,Zone J,High,SOC Analyst
INC-101668,10-Jun-2026 20:19,N/A,Zone G,High,Field Officer
INC-101669,01-May-2026 08:30,Cyber Incident,Zone C,Low,
INC-101670,04-Jul-2026 03:23,Environmental Risk,Zone B,Critical,Hotline
INC-101671,06/21/2026 13:52,PHYSICAL BREACH,Zone B,High,SOC Analyst
INC-101672,26-Jul-2026 18:44,CYBER,,Critical,
INC-101673,2026-05-27 12:56,cyber-intrusion,Zone A,High,Auto-Sensor
INC-101674,2026-05-10 12:02,Intrusion,Zone J,3,Hotline
INC-101675,05-Jun-2026 17:18,misc incident,Zone I,High,SOC Analyst
INC-101676,2026-07-16 10:19,Cyber Incident,Zone I,Medium,Auto-Sensor
INC-101677,2026-05-26 13:51,cyber-intrusion,,Medium,SOC Analyst
INC-101678,06/29/2026 22:40,Intrusion Attempt,Zone H,Low,Hotline
INC-101679,07/19/2026 16:56,unauthorized-access,Zone I,Medium,Auto-Sensor
INC-101680,05-May-2026 16:50,INTRUSION,Zone C,High,SOC Analyst
INC-101681,07/01/2026 07:00,Cyber Incident,Zone F,High,Hotline
INC-101682,06/26/2026 18:47,Environmental Risk,Zone F,Low,
INC-101683,06/26/2026 00:20,phishing attempt,Zone F,High,Field Officer
INC-101684,06/20/2026 16:51,Cyber Incident,Zone C,Critical,Auto-Sensor
INC-101685,05/19/2026 09:04,INTRUSION,Zone B,High,Auto-Sensor
INC-101686,12-May-2026 07:06,Environmental Risk,,Low,Auto-Sensor
INC-101687,23-Jul-2026 13:30,Environmental Risk,,Medium,SOC Analyst
INC-101688,2026-07-01 21:39,ENVIRONMENTAL,,,Auto-Sensor
INC-101689,2026-06-27 00:04,misc incident,Zone C,Medium,SOC Analyst
INC-101690,23-May-2026 04:19,cyber-intrusion,,Medium,Auto-Sensor
INC-101691,06/01/2026 04:38,Physical Security,Zone D,Low,
INC-101692,2026-06-03 12:41,env. hazard,Zone C,Critical,
INC-101693,06/04/2026 05:55,Physical Security,Zone C,Medium,SOC Analyst
INC-101694,2026-07-22 09:26,phishing attempt,Zone J,3,
INC-101695,07-May-2026 15:18,weather alert,Zone C,Medium,Field Officer
INC-101696,06/21/2026 11:47,intrusion detected,Zone E,Low,Field Officer
INC-101697,19-May-2026 14:48,weather alert,Zone J,4,Field Officer
INC-101698,2026-06-23 05:41,Physical Security,,Medium,SOC Analyst
INC-101699,20-May-2026 05:46,env. hazard,Zone E,Medium,Hotline
INC-101700,07-Jul-2026 14:51,unclassified,Zone E,Medium,
INC-101701,26-May-2026 07:30,Other,,High,Hotline
INC-101702,27-Jun-2026 09:46,perimeter breach,Zone B,Critical,Auto-Sensor
INC-101703,17-May-2026 10:23,malware detected,Zone H,High,SOC Analyst
INC-101704,24-Jun-2026 03:02,malware detected,Zone G,Medium,SOC Analyst
INC-101705,06/16/2026 15:57,physical breach,Zone F,Medium,SOC Analyst
INC-101706,2026-06-26 01:41,perimeter breach,,Low,Auto-Sensor
INC-101707,27-Jun-2026 21:36,cyber-intrusion,Zone H,Critical,SOC Analyst
INC-101708,03-Jun-2026 00:49,Environmental Risk,Zone G,4,
INC-101709,2026-07-15 02:25,Physical Security,Zone E,Critical,SOC Analyst
INC-101710,04-Jun-2026 19:12,cyber-intrusion,Zone J,High,SOC Analyst
INC-101711,2026-06-05 18:56,physical breach,Zone J,Medium,Field Officer
INC-101712,2026-06-26 09:58,Intrusion,Zone H,High,Field Officer
INC-101713,02-Jul-2026 19:14,Intrusion,Zone I,High,Auto-Sensor
INC-101714,05/24/2026 06:14,INTRUSION,Zone F,High,SOC Analyst
INC-101715,20-May-2026 05:18,PHYSICAL BREACH,Zone E,Low,Auto-Sensor
INC-101716,05/04/2026 12:13,Other,Zone G,Low,SOC Analyst
INC-101717,2026-06-25 21:04,PHYSICAL BREACH,,Low,Hotline
INC-101718,09-Jun-2026 22:44,misc incident,,High,Auto-Sensor
INC-101719,2026-06-09 17:23,env. hazard,Zone G,Low,Auto-Sensor
INC-101720,2026-07-06 10:50,misc incident,Zone F,Medium,Hotline
INC-101721,2026-05-23 15:10,INTRUSION,Zone B,Low,Hotline
INC-101722,2026-06-21 20:25,N/A,Zone C,Critical,
INC-101723,06/21/2026 22:56,Physical Security,Zone B,Medium,Hotline
INC-101724,07/21/2026 14:18,ENVIRONMENTAL,,Low,Auto-Sensor
INC-101725,2026-07-06 00:19,ENVIRONMENTAL,Zone A,Medium,Auto-Sensor
INC-101726,2026-06-29 16:25,ENVIRONMENTAL,Zone A,Medium,Auto-Sensor
INC-101727,2026-07-04 07:14,Environmental Risk,Zone I,Low,Hotline
INC-101728,27-Jul-2026 21:52,physical breach,Zone E,Medium,
INC-101729,16-Jun-2026 07:31,env. hazard,Zone B,Critical,
INC-101730,2026-06-13 04:32,INTRUSION,Zone B,Critical,Field Officer
INC-101731,2026-05-04 21:16,physical breach,Zone G,Medium,Auto-Sensor
INC-101732,21-Jul-2026 09:11,intrusion detected,,Critical,SOC Analyst
INC-101733,07-Jul-2026 18:15,unclassified,,Medium,Field Officer
INC-101734,2026-06-15 19:43,cyber-intrusion,,4,Hotline
INC-101735,07/21/2026 22:25,unauthorized-access,Zone E,High,Auto-Sensor
INC-101736,06-Jun-2026 17:27,perimeter breach,Zone E,Low,Field Officer
INC-101737,07/12/2026 07:29,intrusion detected,,Critical,Field Officer
INC-101738,2026-06-30 05:10,Physical Security,Zone B,Low,
INC-101739,20-May-2026 07:26,malware detected,Zone B,Low,
INC-101740,07/24/2026 23:22,Environmental Risk,Zone D,Critical,Field Officer
INC-101741,2026-06-29 07:01,env. hazard,Zone E,Medium,Field Officer
INC-101742,2026-07-05 14:24,cyber-intrusion,Zone J,High,Auto-Sensor
INC-101743,07/13/2026 10:22,Cyber Incident,,Low,
INC-101744,2026-07-16 20:04,env. hazard,Zone B,High,Auto-Sensor
INC-101745,2026-05-08 21:46,Intrusion Attempt,Zone F,High,
INC-101746,06/13/2026 20:32,unauthorized-access,Zone B,Critical,Field Officer
INC-101747,2026-07-14 19:10,ENVIRONMENTAL,Zone I,High,Hotline
INC-101748,06/30/2026 09:04,PHYSICAL BREACH,Zone F,High,Field Officer
INC-101749,2026-05-13 13:00,cyber-intrusion,Zone B,Medium,SOC Analyst
INC-101750,17-Jun-2026 03:06,perimeter breach,Zone H,Low,Field Officer
INC-101751,27-Jun-2026 02:57,env. hazard,Zone F,High,Field Officer
INC-101752,2026-06-26 21:58,Cyber Incident,Zone I,Medium,Field Officer
INC-101753,2026-06-10 14:02,malware detected,Zone E,Medium,Auto-Sensor
INC-101754,05/07/2026 17:56,Other,Zone J,4,SOC Analyst
INC-101755,06/29/2026 16:13,Physical Security,Zone B,High,Auto-Sensor
INC-101756,01-Jun-2026 18:26,Intrusion,Zone I,,SOC Analyst
INC-101757,06/10/2026 20:08,env. hazard,Zone H,High,
INC-101758,04-Jul-2026 20:35,cyber-intrusion,Zone H,Critical,SOC Analyst
INC-101759,18-May-2026 03:35,intrusion detected,,Low,SOC Analyst
INC-101760,07/20/2026 22:31,unauthorized-access,Zone D,Medium,Auto-Sensor
INC-101761,2026-05-20 01:08,unclassified,Zone A,Critical,Hotline
INC-101762,05/06/2026 17:16,INTRUSION,Zone H,,Auto-Sensor
INC-101763,2026-06-02 04:13,Cyber Incident,,Critical,Auto-Sensor
INC-101764,22-Jul-2026 05:20,CYBER,Zone B,Low,Auto-Sensor
INC-101765,07/24/2026 14:52,Environmental Risk,Zone A,Low,Field Officer
INC-101766,12-Jun-2026 05:01,cyber-intrusion,Zone F,Low,Field Officer
INC-101767,2026-05-07 05:34,unauthorized-access,Zone D,Critical,Auto-Sensor
INC-101768,2026-06-30 15:15,Intrusion,Zone F,Low,Hotline
INC-101769,05/28/2026 18:28,unauthorized-access,,Low,Field Officer
INC-101770,06/04/2026 03:07,Environmental Risk,Zone A,High,SOC Analyst
INC-101771,05/24/2026 00:23,misc incident,Zone B,Medium,Auto-Sensor
INC-101772,05/22/2026 23:06,perimeter breach,Zone G,Medium,Auto-Sensor
INC-101773,2026-05-12 11:58,Intrusion Attempt,Zone C,4,SOC Analyst
INC-101774,2026-07-10 21:07,malware detected,Zone G,Medium,Field Officer
INC-101775,18-Jul-2026 02:33,weather alert,,High,Hotline
INC-101776,04-May-2026 18:50,phishing attempt,Zone D,Medium,
INC-101777,2026-05-16 08:51,phishing attempt,Zone H,3,Field Officer
INC-101778,26-Jun-2026 22:24,weather alert,Zone C,High,SOC Analyst
INC-101779,2026-07-01 06:38,PHYSICAL BREACH,,Critical,
INC-101780,05/10/2026 20:03,INTRUSION,,High,Auto-Sensor
INC-101781,28-Jun-2026 09:02,unauthorized-access,Zone E,Medium,
INC-101782,2026-07-02 20:08,cyber-intrusion,Zone E,High,Field Officer
INC-101783,05/16/2026 13:22,perimeter breach,,High,Auto-Sensor
INC-101784,07/18/2026 05:00,Intrusion Attempt,Zone B,Medium,Hotline
INC-101785,2026-06-19 02:26,cyber-intrusion,Zone I,High,Field Officer
INC-101786,2026-05-07 23:31,phishing attempt,Zone D,Low,Auto-Sensor
INC-101787,24-Jun-2026 17:33,Physical Security,,Critical,Field Officer
INC-101788,05/11/2026 06:55,Other,Zone G,4,
INC-101789,04-May-2026 23:55,INTRUSION,Zone H,Low,Field Officer
INC-101790,23-Jun-2026 07:51,CYBER,Zone F,Low,SOC Analyst
INC-101791,27-Jul-2026 00:21,phishing attempt,Zone H,Medium,
INC-101792,06/15/2026 21:06,CYBER,Zone C,Low,
INC-101793,20-Jun-2026 18:54,Physical Security,Zone H,Low,Hotline
INC-101794,09-May-2026 22:13,intrusion detected,Zone G,4,Field Officer
INC-101795,2026-05-11 00:17,Intrusion Attempt,Zone A,High,Field Officer
INC-101796,2026-06-13 12:19,physical breach,Zone F,4,Hotline
INC-101797,28-May-2026 04:38,Cyber Incident,Zone F,,Hotline
INC-101798,07/14/2026 15:35,PHYSICAL BREACH,,Medium,
INC-101799,2026-07-21 16:26,Other,Zone B,Medium,Hotline
INC-101800,2026-05-24 05:28,Intrusion,Zone C,3,Field Officer
INC-101801,2026-06-15 21:20,INTRUSION,Zone F,High,Auto-Sensor
INC-101802,2026-05-05 00:57,physical breach,,3,SOC Analyst
INC-101803,22-Jul-2026 01:13,intrusion detected,Zone C,Medium,Hotline
INC-101804,2026-07-16 10:10,weather alert,,High,
INC-101805,2026-05-16 09:32,intrusion detected,Zone B,Medium,SOC Analyst
INC-101806,05/29/2026 03:56,Cyber Incident,Zone I,Low,Hotline
INC-101807,2026-07-15 13:49,unclassified,,High,Hotline
INC-101808,23-Jun-2026 16:23,Intrusion Attempt,,3,Field Officer
INC-101809,2026-06-26 09:24,Cyber Incident,Zone B,High,Hotline
INC-101810,21-Jul-2026 13:14,unauthorized-access,Zone A,Low,
INC-101811,05/06/2026 12:48,intrusion detected,Zone B,Medium,Hotline
INC-101812,2026-05-02 21:13,perimeter breach,Zone H,Critical,
INC-101813,2026-07-26 08:41,PHYSICAL BREACH,Zone B,High,Hotline
INC-101814,2026-05-14 16:14,Environmental Risk,Zone H,Medium,SOC Analyst
INC-101815,2026-05-20 14:01,phishing attempt,Zone H,Medium,
INC-101816,09-Jul-2026 07:56,perimeter breach,,High,SOC Analyst
INC-101817,2026-07-22 04:07,Intrusion Attempt,Zone H,High,
INC-101818,2026-06-30 17:48,unclassified,Zone J,High,Field Officer
INC-101819,05/15/2026 22:23,PHYSICAL BREACH,Zone G,3,Hotline
INC-101820,2026-06-06 19:26,intrusion detected,Zone I,Critical,Field Officer
INC-101821,2026-07-08 09:54,physical breach,Zone J,Medium,Auto-Sensor
INC-101822,08-Jul-2026 02:55,malware detected,Zone H,3,Field Officer
INC-101823,06/19/2026 04:53,env. hazard,,High,Hotline
INC-101824,04-May-2026 09:25,malware detected,Zone E,High,Field Officer
INC-101825,06/16/2026 02:06,Environmental Risk,Zone J,3,
INC-101826,2026-05-07 02:59,Cyber Incident,Zone C,3,SOC Analyst
INC-101827,28-Jun-2026 05:57,perimeter breach,Zone I,High,Hotline
INC-101828,2026-06-17 22:25,INTRUSION,Zone J,Low,SOC Analyst
INC-101829,17-Jun-2026 13:55,Environmental Risk,,,SOC Analyst
INC-101830,10-May-2026 10:59,INTRUSION,Zone B,Low,
INC-101831,18-Jun-2026 12:22,perimeter breach,Zone B,Medium,SOC Analyst
INC-101832,05/30/2026 19:21,phishing attempt,Zone G,Low,SOC Analyst
INC-101833,06/03/2026 14:43,ENVIRONMENTAL,Zone B,High,
INC-101834,2026-05-13 20:04,Intrusion Attempt,Zone B,,Auto-Sensor
INC-101835,25-May-2026 16:26,Physical Security,,High,SOC Analyst
INC-101836,2026-06-03 11:29,physical breach,,Low,Hotline
INC-101837,21-May-2026 03:36,malware detected,Zone H,Low,Auto-Sensor
INC-101838,06/09/2026 08:00,perimeter breach,Zone E,Critical,
INC-101839,20-Jun-2026 22:08,perimeter breach,,Critical,SOC Analyst
INC-101840,07/21/2026 07:48,unauthorized-access,Zone H,3,
INC-101841,2026-05-04 15:57,Intrusion Attempt,Zone D,High,
INC-101842,2026-06-15 00:32,malware detected,,,Hotline
INC-101843,17-Jul-2026 11:31,env. hazard,Zone D,Critical,Auto-Sensor
INC-101844,06/28/2026 07:44,Intrusion,Zone B,High,SOC Analyst
INC-101845,07/13/2026 09:47,Intrusion,Zone H,Medium,Auto-Sensor
INC-101846,2026-06-03 08:54,unclassified,Zone B,Medium,Auto-Sensor
INC-101847,05-Jul-2026 03:29,PHYSICAL BREACH,Zone I,4,SOC Analyst
INC-101848,03-Jun-2026 06:22,weather alert,,High,Auto-Sensor
INC-101849,06/26/2026 04:02,perimeter breach,,High,Auto-Sensor
INC-101850,06/12/2026 13:22,ENVIRONMENTAL,Zone E,High,Auto-Sensor
INC-101851,03-May-2026 07:47,ENVIRONMENTAL,Zone B,High,Hotline
INC-101852,2026-07-17 07:15,unauthorized-access,Zone G,Low,Auto-Sensor
INC-101853,2026-07-05 15:30,malware detected,Zone E,High,Field Officer
INC-101854,12-Jul-2026 10:46,unauthorized-access,Zone E,Low,SOC Analyst
INC-101855,04-Jul-2026 15:23,ENVIRONMENTAL,Zone F,High,SOC Analyst
INC-101856,05/16/2026 19:32,Intrusion Attempt,Zone B,Medium,
INC-101857,05-Jul-2026 18:06,Other,Zone J,Critical,SOC Analyst
INC-101858,2026-05-07 10:24,cyber-intrusion,Zone I,High,Auto-Sensor
INC-101859,2026-05-21 13:10,intrusion detected,Zone J,Medium,Auto-Sensor
INC-101860,06/24/2026 01:14,Intrusion Attempt,Zone A,Medium,Auto-Sensor
INC-101861,2026-06-07 18:37,INTRUSION,Zone B,Medium,SOC Analyst
INC-101862,12-Jul-2026 23:09,weather alert,,Medium,SOC Analyst
INC-101863,26-Jun-2026 20:25,Physical Security,Zone A,High,Field Officer
INC-101864,27-Jun-2026 06:54,phishing attempt,Zone H,Critical,SOC Analyst
INC-101865,20-Jul-2026 01:10,Intrusion Attempt,Zone A,3,Hotline
INC-101866,2026-05-16 07:42,perimeter breach,Zone J,4,SOC Analyst
INC-101867,2026-06-14 00:25,Cyber Incident,Zone B,4,SOC Analyst
INC-101868,08-Jun-2026 15:52,cyber-intrusion,Zone C,3,SOC Analyst
INC-101869,31-May-2026 00:01,Cyber Incident,Zone E,,Hotline
INC-101870,2026-06-18 02:18,Environmental Risk,Zone F,Low,Field Officer
INC-101871,29-May-2026 11:17,CYBER,Zone G,High,Hotline
INC-101872,02-May-2026 17:11,Intrusion Attempt,Zone D,,
INC-101873,07/17/2026 20:39,env. hazard,,High,Auto-Sensor
INC-101874,07/05/2026 05:27,physical breach,Zone J,Low,Field Officer
INC-101875,03-May-2026 12:14,Environmental Risk,Zone A,,Auto-Sensor
INC-101876,19-May-2026 11:06,malware detected,Zone F,3,SOC Analyst
INC-101877,18-Jul-2026 20:28,perimeter breach,,Medium,Hotline
INC-101878,2026-05-09 03:35,PHYSICAL BREACH,Zone J,Critical,Hotline
INC-101879,13-Jun-2026 17:54,CYBER,Zone G,Low,SOC Analyst
INC-101880,2026-06-08 20:34,unauthorized-access,Zone B,Low,Auto-Sensor
INC-101881,2026-05-27 15:53,unauthorized-access,Zone C,Medium,
INC-101882,05/06/2026 05:18,ENVIRONMENTAL,,Low,SOC Analyst
INC-101883,28-May-2026 01:36,Physical Security,Zone C,High,Auto-Sensor
INC-101884,19-May-2026 03:22,env. hazard,Zone H,High,Hotline
INC-101885,06/01/2026 02:40,Other,Zone E,Medium,SOC Analyst
INC-101886,2026-06-18 18:01,Environmental Risk,Zone C,High,Auto-Sensor
INC-101887,05/31/2026 14:31,perimeter breach,Zone E,Critical,Hotline
INC-101888,2026-05-25 10:00,env. hazard,Zone B,Medium,Field Officer
INC-101889,2026-07-08 23:58,malware detected,Zone E,Low,
INC-101890,14-Jun-2026 00:17,unclassified,Zone H,3,
INC-101891,26-Jun-2026 18:05,cyber-intrusion,Zone I,Critical,Field Officer
INC-101892,2026-05-23 11:42,env. hazard,Zone C,Medium,Hotline
INC-101893,2026-05-10 06:20,physical breach,,Medium,SOC Analyst
INC-101894,19-Jul-2026 00:36,Intrusion,Zone B,Low,Hotline
INC-101895,14-Jul-2026 00:48,unclassified,Zone A,Medium,Field Officer
INC-101896,05/25/2026 14:52,unclassified,Zone E,3,
INC-101897,07/23/2026 19:57,CYBER,Zone A,Medium,
INC-101898,2026-06-23 18:20,intrusion detected,Zone G,Critical,Field Officer
INC-101899,2026-05-15 22:49,CYBER,Zone B,Medium,SOC Analyst
INC-101900,05/19/2026 19:09,weather alert,Zone C,3,Hotline
INC-101901,05/13/2026 03:23,malware detected,Zone D,Medium,Auto-Sensor
INC-101902,2026-07-13 21:23,Intrusion,Zone E,High,SOC Analyst
INC-101903,16-Jun-2026 08:57,phishing attempt,Zone A,High,Hotline
INC-101904,07/24/2026 10:15,Intrusion,Zone B,Low,
INC-101905,2026-05-10 05:04,physical breach,Zone D,Medium,
INC-101906,06/05/2026 00:00,malware detected,,Medium,
INC-101907,05/27/2026 18:44,cyber-intrusion,Zone A,,
INC-101908,08-May-2026 00:10,Other,Zone A,Medium,Auto-Sensor
INC-101909,06-Jul-2026 06:04,cyber-intrusion,Zone A,Low,Field Officer
INC-101910,2026-07-13 02:05,Intrusion,Zone H,Medium,
INC-101911,29-May-2026 02:47,env. hazard,,Medium,SOC Analyst
INC-101912,2026-05-05 15:36,ENVIRONMENTAL,Zone E,4,SOC Analyst
INC-101913,18-May-2026 18:39,ENVIRONMENTAL,,3,Auto-Sensor
INC-101914,12-Jun-2026 14:59,unauthorized-access,,Low,
INC-101915,2026-07-27 17:34,cyber-intrusion,Zone F,Low,Hotline
INC-101916,2026-05-25 20:13,unauthorized-access,Zone J,High,Auto-Sensor
INC-101917,05/25/2026 11:39,phishing attempt,Zone C,Critical,Hotline
INC-101918,2026-05-28 21:33,Intrusion Attempt,,4,Hotline
INC-101919,2026-06-11 16:54,intrusion detected,Zone J,Low,Field Officer
INC-101920,16-Jul-2026 03:12,Other,Zone G,,SOC Analyst
INC-101921,2026-06-13 20:27,INTRUSION,,High,
INC-101922,15-May-2026 13:31,phishing attempt,Zone D,3,Auto-Sensor
INC-101923,07/03/2026 09:04,ENVIRONMENTAL,Zone C,3,
INC-101924,05/02/2026 21:48,env. hazard,Zone D,3,SOC Analyst
INC-101925,05/09/2026 18:52,unclassified,Zone F,High,Field Officer
INC-101926,06/18/2026 21:08,env. hazard,Zone E,Medium,Hotline
INC-101927,16-Jul-2026 19:07,INTRUSION,Zone H,Medium,Hotline
INC-101928,20-Jun-2026 16:34,INTRUSION,Zone D,Low,
INC-101929,08-Jun-2026 03:27,PHYSICAL BREACH,Zone B,Medium,Auto-Sensor
INC-101930,06/23/2026 22:25,unclassified,Zone F,High,
INC-101931,28-May-2026 20:57,intrusion detected,Zone A,Critical,Auto-Sensor
INC-101932,2026-07-27 15:06,unauthorized-access,,High,Auto-Sensor
INC-101933,05/05/2026 07:40,Intrusion,,Medium,Hotline
INC-101934,07/02/2026 02:49,cyber-intrusion,Zone I,4,Field Officer
INC-101935,28-May-2026 03:05,malware detected,,High,Hotline
INC-101936,12-May-2026 06:09,ENVIRONMENTAL,Zone C,Critical,SOC Analyst
INC-101937,07/07/2026 12:59,physical breach,Zone H,Low,SOC Analyst
INC-101938,09-Jun-2026 17:01,Other,Zone D,Critical,Field Officer
INC-101939,2026-05-31 04:45,Physical Security,Zone F,Medium,Auto-Sensor
INC-101940,2026-06-21 02:13,N/A,Zone J,Low,Auto-Sensor
INC-101941,07/17/2026 03:47,Environmental Risk,Zone J,Medium,Auto-Sensor
INC-101942,06/29/2026 09:56,intrusion detected,,Medium,
INC-101943,22-Jun-2026 16:06,env. hazard,Zone F,Medium,SOC Analyst
INC-101944,01-May-2026 17:59,intrusion detected,Zone B,Low,Auto-Sensor
INC-101945,2026-07-07 04:46,Cyber Incident,Zone E,High,Hotline
INC-101946,2026-07-23 01:48,cyber-intrusion,Zone G,Medium,
INC-101947,2026-06-15 10:14,malware detected,Zone J,3,
INC-101948,08-Jun-2026 11:42,phishing attempt,Zone G,High,SOC Analyst
INC-101949,2026-07-01 02:59,weather alert,Zone C,4,SOC Analyst
INC-101950,06/06/2026 17:06,CYBER,,Low,Field Officer
INC-101951,12-May-2026 19:19,unclassified,Zone G,Medium,Hotline
INC-101952,29-Apr-2026 03:20,intrusion detected,Zone C,High,
INC-101953,05/31/2026 19:58,misc incident,Zone J,Medium,SOC Analyst
INC-101954,05/10/2026 00:15,Physical Security,,Medium,SOC Analyst
INC-101955,07/14/2026 23:23,phishing attempt,Zone F,Medium,
INC-101956,05/10/2026 03:07,physical breach,Zone I,High,Field Officer
INC-101957,07/13/2026 07:35,cyber-intrusion,Zone I,High,SOC Analyst
INC-101958,07/23/2026 04:02,intrusion detected,Zone B,High,SOC Analyst
INC-101959,24-May-2026 00:17,PHYSICAL BREACH,Zone E,Medium,Auto-Sensor
INC-101960,2026-07-10 06:20,PHYSICAL BREACH,Zone J,,
INC-101961,06/03/2026 02:52,INTRUSION,Zone H,Low,
INC-101962,07/19/2026 23:28,Cyber Incident,,4,SOC Analyst
INC-101963,05/17/2026 23:27,env. hazard,Zone A,Medium,
INC-101964,08-Jun-2026 23:42,malware detected,Zone I,Medium,Field Officer
INC-101965,2026-06-07 10:13,env. hazard,Zone B,3,SOC Analyst
INC-101966,06/06/2026 08:22,perimeter breach,Zone H,Critical,SOC Analyst
INC-101967,14-Jun-2026 12:56,weather alert,Zone G,Low,Field Officer
INC-101968,06/14/2026 04:58,cyber-intrusion,,High,
INC-101969,2026-06-06 12:06,perimeter breach,Zone A,Medium,Field Officer
INC-101970,09-May-2026 22:20,Environmental Risk,Zone A,Medium,Hotline
INC-101971,07/02/2026 00:26,Intrusion Attempt,Zone I,4,Field Officer
INC-101972,24-May-2026 05:04,env. hazard,Zone H,Medium,
INC-101973,03-Jun-2026 06:19,Cyber Incident,Zone F,3,Auto-Sensor
INC-101974,21-Jun-2026 10:54,Intrusion,Zone B,Medium,SOC Analyst
INC-101975,21-May-2026 08:26,CYBER,Zone J,Critical,Auto-Sensor
INC-101976,2026-06-24 06:47,Intrusion,,Medium,Auto-Sensor
INC-101977,2026-06-25 22:33,phishing attempt,,High,
INC-101978,06/15/2026 03:41,cyber-intrusion,Zone G,Medium,Field Officer
INC-101979,2026-05-20 09:49,cyber-intrusion,Zone E,Low,
INC-101980,12-Jul-2026 20:38,Intrusion Attempt,,3,Field Officer
INC-101981,2026-05-15 14:39,perimeter breach,Zone I,Medium,Auto-Sensor
INC-101982,07/05/2026 16:27,unclassified,Zone D,High,Hotline
INC-101983,01-Jun-2026 11:22,malware detected,Zone J,Low,Hotline
INC-101984,05/21/2026 06:15,ENVIRONMENTAL,,Medium,
INC-101985,2026-06-09 20:02,malware detected,Zone C,High,Field Officer
INC-101986,07/15/2026 04:36,cyber-intrusion,Zone I,,Auto-Sensor
INC-101987,13-Jun-2026 21:04,intrusion detected,,Low,Hotline
INC-101988,28-May-2026 10:21,env. hazard,Zone I,4,
INC-101989,06/27/2026 18:24,N/A,Zone A,Medium,Hotline
INC-101990,05/04/2026 06:24,Physical Security,,High,Hotline
INC-101991,07/21/2026 05:36,phishing attempt,Zone G,Medium,SOC Analyst
INC-101992,2026-06-13 21:56,ENVIRONMENTAL,Zone E,Medium,
INC-101993,2026-07-09 18:25,ENVIRONMENTAL,Zone A,High,Auto-Sensor
INC-101994,2026-06-22 22:34,misc incident,Zone I,Medium,Field Officer
INC-101995,30-Apr-2026 17:55,malware detected,Zone A,Low,Field Officer
INC-101996,2026-06-06 11:45,unauthorized-access,,Critical,SOC Analyst
INC-101997,30-Apr-2026 07:17,misc incident,Zone G,Medium,
INC-101998,05-May-2026 21:46,Physical Security,Zone I,Medium,SOC Analyst
INC-101999,18-Jul-2026 22:04,Intrusion Attempt,Zone D,3,Field Officer
INC-102000,05/28/2026 19:55,Physical Security,Zone F,Medium,Hotline
INC-102001,27-May-2026 04:00,Intrusion Attempt,Zone F,Medium,Field Officer
INC-102002,2026-07-03 07:30,intrusion detected,Zone B,High,Field Officer
INC-102003,07/21/2026 20:41,PHYSICAL BREACH,Zone I,Low,SOC Analyst
INC-102004,06/24/2026 01:33,CYBER,Zone B,4,Field Officer
INC-102005,2026-05-11 15:30,Cyber Incident,Zone D,High,Auto-Sensor
INC-102006,07/19/2026 16:14,malware detected,Zone A,Low,Hotline
INC-102007,15-Jul-2026 12:08,Physical Security,,3,SOC Analyst
INC-102008,2026-07-06 15:17,INTRUSION,Zone G,3,Auto-Sensor
INC-102009,17-May-2026 05:14,cyber-intrusion,Zone G,Medium,Field Officer
INC-102010,05/10/2026 23:42,ENVIRONMENTAL,Zone I,High,Field Officer
INC-102011,2026-06-07 06:39,Environmental Risk,Zone D,Medium,Auto-Sensor
INC-102012,2026-05-25 19:41,PHYSICAL BREACH,Zone G,4,Hotline
INC-102013,04/29/2026 23:11,Environmental Risk,Zone I,4,Auto-Sensor
INC-102014,05/08/2026 02:45,misc incident,Zone J,High,Hotline
INC-102015,05/22/2026 11:46,Intrusion,Zone E,Medium,SOC Analyst
INC-102016,06/09/2026 00:07,PHYSICAL BREACH,,Medium,Hotline
INC-102017,2026-06-15 21:09,Physical Security,Zone J,Low,
INC-102018,27-Jun-2026 15:27,N/A,Zone I,Medium,Hotline
INC-102019,20-Jul-2026 22:30,Cyber Incident,Zone D,Critical,SOC Analyst
INC-102020,03-Jul-2026 18:07,unauthorized-access,,Medium,
INC-102021,2026-05-28 03:50,N/A,Zone I,3,Field Officer
INC-102022,2026-06-23 12:25,physical breach,Zone H,Critical,SOC Analyst
INC-102023,2026-05-26 22:11,env. hazard,Zone E,Medium,Auto-Sensor
INC-102024,05/01/2026 05:26,physical breach,Zone C,High,
INC-102025,05/08/2026 15:21,Other,Zone F,Medium,
INC-102026,07/22/2026 18:13,misc incident,,High,Hotline
INC-102027,05/17/2026 08:45,Environmental Risk,,Medium,Hotline
INC-102028,2026-04-29 18:03,Cyber Incident,Zone E,Medium,Auto-Sensor
INC-102029,05/22/2026 11:53,INTRUSION,Zone A,Low,Field Officer
INC-102030,05/23/2026 02:21,PHYSICAL BREACH,Zone D,Medium,Auto-Sensor
INC-102031,2026-05-19 15:38,misc incident,,High,Auto-Sensor
INC-102032,16-Jun-2026 07:47,cyber-intrusion,Zone E,Low,
INC-102033,28-May-2026 11:52,intrusion detected,Zone I,3,Hotline
INC-102034,2026-07-05 13:55,ENVIRONMENTAL,Zone C,Low,SOC Analyst
INC-102035,06/19/2026 14:28,CYBER,Zone F,High,
INC-102036,01-May-2026 14:54,intrusion detected,Zone D,,SOC Analyst
INC-102037,05/11/2026 05:30,Environmental Risk,Zone C,Medium,Hotline
INC-102038,03-Jul-2026 03:36,Cyber Incident,Zone G,Medium,
INC-102039,07/20/2026 08:24,Intrusion,Zone H,Critical,Field Officer
INC-102040,07/02/2026 13:46,cyber-intrusion,Zone C,Medium,Field Officer
INC-102041,2026-07-07 17:57,env. hazard,Zone I,3,Field Officer
INC-102042,30-Apr-2026 20:25,intrusion detected,Zone H,Medium,SOC Analyst
INC-102043,30-Apr-2026 10:13,malware detected,,High,Hotline
INC-102044,05/12/2026 14:47,ENVIRONMENTAL,Zone H,High,SOC Analyst
INC-102045,07/19/2026 09:07,Intrusion Attempt,Zone A,3,Field Officer
INC-102046,05/23/2026 07:57,malware detected,Zone C,Low,Auto-Sensor
INC-102047,06/05/2026 21:12,intrusion detected,Zone D,High,SOC Analyst
INC-102048,30-Apr-2026 14:00,CYBER,Zone C,High,SOC Analyst
INC-102049,2026-07-14 03:50,Intrusion Attempt,Zone C,High,Hotline
INC-102050,2026-05-13 09:10,weather alert,Zone G,Medium,
INC-102051,2026-07-24 19:28,Physical Security,Zone B,High,
INC-102052,02-May-2026 01:11,misc incident,Zone A,High,Field Officer
INC-102053,06/19/2026 02:30,phishing attempt,Zone I,3,Hotline
INC-102054,2026-05-13 13:47,CYBER,Zone C,Medium,Hotline
INC-102055,02-Jul-2026 22:34,unauthorized-access,,Medium,Field Officer
INC-102056,06/20/2026 03:59,weather alert,Zone D,Medium,
INC-102057,14-Jul-2026 00:08,Cyber Incident,Zone H,High,
INC-102058,2026-06-27 02:03,unclassified,Zone D,Low,Hotline
INC-102059,05/04/2026 14:50,N/A,Zone D,Medium,Auto-Sensor
INC-102060,06/03/2026 04:04,PHYSICAL BREACH,Zone G,Low,Hotline
INC-102061,25-Jul-2026 15:37,malware detected,,High,SOC Analyst
INC-102062,2026-07-26 08:21,unclassified,Zone A,Low,SOC Analyst
INC-102063,30-May-2026 19:32,env. hazard,,Medium,Field Officer
INC-102064,2026-06-15 12:48,Intrusion,,3,Field Officer
INC-102065,2026-06-23 17:14,malware detected,Zone C,Low,Hotline
INC-102066,06/06/2026 14:19,unclassified,Zone G,Critical,Hotline
INC-102067,18-May-2026 21:33,PHYSICAL BREACH,Zone E,Medium,
INC-102068,20-Jun-2026 14:51,cyber-intrusion,,Low,Auto-Sensor
INC-102069,07/03/2026 17:30,Other,Zone J,High,
INC-102070,15-Jun-2026 19:11,phishing attempt,Zone E,High,Auto-Sensor
INC-102071,07/09/2026 19:49,malware detected,Zone G,Low,SOC Analyst
INC-102072,06/07/2026 15:31,Cyber Incident,Zone G,Medium,Auto-Sensor
INC-102073,05/17/2026 06:50,Intrusion Attempt,,,SOC Analyst
INC-102074,2026-06-29 03:22,ENVIRONMENTAL,Zone C,High,SOC Analyst
INC-102075,2026-06-04 14:57,intrusion detected,Zone E,High,Field Officer
INC-102076,07/06/2026 13:04,cyber-intrusion,Zone A,High,Auto-Sensor
INC-102077,2026-05-28 01:57,perimeter breach,Zone H,Medium,SOC Analyst
INC-102078,07/16/2026 06:00,weather alert,Zone E,Medium,Auto-Sensor
INC-102079,2026-05-05 01:07,ENVIRONMENTAL,,Medium,Hotline
INC-102080,07/06/2026 16:54,unauthorized-access,Zone J,3,SOC Analyst
INC-102081,05/08/2026 06:58,weather alert,Zone H,Low,Hotline
INC-102082,07-Jun-2026 05:57,weather alert,Zone C,High,
INC-102083,29-May-2026 06:11,ENVIRONMENTAL,,High,SOC Analyst
INC-102084,06/08/2026 00:36,physical breach,Zone A,High,Auto-Sensor
INC-102085,2026-06-29 22:15,phishing attempt,Zone F,High,SOC Analyst
INC-102086,06-Jun-2026 00:21,weather alert,Zone A,Critical,Field Officer
INC-102087,19-Jun-2026 04:58,Environmental Risk,,3,
INC-102088,05-Jul-2026 18:24,Intrusion Attempt,Zone J,High,Field Officer
INC-102089,2026-05-31 17:26,Intrusion,Zone D,High,Hotline
INC-102090,2026-07-21 22:28,INTRUSION,Zone I,4,SOC Analyst
INC-102091,2026-06-01 12:23,Intrusion,Zone E,,
INC-102092,07/26/2026 11:07,Intrusion Attempt,Zone H,4,
INC-102093,2026-05-30 13:38,Environmental Risk,,High,Auto-Sensor
INC-102094,29-May-2026 06:40,intrusion detected,Zone J,High,SOC Analyst
INC-102095,06/18/2026 23:38,PHYSICAL BREACH,Zone B,Low,Field Officer
INC-102096,2026-06-21 12:15,CYBER,,Low,Field Officer
INC-102097,06/23/2026 21:42,PHYSICAL BREACH,Zone C,High,Hotline
INC-102098,06/16/2026 09:51,malware detected,Zone B,Medium,Hotline
INC-102099,07/18/2026 09:09,cyber-intrusion,Zone E,Medium,SOC Analyst
INC-102100,2026-06-24 07:23,Intrusion,Zone J,High,Hotline
INC-102101,10-Jul-2026 14:14,cyber-intrusion,Zone H,High,Field Officer
INC-102102,06-Jun-2026 09:45,malware detected,Zone J,,Field Officer
INC-102103,07/08/2026 19:34,intrusion detected,Zone H,,
INC-102104,06/02/2026 02:37,unauthorized-access,Zone B,Medium,Field Officer
INC-102105,05/07/2026 02:39,cyber-intrusion,,Medium,
INC-102106,06/17/2026 05:09,INTRUSION,Zone I,High,SOC Analyst
INC-102107,2026-06-05 00:49,Physical Security,Zone F,Low,SOC Analyst
INC-102108,2026-06-08 10:09,PHYSICAL BREACH,Zone A,Low,Hotline
INC-102109,28-Jun-2026 09:24,ENVIRONMENTAL,Zone C,Medium,Auto-Sensor
INC-102110,2026-06-22 18:40,env. hazard,Zone E,Medium,SOC Analyst
INC-102111,10-Jun-2026 03:38,env. hazard,Zone I,Low,SOC Analyst
INC-102112,17-Jul-2026 08:35,physical breach,Zone F,High,Hotline
INC-102113,2026-05-30 04:14,malware detected,,Critical,SOC Analyst
INC-102114,2026-07-06 04:46,intrusion detected,Zone G,Medium,Auto-Sensor
INC-102115,27-Jun-2026 10:38,perimeter breach,Zone G,Low,Hotline
INC-102116,06-Jul-2026 05:09,cyber-intrusion,Zone C,Medium,SOC Analyst
INC-102117,05/07/2026 22:52,weather alert,,Medium,Hotline
INC-102118,2026-06-01 04:50,physical breach,,Low,Hotline
INC-102119,2026-05-16 03:31,Intrusion,Zone D,Medium,Hotline
INC-102120,2026-06-18 07:34,INTRUSION,Zone J,4,
INC-102121,21-Jun-2026 22:15,intrusion detected,Zone D,Critical,Hotline
INC-102122,05/16/2026 03:49,physical breach,Zone F,Critical,SOC Analyst
INC-102123,06-May-2026 17:17,intrusion detected,Zone J,Critical,Hotline
INC-102124,2026-06-24 07:13,ENVIRONMENTAL,Zone A,Critical,
INC-102125,07-Jul-2026 21:26,ENVIRONMENTAL,,,SOC Analyst
INC-102126,05/25/2026 22:31,Other,Zone G,High,SOC Analyst
INC-102127,2026-07-07 02:54,INTRUSION,Zone G,Medium,
INC-102128,27-Jul-2026 13:38,Environmental Risk,Zone G,Critical,
INC-102129,07/07/2026 06:00,cyber-intrusion,Zone C,Low,SOC Analyst
INC-102130,07/05/2026 01:25,Environmental Risk,Zone C,3,
INC-102131,05-May-2026 01:20,unauthorized-access,Zone J,3,SOC Analyst
INC-102132,2026-07-16 12:06,PHYSICAL BREACH,Zone B,High,
INC-102133,28-Jun-2026 16:26,weather alert,Zone J,Critical,Hotline
INC-102134,21-Jun-2026 10:35,cyber-intrusion,Zone F,Low,Field Officer
INC-102135,2026-06-30 09:26,Cyber Incident,,Low,Auto-Sensor
INC-102136,05/23/2026 21:05,Physical Security,Zone A,Medium,SOC Analyst
INC-102137,08-Jul-2026 15:53,intrusion detected,Zone H,Low,Auto-Sensor
INC-102138,18-Jun-2026 03:01,intrusion detected,Zone J,High,SOC Analyst
INC-102139,2026-07-09 17:05,weather alert,Zone I,4,Auto-Sensor
INC-102140,06/27/2026 17:59,malware detected,Zone E,High,Field Officer
INC-102141,06-Jun-2026 18:47,phishing attempt,Zone D,3,
INC-102142,06/13/2026 02:26,physical breach,,High,Field Officer
INC-102143,2026-06-20 13:49,malware detected,,3,Field Officer
INC-102144,06/27/2026 19:05,misc incident,Zone G,Medium,SOC Analyst
INC-102145,06/06/2026 14:56,weather alert,,Low,Hotline
INC-102146,15-May-2026 19:59,cyber-intrusion,Zone D,Low,SOC Analyst
INC-102147,05/11/2026 01:58,Intrusion Attempt,Zone B,High,SOC Analyst
INC-102148,07/16/2026 19:13,Cyber Incident,Zone E,Low,
INC-102149,11-Jul-2026 21:20,CYBER,Zone J,Medium,Hotline
INC-102150,02-May-2026 14:32,unauthorized-access,,Medium,Hotline
INC-102151,2026-05-02 02:31,Physical Security,Zone E,Medium,Field Officer
INC-102152,25-May-2026 19:14,CYBER,Zone B,4,
INC-102153,05/21/2026 14:35,weather alert,Zone I,High,Auto-Sensor
INC-102154,2026-05-22 17:19,intrusion detected,Zone C,Low,Auto-Sensor
INC-102155,23-Jun-2026 05:59,INTRUSION,Zone D,4,Auto-Sensor
INC-102156,07/27/2026 02:02,Environmental Risk,,Critical,Hotline
INC-102157,06/29/2026 18:18,N/A,Zone A,Medium,
INC-102158,23-Jul-2026 22:36,malware detected,Zone B,Medium,Auto-Sensor
INC-102159,2026-05-07 15:21,malware detected,Zone D,Medium,SOC Analyst
INC-102160,22-Jul-2026 18:43,Environmental Risk,Zone E,High,Field Officer
INC-102161,05/26/2026 17:05,weather alert,Zone B,Critical,Hotline
INC-102162,2026-07-06 18:57,PHYSICAL BREACH,Zone C,High,Auto-Sensor
INC-102163,22-Jun-2026 07:51,misc incident,Zone H,Medium,Field Officer
INC-102164,06/23/2026 13:43,Environmental Risk,Zone C,Medium,Field Officer
INC-102165,2026-05-19 21:13,env. hazard,Zone B,Low,Auto-Sensor
INC-102166,16-Jun-2026 21:02,perimeter breach,,Medium,Field Officer
INC-102167,21-May-2026 10:33,Intrusion Attempt,,Low,
INC-102168,06/14/2026 10:43,Other,,Low,Field Officer
INC-102169,07/23/2026 00:38,physical breach,Zone H,Low,
INC-102170,05/07/2026 09:35,physical breach,Zone J,3,SOC Analyst
INC-102171,2026-05-11 19:14,phishing attempt,Zone I,3,SOC Analyst
INC-102172,05/31/2026 00:57,phishing attempt,Zone E,Medium,SOC Analyst
INC-102173,2026-06-03 17:53,cyber-intrusion,Zone H,Medium,Field Officer
INC-102174,07/27/2026 21:07,cyber-intrusion,Zone A,Medium,Auto-Sensor
INC-102175,2026-07-01 04:36,misc incident,Zone A,Low,Field Officer
INC-102176,22-May-2026 16:11,misc incident,Zone F,High,SOC Analyst
INC-102177,01-Jun-2026 07:23,weather alert,Zone G,Critical,Auto-Sensor
INC-102178,05/28/2026 09:19,intrusion detected,Zone F,Medium,
INC-102179,05/14/2026 03:42,Intrusion Attempt,Zone C,High,Field Officer
INC-102180,2026-05-21 21:09,malware detected,Zone I,High,Hotline
INC-102181,2026-07-27 12:48,Intrusion Attempt,Zone B,4,Field Officer
INC-102182,16-Jul-2026 03:49,misc incident,Zone I,High,
INC-102183,2026-05-13 11:01,perimeter breach,Zone J,High,
INC-102184,2026-06-24 12:20,malware detected,Zone C,Critical,Field Officer
INC-102185,2026-07-04 14:54,cyber-intrusion,Zone D,Low,
INC-102186,10-Jul-2026 03:00,ENVIRONMENTAL,,High,
INC-102187,05/23/2026 12:01,ENVIRONMENTAL,Zone A,Critical,SOC Analyst
INC-102188,06/11/2026 22:56,cyber-intrusion,Zone F,High,Auto-Sensor
INC-102189,05/09/2026 13:53,physical breach,Zone A,Low,Auto-Sensor
INC-102190,07/19/2026 23:39,Other,,High,
INC-102191,18-Jun-2026 16:01,ENVIRONMENTAL,Zone J,Critical,Field Officer
INC-102192,13-Jun-2026 11:24,Environmental Risk,Zone F,High,SOC Analyst
INC-102193,12-May-2026 04:12,Intrusion,,,
INC-102194,07/12/2026 13:04,unauthorized-access,Zone D,4,SOC Analyst
INC-102195,25-May-2026 20:09,Physical Security,Zone J,Low,
INC-102196,16-Jul-2026 15:38,weather alert,,High,Hotline
INC-102197,07/14/2026 17:24,malware detected,Zone G,Medium,Field Officer
INC-102198,06/08/2026 16:44,env. hazard,Zone I,Medium,Auto-Sensor
INC-102199,30-May-2026 18:50,physical breach,Zone G,,Auto-Sensor
INC-102200,2026-07-01 09:22,perimeter breach,Zone F,Low,Auto-Sensor
INC-102201,07/08/2026 06:04,env. hazard,,High,
INC-102202,2026-07-07 22:19,Intrusion,,3,
INC-102203,2026-07-13 12:35,intrusion detected,Zone E,High,
INC-102204,05/28/2026 10:22,ENVIRONMENTAL,Zone C,Low,Field Officer
INC-102205,07-May-2026 07:59,Intrusion Attempt,Zone C,High,SOC Analyst
INC-102206,2026-06-27 12:40,Intrusion,Zone G,High,Auto-Sensor
INC-102207,2026-07-13 16:49,ENVIRONMENTAL,Zone F,High,
INC-102208,2026-07-13 20:36,Intrusion Attempt,Zone E,High,Field Officer
INC-102209,06/22/2026 07:56,INTRUSION,Zone C,Low,Field Officer
INC-102210,07/05/2026 16:03,unauthorized-access,Zone B,High,SOC Analyst
INC-102211,07/24/2026 00:49,phishing attempt,Zone G,High,
INC-102212,2026-07-10 03:12,Intrusion,,High,Hotline
INC-102213,04-Jul-2026 05:51,ENVIRONMENTAL,Zone J,Medium,Hotline
INC-102214,07-Jul-2026 00:53,Cyber Incident,Zone D,,
INC-102215,05/27/2026 01:42,intrusion detected,Zone F,4,
INC-102216,13-Jul-2026 01:36,N/A,Zone A,Critical,Auto-Sensor
INC-102217,2026-05-02 03:40,Other,,Low,Hotline
INC-102218,2026-07-26 14:59,Cyber Incident,Zone J,Medium,Auto-Sensor
INC-102219,2026-05-25 08:06,PHYSICAL BREACH,,Critical,SOC Analyst
INC-102220,03-Jul-2026 16:35,cyber-intrusion,Zone I,Medium,Field Officer
INC-102221,2026-05-25 12:13,Cyber Incident,Zone E,Medium,Field Officer
INC-102222,14-Jul-2026 12:41,unauthorized-access,Zone D,High,Hotline
INC-102223,28-May-2026 05:40,Intrusion Attempt,Zone D,Low,
INC-102224,2026-07-26 11:23,PHYSICAL BREACH,Zone C,High,
INC-102225,10-Jul-2026 10:14,env. hazard,Zone I,3,Hotline
INC-102226,14-Jul-2026 14:01,N/A,,High,Field Officer
INC-102227,25-May-2026 15:36,phishing attempt,Zone A,Critical,Auto-Sensor
INC-102228,25-May-2026 07:44,misc incident,,Medium,Auto-Sensor
INC-102229,06/17/2026 14:00,unclassified,Zone F,Low,Hotline
INC-102230,05-Jun-2026 03:45,CYBER,,High,Field Officer
INC-102231,06/22/2026 15:36,Intrusion,Zone C,Low,Hotline
INC-102232,05/22/2026 07:04,intrusion detected,Zone F,Medium,
INC-102233,18-Jun-2026 23:23,Intrusion Attempt,,Low,SOC Analyst
INC-102234,03-Jun-2026 00:41,perimeter breach,,Medium,Auto-Sensor
INC-102235,04-Jun-2026 17:41,unclassified,,High,Auto-Sensor
INC-102236,07-Jul-2026 01:21,CYBER,Zone D,High,Auto-Sensor
INC-102237,05/26/2026 13:45,Intrusion,Zone A,High,
INC-102238,02-Jul-2026 22:58,weather alert,Zone J,Critical,
INC-102239,13-Jun-2026 20:47,Environmental Risk,Zone B,Low,SOC Analyst
INC-102240,13-Jun-2026 11:28,Physical Security,Zone E,Low,Field Officer
INC-102241,2026-06-22 06:57,phishing attempt,Zone E,Medium,Hotline
INC-102242,2026-05-24 08:35,cyber-intrusion,Zone A,3,Hotline
INC-102243,04/29/2026 09:46,Physical Security,Zone H,Medium,Field Officer
INC-102244,2026-05-10 04:20,unclassified,Zone B,Medium,SOC Analyst
INC-102245,07/26/2026 08:41,Other,Zone E,Critical,Hotline
INC-102246,11-Jul-2026 17:22,PHYSICAL BREACH,Zone E,Low,Auto-Sensor
INC-102247,2026-05-06 18:22,ENVIRONMENTAL,Zone E,3,Field Officer
INC-102248,06/01/2026 02:47,PHYSICAL BREACH,Zone I,3,
INC-102249,2026-04-29 12:32,Intrusion,Zone G,Medium,Field Officer
INC-102250,2026-07-03 09:45,Cyber Incident,Zone D,Medium,Field Officer
INC-102251,2026-05-18 07:25,Cyber Incident,,Low,
INC-102252,05/05/2026 19:22,INTRUSION,Zone J,High,Field Officer
INC-102253,22-May-2026 16:22,weather alert,Zone I,Medium,Auto-Sensor
INC-102254,2026-07-14 13:31,intrusion detected,Zone J,Critical,
INC-102255,01-May-2026 22:26,physical breach,Zone F,Medium,Field Officer
INC-102256,2026-07-24 20:46,cyber-intrusion,Zone D,High,Field Officer
INC-102257,14-May-2026 09:52,perimeter breach,Zone I,High,Hotline
INC-102258,08-Jul-2026 12:25,cyber-intrusion,Zone G,3,SOC Analyst
INC-102259,30-May-2026 23:09,perimeter breach,Zone G,Low,SOC Analyst
INC-102260,05/27/2026 23:25,CYBER,Zone F,Medium,SOC Analyst
INC-102261,2026-06-28 13:14,Physical Security,Zone B,Medium,
INC-102262,16-Jun-2026 16:04,cyber-intrusion,Zone D,Low,SOC Analyst
INC-102263,05/27/2026 11:03,malware detected,Zone E,Low,
INC-102264,06/20/2026 09:09,perimeter breach,Zone A,Critical,SOC Analyst
INC-102265,07-May-2026 23:42,malware detected,Zone A,High,Field Officer
INC-102266,05/30/2026 06:23,Intrusion Attempt,,High,Hotline
INC-102267,11-Jun-2026 12:22,INTRUSION,Zone D,3,Auto-Sensor
INC-102268,13-May-2026 21:30,physical breach,Zone I,Critical,Auto-Sensor
INC-102269,05/03/2026 15:49,Environmental Risk,Zone F,,
INC-102270,07/21/2026 04:15,weather alert,Zone H,Low,SOC Analyst
INC-102271,2026-07-24 09:44,Physical Security,Zone B,Medium,
INC-102272,05/06/2026 19:39,CYBER,Zone J,Low,Field Officer
INC-102273,2026-05-22 21:06,Physical Security,Zone C,Critical,
INC-102274,23-Jul-2026 13:34,intrusion detected,Zone H,3,
INC-102275,21-Jul-2026 12:55,Physical Security,Zone B,High,Field Officer
INC-102276,2026-05-18 16:32,INTRUSION,Zone E,Medium,Hotline
INC-102277,07/15/2026 01:21,Intrusion,Zone G,High,
INC-102278,28-Jun-2026 06:24,phishing attempt,Zone H,High,Field Officer
INC-102279,07/07/2026 04:40,phishing attempt,Zone E,4,Hotline
INC-102280,06/24/2026 02:59,intrusion detected,,High,Hotline
INC-102281,06/03/2026 14:58,Other,,High,Auto-Sensor
INC-102282,2026-07-13 14:39,weather alert,Zone D,3,Hotline
INC-102283,2026-05-05 23:12,Physical Security,Zone G,Low,Auto-Sensor
INC-102284,2026-05-29 19:51,unauthorized-access,Zone G,Medium,Hotline
INC-102285,11-Jul-2026 05:17,unauthorized-access,Zone E,Critical,Hotline
INC-102286,2026-05-02 01:37,misc incident,,Medium,Field Officer
INC-102287,2026-06-12 10:27,PHYSICAL BREACH,,,Auto-Sensor
INC-102288,26-Jul-2026 10:08,INTRUSION,Zone H,3,Auto-Sensor
INC-102289,2026-05-21 08:45,unauthorized-access,,Low,Hotline
INC-102290,25-May-2026 11:01,Intrusion,Zone J,Critical,Field Officer
INC-102291,09-Jul-2026 09:39,physical breach,,High,Field Officer
INC-102292,2026-06-29 18:20,Other,Zone F,Medium,Hotline
INC-102293,2026-06-15 13:58,phishing attempt,Zone C,High,Auto-Sensor
INC-102294,05/30/2026 22:27,CYBER,Zone A,Low,Field Officer
INC-102295,10-Jul-2026 02:14,phishing attempt,Zone A,Critical,Field Officer
INC-102296,03-Jun-2026 15:17,Cyber Incident,Zone I,Low,Field Officer
INC-102297,24-Jul-2026 04:37,N/A,Zone A,Low,SOC Analyst
INC-102298,2026-07-26 20:05,misc incident,,Critical,SOC Analyst
INC-102299,06/24/2026 05:26,Other,Zone H,Critical,SOC Analyst
INC-102300,08-Jun-2026 07:40,physical breach,,Critical,Field Officer
INC-102301,06/02/2026 17:49,cyber-intrusion,Zone D,High,SOC Analyst
INC-102302,19-Jul-2026 05:53,Intrusion,Zone H,Low,Field Officer
INC-102303,24-May-2026 20:37,weather alert,,Medium,Auto-Sensor
INC-102304,07/02/2026 12:41,Intrusion Attempt,Zone J,Low,
INC-102305,07/13/2026 14:06,Physical Security,Zone E,Medium,Hotline
INC-102306,04-Jun-2026 19:32,phishing attempt,Zone A,Low,Field Officer
INC-102307,10-Jul-2026 21:24,malware detected,Zone E,High,Hotline
INC-102308,14-Jul-2026 07:29,intrusion detected,Zone A,Medium,Field Officer
INC-102309,07/23/2026 13:06,CYBER,Zone H,,
INC-102310,14-Jun-2026 15:03,CYBER,Zone F,Critical,Auto-Sensor
INC-102311,2026-07-13 03:12,phishing attempt,Zone E,Medium,SOC Analyst
INC-102312,2026-05-19 14:18,Physical Security,Zone G,High,SOC Analyst
INC-102313,05/01/2026 22:41,weather alert,,Medium,Hotline
INC-102314,02-May-2026 17:20,CYBER,Zone I,Medium,
INC-102315,05/15/2026 06:56,Environmental Risk,Zone I,3,Auto-Sensor
INC-102316,08-May-2026 18:53,Environmental Risk,Zone E,3,SOC Analyst
INC-102317,08-May-2026 21:56,PHYSICAL BREACH,Zone H,Medium,Auto-Sensor
INC-102318,30-Apr-2026 06:53,Intrusion,Zone I,High,SOC Analyst
INC-102319,2026-07-07 23:27,PHYSICAL BREACH,Zone I,High,Field Officer
INC-102320,27-May-2026 06:44,Intrusion,Zone F,Medium,Field Officer
INC-102321,06/16/2026 15:46,INTRUSION,Zone I,Medium,SOC Analyst
INC-102322,2026-06-17 17:21,malware detected,Zone J,Medium,Field Officer
INC-102323,06/01/2026 06:11,Physical Security,Zone B,Critical,Hotline
INC-102324,2026-05-11 12:47,cyber-intrusion,,3,
INC-102325,05/01/2026 09:22,malware detected,Zone B,Low,Hotline
INC-102326,05/11/2026 21:47,Other,Zone J,Medium,Hotline
INC-102327,2026-07-23 11:27,INTRUSION,,Critical,Field Officer
INC-102328,06/07/2026 07:28,Intrusion Attempt,,High,Field Officer
INC-102329,07/04/2026 09:23,phishing attempt,Zone G,3,Field Officer
INC-102330,05/31/2026 18:37,perimeter breach,Zone D,High,Field Officer
INC-102331,23-Jul-2026 03:42,INTRUSION,Zone I,Critical,
INC-102332,04-Jun-2026 17:43,malware detected,Zone E,Critical,Field Officer
INC-102333,05-Jun-2026 17:10,weather alert,Zone J,Critical,SOC Analyst
INC-102334,09-Jul-2026 14:48,PHYSICAL BREACH,Zone B,Medium,
INC-102335,2026-05-18 14:40,Other,Zone I,High,Auto-Sensor
INC-102336,2026-07-11 02:49,intrusion detected,Zone J,High,
INC-102337,2026-07-08 05:49,PHYSICAL BREACH,Zone J,Critical,SOC Analyst
INC-102338,05/21/2026 12:57,phishing attempt,Zone C,High,SOC Analyst
INC-102339,04-Jun-2026 04:07,INTRUSION,Zone H,Medium,Hotline
INC-102340,2026-05-30 02:18,PHYSICAL BREACH,Zone I,Medium,Auto-Sensor
INC-102341,05-Jul-2026 22:21,phishing attempt,Zone D,High,Field Officer
INC-102342,2026-07-23 01:32,cyber-intrusion,Zone B,Medium,Hotline
INC-102343,11-Jun-2026 14:55,Other,Zone I,Low,Auto-Sensor
INC-102344,2026-07-05 09:47,physical breach,Zone I,High,Auto-Sensor
INC-102345,21-Jul-2026 13:18,Physical Security,Zone C,Medium,Auto-Sensor
INC-102346,05/11/2026 23:43,Environmental Risk,Zone E,3,Hotline
INC-102347,07/12/2026 12:17,Intrusion,,Medium,Auto-Sensor
INC-102348,2026-07-20 17:05,Intrusion,,Critical,Hotline
INC-102349,07/10/2026 05:19,N/A,Zone C,Low,Auto-Sensor
INC-102350,2026-05-03 19:46,unclassified,Zone B,Low,Field Officer
INC-102351,2026-07-18 17:15,Physical Security,Zone D,Medium,Field Officer
INC-102352,05/31/2026 01:29,Intrusion Attempt,Zone E,Medium,SOC Analyst
INC-102353,07/12/2026 23:46,unclassified,Zone I,Critical,Hotline
INC-102354,06/20/2026 20:04,cyber-intrusion,Zone H,Medium,Hotline
INC-102355,08-Jul-2026 07:38,Environmental Risk,Zone J,Low,Field Officer
INC-102356,2026-05-12 05:02,Other,Zone C,Critical,Auto-Sensor
INC-102357,05/22/2026 05:35,misc incident,Zone E,Medium,Auto-Sensor
INC-102358,2026-06-05 17:00,malware detected,Zone C,Critical,
INC-102359,07/13/2026 08:27,intrusion detected,Zone B,Medium,Hotline
INC-102360,07/04/2026 13:22,unclassified,Zone A,High,Hotline
INC-102361,2026-05-04 03:16,phishing attempt,,Critical,Hotline
INC-102362,30-May-2026 16:38,phishing attempt,Zone G,,
INC-102363,05/29/2026 22:10,phishing attempt,Zone I,4,Auto-Sensor
INC-102364,12-Jun-2026 07:02,cyber-intrusion,Zone C,High,Hotline
INC-102365,25-May-2026 19:21,malware detected,Zone I,High,SOC Analyst
INC-102366,05/16/2026 13:46,PHYSICAL BREACH,Zone H,Critical,Hotline
INC-102367,2026-07-08 08:50,Cyber Incident,,Low,Hotline
INC-102368,07/12/2026 00:42,intrusion detected,Zone F,Medium,
INC-102369,24-Jul-2026 14:51,env. hazard,Zone G,Low,SOC Analyst
INC-102370,2026-06-30 19:38,unauthorized-access,Zone E,Medium,
INC-102371,06/17/2026 21:27,perimeter breach,Zone E,3,Hotline
INC-102372,14-Jul-2026 11:47,Environmental Risk,Zone A,Critical,
INC-102373,2026-05-03 21:17,misc incident,Zone J,Low,SOC Analyst
INC-102374,16-May-2026 22:47,PHYSICAL BREACH,,3,Hotline
INC-102375,05/21/2026 06:07,weather alert,Zone C,Low,Field Officer
INC-102376,2026-05-26 09:39,N/A,Zone C,High,SOC Analyst
INC-102377,2026-05-11 08:30,weather alert,Zone B,Medium,Field Officer
INC-102378,05/05/2026 06:41,Physical Security,Zone C,Medium,Auto-Sensor
INC-102379,2026-07-06 23:25,malware detected,,Low,Hotline
INC-102380,23-Jul-2026 01:22,env. hazard,Zone C,Medium,Hotline
INC-102381,2026-07-27 04:13,Intrusion,Zone A,3,Field Officer
INC-102382,09-Jul-2026 00:51,Intrusion,,Medium,Hotline
INC-102383,28-Jun-2026 04:15,physical breach,Zone C,Medium,SOC Analyst
INC-102384,31-May-2026 07:09,weather alert,Zone I,Medium,Auto-Sensor
INC-102385,05/27/2026 23:44,perimeter breach,Zone I,Medium,
INC-102386,06/28/2026 18:35,misc incident,Zone D,4,SOC Analyst
INC-102387,2026-07-01 04:52,cyber-intrusion,Zone A,,Auto-Sensor
INC-102388,06/16/2026 02:14,CYBER,Zone F,Medium,SOC Analyst
INC-102389,2026-05-26 20:12,unauthorized-access,Zone H,3,Hotline
INC-102390,24-Jun-2026 05:28,physical breach,Zone B,Medium,
INC-102391,21-May-2026 11:34,env. hazard,Zone A,3,Hotline
INC-102392,2026-07-02 23:21,Intrusion,Zone C,High,Hotline
INC-102393,06/30/2026 02:49,Intrusion,,High,SOC Analyst
INC-102394,2026-07-05 20:15,Cyber Incident,Zone H,High,SOC Analyst
INC-102395,05/15/2026 04:30,INTRUSION,Zone I,,SOC Analyst
INC-102396,2026-05-28 08:23,misc incident,Zone F,High,Hotline
INC-102397,16-Jul-2026 03:31,physical breach,Zone B,Low,Auto-Sensor
INC-102398,06/19/2026 17:53,Other,Zone G,3,Field Officer
INC-102399,02-May-2026 05:01,Physical Security,Zone J,High,Field Officer
INC-102400,2026-06-03 08:34,PHYSICAL BREACH,Zone D,Low,
INC-102401,06/28/2026 15:18,misc incident,Zone A,Medium,SOC Analyst
INC-102402,2026-04-30 04:29,unauthorized-access,Zone G,Medium,Field Officer
INC-102403,2026-06-01 13:51,CYBER,Zone E,Medium,SOC Analyst
INC-102404,2026-05-07 04:58,ENVIRONMENTAL,Zone H,Critical,Auto-Sensor
INC-102405,07/05/2026 08:34,unauthorized-access,Zone A,High,SOC Analyst
INC-102406,2026-06-25 03:15,malware detected,Zone D,High,SOC Analyst
INC-102407,2026-07-02 20:30,Intrusion,,Low,
INC-102408,10-May-2026 04:43,unauthorized-access,Zone B,Medium,Hotline
INC-102409,2026-05-12 14:02,Environmental Risk,Zone I,Low,
INC-102410,02-Jul-2026 06:54,Intrusion,Zone F,High,Hotline
INC-102411,22-Jun-2026 06:55,perimeter breach,Zone D,High,Auto-Sensor
INC-102412,19-Jun-2026 10:29,malware detected,,Low,Auto-Sensor
INC-102413,05/22/2026 13:32,malware detected,Zone F,Medium,
INC-102414,2026-06-30 22:01,Intrusion Attempt,Zone H,3,
INC-102415,05/03/2026 16:44,CYBER,Zone A,Critical,Auto-Sensor
INC-102416,30-Jun-2026 05:08,physical breach,,Medium,Hotline
INC-102417,05/11/2026 12:23,env. hazard,Zone I,3,Hotline
INC-102418,14-May-2026 06:41,Environmental Risk,Zone E,High,Field Officer
INC-102419,2026-07-12 22:37,misc incident,Zone F,High,Hotline
INC-102420,23-Jun-2026 09:47,PHYSICAL BREACH,Zone J,High,SOC Analyst
INC-102421,05/18/2026 13:41,ENVIRONMENTAL,Zone D,Critical,SOC Analyst
INC-102422,2026-07-20 16:26,unauthorized-access,Zone B,,Auto-Sensor
INC-102423,06/17/2026 11:15,intrusion detected,Zone J,Low,Auto-Sensor
INC-102424,03-Jun-2026 15:47,misc incident,Zone C,3,SOC Analyst
INC-102425,05/30/2026 06:17,ENVIRONMENTAL,Zone G,3,SOC Analyst
INC-102426,19-Jun-2026 13:34,Physical Security,Zone J,High,
INC-102427,2026-05-05 08:53,phishing attempt,,Low,SOC Analyst
INC-102428,22-Jun-2026 02:01,Cyber Incident,Zone C,Critical,
INC-102429,2026-06-15 20:25,perimeter breach,Zone A,Medium,Field Officer
INC-102430,2026-07-10 07:35,CYBER,Zone D,Critical,Hotline
INC-102431,05/31/2026 22:54,Intrusion Attempt,Zone J,Medium,Auto-Sensor
INC-102432,06/22/2026 02:22,INTRUSION,Zone I,Critical,
INC-102433,07/08/2026 05:54,Physical Security,Zone A,High,
INC-102434,2026-07-17 12:19,unauthorized-access,,Medium,Auto-Sensor
INC-102435,07/05/2026 15:07,cyber-intrusion,,High,Hotline
INC-102436,04-Jun-2026 14:35,Intrusion Attempt,Zone F,3,Auto-Sensor
INC-102437,09-Jun-2026 23:35,CYBER,Zone D,Critical,Hotline
INC-102438,06/02/2026 00:24,Environmental Risk,Zone C,Critical,Auto-Sensor
INC-102439,2026-07-20 06:45,cyber-intrusion,Zone A,4,SOC Analyst
INC-102440,07/07/2026 10:34,phishing attempt,,Low,Field Officer
INC-102441,2026-07-09 20:44,malware detected,Zone G,4,Auto-Sensor
INC-102442,06/06/2026 09:12,N/A,Zone C,Low,
INC-102443,02-May-2026 16:25,env. hazard,,Low,Field Officer
INC-102444,2026-05-04 05:03,intrusion detected,Zone B,Low,SOC Analyst
INC-102445,2026-06-13 17:20,physical breach,Zone C,Medium,Hotline
INC-102446,10-Jul-2026 03:07,INTRUSION,Zone E,Medium,SOC Analyst
INC-102447,19-May-2026 17:37,Intrusion Attempt,Zone B,High,
INC-102448,13-May-2026 17:47,physical breach,,High,Hotline
INC-102449,07/04/2026 05:48,Cyber Incident,Zone H,Low,Auto-Sensor
INC-102450,18-Jul-2026 20:06,unauthorized-access,,Medium,
INC-102451,14-Jul-2026 02:08,INTRUSION,Zone C,High,
INC-102452,06/16/2026 21:09,intrusion detected,,4,Field Officer
INC-102453,2026-06-30 20:20,cyber-intrusion,Zone A,3,Auto-Sensor
INC-102454,27-Jul-2026 05:39,cyber-intrusion,Zone I,Medium,
INC-102455,07/11/2026 21:54,Intrusion,Zone I,High,
INC-102456,09-May-2026 17:27,Environmental Risk,,Critical,Auto-Sensor
INC-102457,17-Jul-2026 11:23,CYBER,Zone F,High,Hotline
INC-102458,05-Jul-2026 00:18,physical breach,Zone J,3,Auto-Sensor
INC-102459,07/26/2026 09:23,unclassified,Zone G,4,SOC Analyst
INC-102460,17-Jul-2026 02:37,Environmental Risk,Zone H,3,Hotline
INC-102461,06/15/2026 13:26,perimeter breach,Zone J,High,Field Officer
INC-102462,2026-07-09 16:44,CYBER,Zone F,Critical,
INC-102463,17-May-2026 08:21,physical breach,Zone D,4,Field Officer
INC-102464,07-Jul-2026 13:52,weather alert,,Medium,Auto-Sensor
INC-102465,07/27/2026 08:18,Environmental Risk,Zone B,Low,Auto-Sensor
INC-102466,06/09/2026 01:09,cyber-intrusion,Zone G,Low,SOC Analyst
INC-102467,02-May-2026 20:01,cyber-intrusion,Zone I,High,
INC-102468,08-Jul-2026 17:06,INTRUSION,Zone G,Medium,SOC Analyst
INC-102469,04-Jun-2026 12:06,malware detected,Zone C,Low,Hotline
INC-102470,21-May-2026 06:44,misc incident,Zone E,Low,
INC-102471,07/11/2026 17:12,Intrusion,Zone G,Medium,SOC Analyst
INC-102472,17-Jun-2026 10:59,Cyber Incident,Zone J,Medium,SOC Analyst
INC-102473,2026-05-23 10:38,perimeter breach,Zone G,Medium,
INC-102474,2026-07-14 09:37,Environmental Risk,Zone H,3,SOC Analyst
INC-102475,2026-05-23 06:49,CYBER,Zone C,3,Auto-Sensor
INC-102476,01-Jul-2026 10:21,intrusion detected,Zone D,High,Auto-Sensor
INC-102477,2026-05-11 21:09,weather alert,,3,Hotline
INC-102478,20-Jun-2026 17:48,Physical Security,Zone I,Medium,Field Officer
INC-102479,2026-07-06 15:41,unauthorized-access,Zone B,High,Hotline
INC-102480,2026-07-25 14:46,Physical Security,Zone B,High,Auto-Sensor
INC-102481,25-May-2026 21:30,unauthorized-access,Zone D,,SOC Analyst
INC-102482,2026-06-21 19:23,Cyber Incident,Zone C,Low,Field Officer
INC-102483,2026-06-12 06:04,unauthorized-access,Zone B,High,Field Officer
INC-102484,06/13/2026 23:22,env. hazard,Zone H,Low,SOC Analyst
INC-102485,31-May-2026 02:58,weather alert,Zone A,4,Hotline
INC-102486,06/25/2026 12:01,intrusion detected,Zone G,Low,Field Officer
INC-102487,07/22/2026 14:58,Cyber Incident,Zone C,Critical,SOC Analyst
INC-102488,07/02/2026 10:10,perimeter breach,Zone J,Low,
INC-102489,07/25/2026 02:41,perimeter breach,Zone D,High,Auto-Sensor
INC-102490,2026-05-31 21:52,PHYSICAL BREACH,Zone F,Medium,Hotline
INC-102491,06-Jun-2026 07:31,CYBER,Zone G,4,SOC Analyst
INC-102492,2026-05-14 08:22,CYBER,,Low,
INC-102493,07/13/2026 15:40,phishing attempt,Zone A,Critical,Field Officer
INC-102494,07/21/2026 10:35,phishing attempt,Zone F,3,Auto-Sensor
INC-102495,2026-05-01 15:54,malware detected,Zone C,Medium,Hotline
INC-102496,06/11/2026 11:21,unclassified,Zone I,Medium,Auto-Sensor
INC-102497,06/26/2026 03:39,Intrusion,Zone J,Low,SOC Analyst
INC-102498,13-Jul-2026 07:09,intrusion detected,Zone C,High,
INC-102499,06-Jun-2026 08:06,unclassified,Zone H,High,Hotline
INC-102500,2026-06-17 17:03,cyber-intrusion,Zone E,Medium,
INC-102501,25-May-2026 15:49,PHYSICAL BREACH,Zone E,4,
INC-102502,2026-05-29 11:07,CYBER,Zone B,Critical,Auto-Sensor
INC-102503,07/10/2026 13:12,PHYSICAL BREACH,,Medium,
INC-102504,25-Jun-2026 21:03,cyber-intrusion,Zone D,3,Auto-Sensor
INC-102505,15-May-2026 06:05,perimeter breach,Zone H,Medium,Hotline
INC-102506,2026-07-24 17:21,physical breach,,Low,
INC-102507,05/20/2026 07:21,intrusion detected,Zone J,High,Field Officer
INC-102508,2026-06-23 00:36,perimeter breach,Zone A,High,Hotline
INC-102509,2026-05-14 15:12,env. hazard,Zone E,Medium,
INC-102510,22-Jun-2026 14:16,misc incident,,High,
INC-102511,2026-05-23 15:21,cyber-intrusion,,3,Field Officer
INC-102512,27-May-2026 03:14,Other,,Low,Field Officer
INC-102513,07-May-2026 15:38,env. hazard,Zone B,High,SOC Analyst
INC-102514,01-Jun-2026 12:45,phishing attempt,Zone A,Low,Hotline
INC-102515,06/13/2026 23:08,CYBER,Zone B,High,Field Officer
INC-102516,2026-05-30 00:07,unauthorized-access,Zone G,Low,
INC-102517,04-Jun-2026 08:48,Environmental Risk,Zone H,High,Hotline
INC-102518,14-Jun-2026 19:48,intrusion detected,,Critical,Field Officer
INC-102519,2026-06-06 12:15,misc incident,Zone A,4,Auto-Sensor
INC-102520,14-Jun-2026 18:43,N/A,,Medium,Hotline
INC-102521,05/21/2026 03:33,Physical Security,Zone I,3,Field Officer
INC-102522,2026-06-15 13:30,INTRUSION,Zone J,High,Hotline
INC-102523,2026-05-18 16:48,Intrusion,Zone B,Critical,Auto-Sensor
INC-102524,2026-06-24 12:37,unclassified,,3,SOC Analyst
INC-102525,2026-06-07 00:32,unauthorized-access,Zone D,Medium,Field Officer
INC-102526,07/12/2026 12:32,misc incident,Zone F,Low,Field Officer
INC-102527,25-Jun-2026 21:34,cyber-intrusion,Zone B,Low,Field Officer
INC-102528,06/07/2026 04:54,Intrusion,Zone F,High,Hotline
INC-102529,2026-06-15 16:03,intrusion detected,Zone I,Medium,Hotline
INC-102530,05/10/2026 13:32,Cyber Incident,,High,SOC Analyst
INC-102531,17-May-2026 08:43,Intrusion Attempt,Zone A,Low,Field Officer
INC-102532,05/11/2026 04:22,physical breach,,Critical,Hotline
INC-102533,2026-06-11 06:24,Intrusion,,Medium,
INC-102534,2026-05-19 06:35,Intrusion Attempt,Zone J,Medium,SOC Analyst
INC-102535,2026-05-31 19:20,INTRUSION,Zone H,High,Auto-Sensor
INC-102536,07/20/2026 10:51,physical breach,Zone J,Critical,SOC Analyst
INC-102537,05/10/2026 21:12,phishing attempt,Zone B,Medium,SOC Analyst
INC-102538,2026-05-18 12:14,malware detected,Zone H,3,Field Officer
INC-102539,2026-07-16 06:12,weather alert,Zone I,Critical,SOC Analyst
INC-102540,06/30/2026 21:38,env. hazard,Zone A,4,
INC-102541,2026-06-09 22:29,unclassified,Zone J,Low,Field Officer
INC-102542,06/11/2026 04:26,ENVIRONMENTAL,Zone E,Low,Hotline
INC-102543,2026-05-19 08:29,Intrusion Attempt,Zone D,3,Auto-Sensor
INC-102544,2026-07-08 10:30,cyber-intrusion,Zone G,High,SOC Analyst
INC-102545,07/04/2026 23:34,Intrusion,Zone G,High,Hotline
INC-102546,2026-06-10 03:08,Cyber Incident,Zone J,Low,
INC-102547,06-Jul-2026 21:27,malware detected,Zone E,Critical,SOC Analyst
INC-102548,06/19/2026 17:02,Intrusion,Zone G,High,SOC Analyst
INC-102549,04-Jun-2026 10:31,weather alert,Zone G,,
INC-102550,05/01/2026 00:59,weather alert,,Critical,Auto-Sensor
INC-102551,2026-07-23 17:58,Intrusion Attempt,Zone J,4,Field Officer
INC-102552,05/16/2026 12:16,ENVIRONMENTAL,Zone H,3,SOC Analyst
INC-102553,22-Jun-2026 13:31,cyber-intrusion,Zone A,Medium,SOC Analyst
INC-102554,22-Jul-2026 02:46,Physical Security,,Medium,Hotline
INC-102555,20-Jul-2026 18:18,N/A,,High,Auto-Sensor
INC-102556,05/25/2026 01:26,malware detected,Zone F,Medium,SOC Analyst
INC-102557,12-Jun-2026 05:47,INTRUSION,Zone G,Medium,Hotline
INC-102558,14-May-2026 23:06,CYBER,Zone G,Medium,Auto-Sensor
INC-102559,06/15/2026 11:05,malware detected,Zone C,High,Hotline
INC-102560,14-May-2026 23:52,unauthorized-access,Zone B,High,Hotline
INC-102561,16-Jun-2026 07:28,ENVIRONMENTAL,Zone H,High,SOC Analyst
INC-102562,08-Jul-2026 06:39,Other,Zone A,Medium,Hotline
INC-102563,13-Jun-2026 12:44,unclassified,Zone B,Critical,
INC-102564,2026-05-26 10:38,Environmental Risk,Zone I,Critical,
INC-102565,2026-07-07 03:54,cyber-intrusion,Zone F,Medium,SOC Analyst
INC-102566,09-Jul-2026 15:44,INTRUSION,Zone B,Low,Hotline
INC-102567,19-Jun-2026 02:39,misc incident,,Medium,SOC Analyst
INC-102568,2026-07-20 23:42,Cyber Incident,Zone J,High,SOC Analyst
INC-102569,05/02/2026 14:28,phishing attempt,Zone D,,SOC Analyst
INC-102570,13-Jun-2026 12:00,ENVIRONMENTAL,Zone D,Low,
INC-102571,23-Jun-2026 19:54,env. hazard,Zone G,3,Auto-Sensor
INC-102572,2026-05-16 01:45,Environmental Risk,Zone B,Critical,
INC-102573,09-Jul-2026 16:54,ENVIRONMENTAL,,Low,SOC Analyst
INC-102574,2026-06-10 01:26,PHYSICAL BREACH,,3,SOC Analyst
INC-102575,05/07/2026 02:28,ENVIRONMENTAL,Zone H,3,Field Officer
INC-102576,06/27/2026 21:33,env. hazard,Zone F,Low,Hotline
INC-102577,2026-05-26 07:53,intrusion detected,Zone I,Medium,
INC-102578,2026-05-23 21:50,INTRUSION,,Medium,SOC Analyst
INC-102579,2026-07-22 05:40,ENVIRONMENTAL,Zone E,Critical,Hotline
INC-102580,31-May-2026 16:39,N/A,Zone G,4,Hotline
INC-102581,2026-07-02 20:54,unauthorized-access,Zone I,Low,SOC Analyst
INC-102582,04-Jul-2026 15:02,phishing attempt,,3,SOC Analyst
INC-102583,23-Jun-2026 16:23,unauthorized-access,,3,
INC-102584,07/07/2026 08:12,malware detected,Zone J,High,Hotline
INC-102585,2026-04-30 23:16,Intrusion,Zone C,Low,Auto-Sensor
INC-102586,22-May-2026 12:15,phishing attempt,Zone C,,SOC Analyst
INC-102587,16-Jul-2026 16:52,Intrusion Attempt,Zone F,Critical,Auto-Sensor
INC-102588,07/10/2026 08:42,misc incident,,High,Auto-Sensor
INC-102589,06/11/2026 03:33,CYBER,Zone H,Medium,Field Officer
INC-102590,06/11/2026 15:49,PHYSICAL BREACH,Zone D,4,Auto-Sensor
INC-102591,14-Jun-2026 22:09,intrusion detected,Zone F,Medium,
INC-102592,06/06/2026 13:58,PHYSICAL BREACH,Zone I,Critical,SOC Analyst
INC-102593,2026-07-11 21:13,CYBER,Zone F,Medium,SOC Analyst
INC-102594,06/29/2026 13:21,Intrusion,Zone F,Low,Field Officer
INC-102595,2026-05-14 10:51,Cyber Incident,Zone E,,Hotline
INC-102596,24-Jul-2026 20:41,cyber-intrusion,Zone E,Medium,
INC-102597,05/15/2026 21:07,Other,Zone D,High,SOC Analyst
INC-102598,17-Jun-2026 10:10,env. hazard,Zone H,Critical,Hotline
INC-102599,13-Jul-2026 02:52,unclassified,Zone F,,
