response_id,dispatch_time,arrival_time,unit,zone_code,response_status,shift
OPS-200000,2026-05-14 04:15,2026-05-14 04:29,Delta Unit,D,Resolved,Night
OPS-200001,2026-06-10 19:23,2026-06-10 19:32,Golf Unit,H,Under Investigation,Night
OPS-200002,2026-07-20 16:03,2026-07-20 16:12,Foxtrot Unit,G,Under Investigation,Day
OPS-200003,2026-06-02 23:21,2026-06-02 23:40,Hotel Unit,D,Resolved,Night
OPS-200004,2026-07-24 23:56,2026-07-25 00:12,Alpha Unit,C,Resolved,Night
OPS-200005,2026-07-21 00:30,2026-07-21 00:40,Delta Unit,J,Resolved,Night
OPS-200006,2026-07-11 14:34,2026-07-11 14:42,Bravo Unit,J,Under Investigation,Day
OPS-200007,2026-05-12 04:32,2026-05-12 04:43,Foxtrot Unit,J,Escalated,Night
OPS-200008,2026-06-09 07:32,2026-06-09 07:39,Bravo Unit,C,Under Investigation,Day
OPS-200009,2026-05-03 11:37,2026-05-03 12:00,Delta Unit,D,Resolved,Day
OPS-200010,2026-07-22 00:19,2026-07-22 00:31,Charlie Unit,J,Under Investigation,Night
OPS-200011,2026-05-02 03:35,2026-05-02 03:48,Bravo Unit,C,Under Investigation,Night
OPS-200012,2026-06-01 14:23,2026-06-01 14:32,Alpha Unit,C,Resolved,Day
OPS-200013,2026-05-04 20:18,2026-05-04 20:23,Bravo Unit,H,Resolved,Night
OPS-200014,2026-05-28 09:25,2026-05-28 09:41,Alpha Unit,D,Closed,Day
OPS-200015,2026-06-02 01:47,2026-06-02 01:52,Bravo Unit,B,Under Investigation,Night
OPS-200016,2026-05-02 02:29,2026-05-02 02:33,Golf Unit,I,Resolved,Night
OPS-200017,2026-07-26 10:32,2026-07-26 10:42,Alpha Unit,I,Resolved,Day
OPS-200018,2026-06-08 22:08,2026-06-08 22:17,Golf Unit,J,Escalated,Night
OPS-200019,2026-06-24 07:26,2026-06-24 07:36,Hotel Unit,D,Closed,Day
OPS-200020,2026-05-03 00:19,2026-05-03 00:36,Golf Unit,F,Resolved,Night
OPS-200021,2026-07-06 01:20,2026-07-06 01:39,Hotel Unit,D,Resolved,Night
OPS-200022,2026-07-12 13:09,2026-07-12 13:21,Delta Unit,J,Resolved,Day
OPS-200023,2026-05-14 11:59,2026-05-14 12:16,Charlie Unit,A,Resolved,Day
OPS-200024,2026-06-22 10:16,2026-06-22 10:34,Echo Unit,F,Resolved,Day
OPS-200025,2026-06-25 06:09,2026-06-25 06:16,Delta Unit,I,Resolved,Day
OPS-200026,2026-05-02 03:57,2026-05-02 04:08,Alpha Unit,I,Resolved,Night
OPS-200027,2026-06-01 22:09,2026-06-01 22:17,Golf Unit,F,Escalated,Night
OPS-200028,2026-06-09 00:37,2026-06-09 00:46,Hotel Unit,A,Resolved,Night
OPS-200029,2026-06-16 08:55,2026-06-16 09:01,Golf Unit,G,Escalated,Day
OPS-200030,2026-05-15 19:25,2026-05-15 19:35,Golf Unit,I,Resolved,Night
OPS-200031,2026-07-06 19:30,2026-07-06 19:40,Foxtrot Unit,F,Resolved,Night
OPS-200032,2026-07-13 07:16,2026-07-13 07:25,Alpha Unit,B,Resolved,Day
OPS-200033,2026-05-31 17:21,2026-05-31 17:31,Hotel Unit,C,Closed,Day
OPS-200034,2026-06-28 04:39,2026-06-28 04:42,Foxtrot Unit,A,Closed,Night
OPS-200035,2026-05-22 00:15,2026-05-22 00:22,Charlie Unit,H,Resolved,Night
OPS-200036,2026-07-27 19:37,2026-07-27 19:45,Echo Unit,I,Escalated,Night
OPS-200037,2026-05-09 23:09,2026-05-09 23:15,Charlie Unit,B,Closed,Night
OPS-200038,2026-05-03 06:25,2026-05-03 06:38,Alpha Unit,F,Under Investigation,Day
OPS-200039,2026-05-22 23:43,2026-05-22 23:52,Hotel Unit,G,Resolved,Night
OPS-200040,2026-05-26 08:41,2026-05-26 08:54,Foxtrot Unit,F,Under Investigation,Day
OPS-200041,2026-06-04 14:44,2026-06-04 14:53,Foxtrot Unit,H,Resolved,Day
OPS-200042,2026-06-29 16:59,2026-06-29 17:04,Golf Unit,C,Resolved,Day
OPS-200043,2026-07-18 11:57,2026-07-18 12:12,Foxtrot Unit,D,Under Investigation,Day
OPS-200044,2026-05-19 15:04,2026-05-19 15:20,Charlie Unit,B,Escalated,Day
OPS-200045,2026-07-25 19:27,2026-07-25 19:36,Hotel Unit,H,Resolved,Night
OPS-200046,2026-06-04 20:48,2026-06-04 20:56,Bravo Unit,C,Escalated,Night
OPS-200047,2026-06-13 11:41,2026-06-13 11:46,Charlie Unit,J,Escalated,Day
OPS-200048,2026-07-04 17:55,2026-07-04 18:05,Delta Unit,J,Under Investigation,Day
OPS-200049,2026-07-04 03:16,2026-07-04 03:23,Hotel Unit,C,Resolved,Night
OPS-200050,2026-07-18 15:16,2026-07-18 15:29,Echo Unit,F,Resolved,Day
OPS-200051,2026-06-28 18:03,2026-06-28 18:12,Hotel Unit,F,Resolved,Night
OPS-200052,2026-07-18 20:11,2026-07-18 20:14,Hotel Unit,G,Closed,Night
OPS-200053,2026-07-05 03:18,2026-07-05 03:25,Alpha Unit,C,Resolved,Night
OPS-200054,2026-05-13 17:26,2026-05-13 17:37,Hotel Unit,G,Resolved,Day
OPS-200055,2026-07-11 09:10,2026-07-11 09:16,Echo Unit,F,Resolved,Day
OPS-200056,2026-05-19 06:47,2026-05-19 07:02,Charlie Unit,J,Closed,Day
OPS-200057,2026-07-08 23:14,2026-07-08 23:21,Echo Unit,A,Resolved,Night
OPS-200058,2026-06-24 05:42,2026-06-24 05:52,Charlie Unit,I,Resolved,Night
OPS-200059,2026-07-19 01:30,2026-07-19 01:36,Alpha Unit,E,Resolved,Night
OPS-200060,2026-05-19 05:16,2026-05-19 05:28,Foxtrot Unit,B,Resolved,Night
OPS-200061,2026-07-07 22:35,2026-07-07 22:46,Charlie Unit,B,Resolved,Night
OPS-200062,2026-05-10 11:12,2026-05-10 11:20,Hotel Unit,J,Escalated,Day
OPS-200063,2026-07-26 16:13,2026-07-26 16:23,Delta Unit,H,Resolved,Day
OPS-200064,2026-06-30 03:30,2026-06-30 03:36,Charlie Unit,E,Under Investigation,Night
OPS-200065,2026-05-14 17:08,2026-05-14 17:12,Delta Unit,F,Under Investigation,Day
OPS-200066,2026-04-30 10:34,2026-04-30 10:49,Foxtrot Unit,B,Resolved,Day
OPS-200067,2026-06-16 00:02,2026-06-16 00:13,Golf Unit,B,Under Investigation,Night
OPS-200068,2026-04-30 10:40,2026-04-30 10:46,Delta Unit,E,Under Investigation,Day
OPS-200069,2026-07-21 13:38,2026-07-21 13:49,Golf Unit,D,Resolved,Day
OPS-200070,2026-06-15 18:26,2026-06-15 18:30,Delta Unit,G,Escalated,Night
OPS-200071,2026-07-13 18:01,2026-07-13 18:08,Echo Unit,C,Closed,Night
OPS-200072,2026-07-23 17:18,2026-07-23 17:26,Delta Unit,C,Closed,Day
OPS-200073,2026-07-24 13:25,2026-07-24 13:35,Delta Unit,E,Under Investigation,Day
OPS-200074,2026-06-25 06:21,2026-06-25 06:25,Foxtrot Unit,E,Resolved,Day
OPS-200075,2026-06-08 01:06,2026-06-08 01:15,Bravo Unit,B,Resolved,Night
OPS-200076,2026-07-08 15:35,2026-07-08 15:46,Golf Unit,C,Closed,Day
OPS-200077,2026-06-12 00:45,2026-06-12 00:51,Delta Unit,B,Resolved,Night
OPS-200078,2026-07-07 11:21,2026-07-07 11:41,Bravo Unit,D,Resolved,Day
OPS-200079,2026-05-26 15:06,2026-05-26 15:21,Alpha Unit,E,Under Investigation,Day
OPS-200080,2026-06-19 13:30,2026-06-19 13:43,Echo Unit,G,Resolved,Day
OPS-200081,2026-05-25 15:54,2026-05-25 16:11,Bravo Unit,D,Resolved,Day
OPS-200082,2026-06-21 01:52,2026-06-21 02:01,Alpha Unit,I,Escalated,Night
OPS-200083,2026-06-18 08:18,2026-06-18 08:29,Delta Unit,E,Closed,Day
OPS-200084,2026-07-20 09:45,2026-07-20 09:48,Foxtrot Unit,I,Under Investigation,Day
OPS-200085,2026-06-04 06:14,2026-06-04 06:19,Delta Unit,C,Closed,Day
OPS-200086,2026-05-25 16:53,2026-05-25 17:06,Echo Unit,I,Resolved,Day
OPS-200087,2026-05-17 20:35,2026-05-17 20:45,Charlie Unit,G,Resolved,Night
OPS-200088,2026-05-29 13:10,2026-05-29 13:21,Foxtrot Unit,H,Resolved,Day
OPS-200089,2026-05-16 09:55,2026-05-16 10:05,Charlie Unit,C,Resolved,Day
OPS-200090,2026-07-15 17:48,2026-07-15 17:59,Alpha Unit,H,Under Investigation,Day
OPS-200091,2026-05-22 02:56,2026-05-22 03:11,Delta Unit,C,Closed,Night
OPS-200092,2026-05-02 01:32,2026-05-02 01:46,Alpha Unit,D,Under Investigation,Night
OPS-200093,2026-06-07 04:06,2026-06-07 04:16,Foxtrot Unit,G,Resolved,Night
OPS-200094,2026-06-13 08:40,2026-06-13 08:50,Hotel Unit,J,Resolved,Day
OPS-200095,2026-05-26 14:05,2026-05-26 14:15,Delta Unit,I,Under Investigation,Day
OPS-200096,2026-05-30 14:05,2026-05-30 14:15,Golf Unit,E,Resolved,Day
OPS-200097,2026-07-24 08:14,2026-07-24 08:23,Hotel Unit,F,Resolved,Day
OPS-200098,2026-06-08 08:44,2026-06-08 08:55,Golf Unit,I,Closed,Day
OPS-200099,2026-07-17 04:34,2026-07-17 04:42,Golf Unit,F,Resolved,Night
OPS-200100,2026-05-26 15:03,2026-05-26 15:11,Charlie Unit,I,Resolved,Day
OPS-200101,2026-07-04 11:51,2026-07-04 12:02,Delta Unit,J,Resolved,Day
OPS-200102,2026-06-05 19:18,2026-06-05 19:28,Golf Unit,A,Resolved,Night
OPS-200103,2026-05-04 01:13,2026-05-04 01:22,Bravo Unit,I,Resolved,Night
OPS-200104,2026-05-23 14:12,2026-05-23 14:27,Delta Unit,H,Resolved,Day
OPS-200105,2026-07-21 13:52,2026-07-21 13:54,Alpha Unit,C,Resolved,Day
OPS-200106,2026-05-12 17:01,2026-05-12 17:08,Delta Unit,H,Resolved,Day
OPS-200107,2026-05-25 10:45,2026-05-25 10:49,Foxtrot Unit,C,Resolved,Day
OPS-200108,2026-05-31 12:09,2026-05-31 12:19,Golf Unit,J,Closed,Day
OPS-200109,2026-06-21 10:06,2026-06-21 10:12,Foxtrot Unit,J,Resolved,Day
OPS-200110,2026-05-18 08:57,2026-05-18 09:10,Golf Unit,E,Closed,Day
OPS-200111,2026-07-19 20:21,2026-07-19 20:35,Hotel Unit,C,Under Investigation,Night
OPS-200112,2026-07-18 15:18,2026-07-18 15:29,Delta Unit,H,Resolved,Day
OPS-200113,2026-06-01 03:52,2026-06-01 03:56,Delta Unit,E,Resolved,Night
OPS-200114,2026-07-12 15:47,2026-07-12 16:02,Charlie Unit,J,Closed,Day
OPS-200115,2026-07-18 08:32,2026-07-18 08:42,Bravo Unit,H,Under Investigation,Day
OPS-200116,2026-05-26 07:55,2026-05-26 07:57,Alpha Unit,B,Resolved,Day
OPS-200117,2026-07-08 17:47,2026-07-08 18:02,Charlie Unit,D,Under Investigation,Day
OPS-200118,2026-07-18 22:57,2026-07-18 23:07,Foxtrot Unit,C,Resolved,Night
OPS-200119,2026-06-08 16:09,2026-06-08 16:20,Bravo Unit,J,Escalated,Day
OPS-200120,2026-06-24 07:29,2026-06-24 07:42,Echo Unit,D,Closed,Day
OPS-200121,2026-05-27 21:31,2026-05-27 21:40,Charlie Unit,G,Resolved,Night
OPS-200122,2026-06-21 17:15,2026-06-21 17:20,Delta Unit,I,Resolved,Day
OPS-200123,2026-05-18 17:54,2026-05-18 17:56,Foxtrot Unit,B,Resolved,Day
OPS-200124,2026-05-02 10:37,2026-05-02 10:51,Echo Unit,H,Resolved,Day
OPS-200125,2026-06-11 14:56,2026-06-11 15:11,Bravo Unit,J,Under Investigation,Day
OPS-200126,2026-07-14 18:16,2026-07-14 18:23,Bravo Unit,H,Resolved,Night
OPS-200127,2026-06-16 12:45,2026-06-16 12:50,Charlie Unit,A,Resolved,Day
OPS-200128,2026-07-13 07:21,2026-07-13 07:28,Alpha Unit,B,Resolved,Day
OPS-200129,2026-06-04 18:16,2026-06-04 18:21,Bravo Unit,A,Resolved,Night
OPS-200130,2026-05-28 09:48,2026-05-28 09:57,Hotel Unit,B,Resolved,Day
OPS-200131,2026-05-08 05:12,2026-05-08 05:23,Foxtrot Unit,G,Closed,Night
OPS-200132,2026-05-31 16:18,2026-05-31 16:29,Hotel Unit,G,Under Investigation,Day
OPS-200133,2026-04-30 16:47,2026-04-30 16:49,Golf Unit,I,Closed,Day
OPS-200134,2026-07-09 13:52,2026-07-09 14:06,Alpha Unit,G,Closed,Day
OPS-200135,2026-07-26 03:42,2026-07-26 03:49,Bravo Unit,I,Under Investigation,Night
OPS-200136,2026-06-11 19:51,2026-06-11 20:04,Charlie Unit,G,Under Investigation,Night
OPS-200137,2026-07-07 06:06,2026-07-07 06:28,Foxtrot Unit,D,Escalated,Day
OPS-200138,2026-07-04 02:47,2026-07-04 02:54,Foxtrot Unit,E,Closed,Night
OPS-200139,2026-06-11 01:46,2026-06-11 01:53,Hotel Unit,E,Resolved,Night
OPS-200140,2026-06-09 17:16,2026-06-09 17:25,Foxtrot Unit,H,Resolved,Day
OPS-200141,2026-05-21 03:38,2026-05-21 03:47,Charlie Unit,B,Resolved,Night
OPS-200142,2026-07-24 01:38,2026-07-24 01:51,Alpha Unit,A,Closed,Night
OPS-200143,2026-06-08 18:45,2026-06-08 18:56,Charlie Unit,E,Escalated,Night
OPS-200144,2026-05-12 22:42,2026-05-12 22:46,Echo Unit,H,Resolved,Night
OPS-200145,2026-06-28 03:35,2026-06-28 03:45,Alpha Unit,E,Under Investigation,Night
OPS-200146,2026-06-13 09:38,2026-06-13 09:49,Echo Unit,B,Resolved,Day
OPS-200147,2026-05-13 11:42,2026-05-13 11:50,Alpha Unit,A,Closed,Day
OPS-200148,2026-07-02 08:23,2026-07-02 08:32,Delta Unit,I,Resolved,Day
OPS-200149,2026-07-01 23:21,2026-07-01 23:33,Bravo Unit,G,Under Investigation,Night
OPS-200150,2026-07-06 23:13,2026-07-06 23:23,Charlie Unit,G,Resolved,Night
OPS-200151,2026-05-17 20:17,2026-05-17 20:29,Echo Unit,J,Under Investigation,Night
OPS-200152,2026-05-17 08:47,2026-05-17 08:57,Golf Unit,J,Resolved,Day
OPS-200153,2026-05-20 22:23,2026-05-20 22:37,Bravo Unit,G,Resolved,Night
OPS-200154,2026-06-15 00:07,2026-06-15 00:16,Foxtrot Unit,C,Resolved,Night
OPS-200155,2026-05-05 02:02,2026-05-05 02:14,Alpha Unit,I,Resolved,Night
OPS-200156,2026-05-17 18:19,2026-05-17 18:29,Alpha Unit,E,Resolved,Night
OPS-200157,2026-07-13 07:01,2026-07-13 07:14,Charlie Unit,J,Resolved,Day
OPS-200158,2026-05-29 09:29,2026-05-29 09:39,Echo Unit,G,Under Investigation,Day
OPS-200159,2026-06-21 10:54,2026-06-21 11:07,Foxtrot Unit,G,Resolved,Day
OPS-200160,2026-05-07 10:57,2026-05-07 11:09,Charlie Unit,C,Resolved,Day
OPS-200161,2026-05-05 04:08,2026-05-05 04:27,Charlie Unit,D,Closed,Night
OPS-200162,2026-05-01 09:16,2026-05-01 09:35,Alpha Unit,D,Under Investigation,Day
OPS-200163,2026-07-05 17:18,2026-07-05 17:30,Echo Unit,H,Escalated,Day
OPS-200164,2026-04-29 09:40,2026-04-29 09:51,Foxtrot Unit,J,Closed,Day
OPS-200165,2026-05-18 05:04,2026-05-18 05:06,Hotel Unit,H,Resolved,Night
OPS-200166,2026-05-02 07:41,2026-05-02 07:47,Delta Unit,B,Resolved,Day
OPS-200167,2026-07-02 12:41,2026-07-02 12:54,Charlie Unit,H,Escalated,Day
OPS-200168,2026-05-08 11:17,2026-05-08 11:32,Golf Unit,G,Escalated,Day
OPS-200169,2026-06-20 19:52,2026-06-20 20:03,Hotel Unit,E,Resolved,Night
OPS-200170,2026-06-15 00:35,2026-06-15 00:41,Foxtrot Unit,B,Escalated,Night
OPS-200171,2026-05-15 21:03,2026-05-15 21:14,Golf Unit,C,Resolved,Night
OPS-200172,2026-05-13 14:14,2026-05-13 14:26,Bravo Unit,H,Resolved,Day
OPS-200173,2026-06-05 05:57,2026-06-05 06:09,Delta Unit,D,Under Investigation,Night
OPS-200174,2026-07-14 19:28,2026-07-14 19:37,Charlie Unit,J,Escalated,Night
OPS-200175,2026-06-05 21:44,2026-06-05 21:51,Foxtrot Unit,J,Closed,Night
OPS-200176,2026-06-08 01:59,2026-06-08 02:09,Delta Unit,F,Resolved,Night
OPS-200177,2026-07-20 23:23,2026-07-20 23:29,Delta Unit,E,Resolved,Night
OPS-200178,2026-06-10 09:57,2026-06-10 10:08,Bravo Unit,B,Resolved,Day
OPS-200179,2026-05-30 15:48,2026-05-30 16:06,Hotel Unit,D,Escalated,Day
OPS-200180,2026-05-08 07:53,2026-05-08 08:01,Echo Unit,J,Resolved,Day
OPS-200181,2026-06-12 04:51,2026-06-12 04:56,Foxtrot Unit,H,Resolved,Night
OPS-200182,2026-05-17 23:26,2026-05-17 23:43,Golf Unit,D,Closed,Night
OPS-200183,2026-05-07 20:20,2026-05-07 20:29,Bravo Unit,F,Resolved,Night
OPS-200184,2026-06-20 13:02,2026-06-20 13:07,Delta Unit,G,Escalated,Day
OPS-200185,2026-05-07 22:40,2026-05-07 22:47,Echo Unit,J,Resolved,Night
OPS-200186,2026-07-18 12:50,2026-07-18 13:06,Golf Unit,A,Resolved,Day
OPS-200187,2026-07-13 03:35,2026-07-13 03:43,Foxtrot Unit,G,Under Investigation,Night
OPS-200188,2026-07-05 06:01,2026-07-05 06:04,Alpha Unit,H,Resolved,Day
OPS-200189,2026-06-11 22:24,2026-06-11 22:36,Echo Unit,F,Resolved,Night
OPS-200190,2026-06-07 18:19,2026-06-07 18:25,Charlie Unit,H,Under Investigation,Night
OPS-200191,2026-05-17 15:45,2026-05-17 15:52,Bravo Unit,F,Under Investigation,Day
OPS-200192,2026-05-03 06:47,2026-05-03 06:55,Bravo Unit,I,Escalated,Day
OPS-200193,2026-05-05 14:02,2026-05-05 14:10,Golf Unit,F,Resolved,Day
OPS-200194,2026-05-07 03:34,2026-05-07 03:43,Golf Unit,B,Resolved,Night
OPS-200195,2026-07-07 02:38,2026-07-07 02:41,Echo Unit,G,Resolved,Night
OPS-200196,2026-07-08 03:41,2026-07-08 03:55,Delta Unit,E,Escalated,Night
OPS-200197,2026-05-22 22:05,2026-05-22 22:13,Golf Unit,G,Escalated,Night
OPS-200198,2026-06-14 11:53,2026-06-14 12:01,Echo Unit,F,Resolved,Day
OPS-200199,2026-05-14 04:23,2026-05-14 04:32,Bravo Unit,C,Resolved,Night
OPS-200200,2026-05-03 20:30,2026-05-03 20:45,Golf Unit,G,Resolved,Night
OPS-200201,2026-07-18 17:54,2026-07-18 17:57,Golf Unit,B,Closed,Day
OPS-200202,2026-06-23 08:52,2026-06-23 08:59,Alpha Unit,B,Resolved,Day
OPS-200203,2026-07-03 21:15,2026-07-03 21:29,Golf Unit,G,Resolved,Night
OPS-200204,2026-06-01 08:43,2026-06-01 08:51,Foxtrot Unit,F,Resolved,Day
OPS-200205,2026-07-17 07:15,2026-07-17 07:36,Alpha Unit,D,Resolved,Day
OPS-200206,2026-05-24 22:14,2026-05-24 22:19,Hotel Unit,I,Under Investigation,Night
OPS-200207,2026-05-19 11:05,2026-05-19 11:21,Alpha Unit,D,Under Investigation,Day
OPS-200208,2026-07-05 18:37,2026-07-05 18:48,Bravo Unit,G,Under Investigation,Night
OPS-200209,2026-05-06 21:42,2026-05-06 21:51,Foxtrot Unit,I,Resolved,Night
OPS-200210,2026-05-01 05:53,2026-05-01 06:03,Alpha Unit,J,Under Investigation,Night
OPS-200211,2026-07-20 16:03,2026-07-20 16:19,Foxtrot Unit,B,Under Investigation,Day
OPS-200212,2026-07-23 10:01,2026-07-23 10:11,Golf Unit,F,Resolved,Day
OPS-200213,2026-07-18 02:51,2026-07-18 03:05,Hotel Unit,H,Resolved,Night
OPS-200214,2026-05-12 09:43,2026-05-12 09:54,Alpha Unit,F,Closed,Day
OPS-200215,2026-05-05 17:36,2026-05-05 17:52,Echo Unit,I,Resolved,Day
OPS-200216,2026-07-09 19:57,2026-07-09 20:05,Alpha Unit,B,Resolved,Night
OPS-200217,2026-05-17 03:46,2026-05-17 03:56,Bravo Unit,C,Resolved,Night
OPS-200218,2026-05-31 02:13,2026-05-31 02:22,Echo Unit,G,Under Investigation,Night
OPS-200219,2026-05-08 21:44,2026-05-08 21:57,Echo Unit,J,Resolved,Night
OPS-200220,2026-07-24 19:12,2026-07-24 19:17,Foxtrot Unit,E,Resolved,Night
OPS-200221,2026-05-11 14:05,2026-05-11 14:16,Bravo Unit,F,Under Investigation,Day
OPS-200222,2026-04-30 13:18,2026-04-30 13:24,Delta Unit,C,Resolved,Day
OPS-200223,2026-07-25 02:23,2026-07-25 02:34,Golf Unit,E,Under Investigation,Night
OPS-200224,2026-05-14 03:53,2026-05-14 04:08,Golf Unit,C,Resolved,Night
OPS-200225,2026-06-19 06:55,2026-06-19 07:05,Golf Unit,E,Resolved,Day
OPS-200226,2026-05-31 09:35,2026-05-31 09:43,Echo Unit,I,Resolved,Day
OPS-200227,2026-07-24 13:30,2026-07-24 13:47,Golf Unit,J,Under Investigation,Day
OPS-200228,2026-06-09 14:12,2026-06-09 14:20,Foxtrot Unit,B,Resolved,Day
OPS-200229,2026-05-01 23:38,2026-05-01 23:47,Alpha Unit,J,Resolved,Night
OPS-200230,2026-07-26 19:30,2026-07-26 19:39,Echo Unit,A,Resolved,Night
OPS-200231,2026-06-27 16:54,2026-06-27 17:06,Delta Unit,I,Resolved,Day
OPS-200232,2026-07-12 11:21,2026-07-12 11:35,Delta Unit,D,Escalated,Day
OPS-200233,2026-05-01 17:39,2026-05-01 17:47,Foxtrot Unit,H,Under Investigation,Day
OPS-200234,2026-06-21 12:26,2026-06-21 12:37,Alpha Unit,H,Escalated,Day
OPS-200235,2026-07-18 09:34,2026-07-18 09:43,Hotel Unit,J,Resolved,Day
OPS-200236,2026-05-11 20:20,2026-05-11 20:29,Foxtrot Unit,B,Closed,Night
OPS-200237,2026-06-17 13:02,2026-06-17 13:10,Charlie Unit,J,Under Investigation,Day
OPS-200238,2026-05-06 05:12,2026-05-06 05:29,Hotel Unit,H,Resolved,Night
OPS-200239,2026-06-19 03:01,2026-06-19 03:09,Hotel Unit,J,Closed,Night
OPS-200240,2026-07-19 11:37,2026-07-19 11:44,Golf Unit,C,Escalated,Day
OPS-200241,2026-06-18 15:55,2026-06-18 16:05,Delta Unit,H,Resolved,Day
OPS-200242,2026-05-11 22:39,2026-05-11 22:46,Charlie Unit,G,Under Investigation,Night
OPS-200243,2026-07-20 18:32,2026-07-20 18:43,Golf Unit,B,Escalated,Night
OPS-200244,2026-07-22 08:29,2026-07-22 08:40,Golf Unit,H,Resolved,Day
OPS-200245,2026-05-03 01:45,2026-05-03 01:55,Bravo Unit,G,Resolved,Night
OPS-200246,2026-05-29 15:26,2026-05-29 15:36,Delta Unit,I,Resolved,Day
OPS-200247,2026-06-26 15:10,2026-06-26 15:22,Echo Unit,A,Under Investigation,Day
OPS-200248,2026-06-28 09:10,2026-06-28 09:22,Hotel Unit,B,Under Investigation,Day
OPS-200249,2026-06-28 05:01,2026-06-28 05:09,Echo Unit,F,Resolved,Night
OPS-200250,2026-06-09 05:41,2026-06-09 05:54,Golf Unit,B,Under Investigation,Night
OPS-200251,2026-07-16 03:19,2026-07-16 03:31,Golf Unit,A,Escalated,Night
OPS-200252,2026-05-21 13:21,2026-05-21 13:29,Foxtrot Unit,B,Resolved,Day
OPS-200253,2026-05-23 14:03,2026-05-23 14:10,Golf Unit,E,Resolved,Day
OPS-200254,2026-06-30 17:59,2026-06-30 18:15,Foxtrot Unit,E,Escalated,Day
OPS-200255,2026-07-10 14:33,2026-07-10 14:40,Foxtrot Unit,G,Resolved,Day
OPS-200256,2026-05-22 01:45,2026-05-22 01:53,Alpha Unit,G,Resolved,Night
OPS-200257,2026-07-04 03:23,2026-07-04 03:38,Hotel Unit,H,Resolved,Night
OPS-200258,2026-06-11 16:25,2026-06-11 16:30,Bravo Unit,E,Resolved,Day
OPS-200259,2026-05-10 05:47,2026-05-10 05:55,Bravo Unit,G,Resolved,Night
OPS-200260,2026-05-04 10:56,2026-05-04 11:00,Delta Unit,J,Resolved,Day
OPS-200261,2026-07-03 04:32,2026-07-03 04:46,Bravo Unit,B,Resolved,Night
OPS-200262,2026-06-28 09:36,2026-06-28 09:47,Hotel Unit,H,Closed,Day
OPS-200263,2026-05-22 01:21,2026-05-22 01:35,Alpha Unit,C,Resolved,Night
OPS-200264,2026-06-20 09:30,2026-06-20 09:38,Delta Unit,H,Closed,Day
OPS-200265,2026-07-18 10:35,2026-07-18 10:53,Hotel Unit,J,Resolved,Day
OPS-200266,2026-07-20 15:13,2026-07-20 15:26,Echo Unit,G,Resolved,Day
OPS-200267,2026-05-10 11:37,2026-05-10 11:54,Alpha Unit,D,Closed,Day
OPS-200268,2026-04-30 00:17,2026-04-30 00:32,Echo Unit,I,Resolved,Night
OPS-200269,2026-06-06 22:46,2026-06-06 22:56,Charlie Unit,E,Resolved,Night
OPS-200270,2026-06-26 18:59,2026-06-26 19:07,Hotel Unit,J,Resolved,Night
OPS-200271,2026-07-26 15:48,2026-07-26 16:10,Bravo Unit,D,Escalated,Day
OPS-200272,2026-05-08 21:31,2026-05-08 21:36,Bravo Unit,A,Closed,Night
OPS-200273,2026-06-10 15:27,2026-06-10 15:43,Alpha Unit,E,Closed,Day
OPS-200274,2026-06-19 03:29,2026-06-19 03:36,Delta Unit,I,Escalated,Night
OPS-200275,2026-06-05 13:38,2026-06-05 13:51,Hotel Unit,H,Resolved,Day
OPS-200276,2026-05-13 16:14,2026-05-13 16:39,Delta Unit,D,Resolved,Day
OPS-200277,2026-04-29 18:11,2026-04-29 18:21,Foxtrot Unit,A,Resolved,Night
OPS-200278,2026-06-30 14:27,2026-06-30 14:51,Foxtrot Unit,D,Under Investigation,Day
OPS-200279,2026-06-22 03:44,2026-06-22 03:59,Echo Unit,E,Closed,Night
OPS-200280,2026-07-02 22:40,2026-07-02 22:58,Delta Unit,C,Closed,Night
OPS-200281,2026-05-08 11:34,2026-05-08 11:44,Alpha Unit,J,Under Investigation,Day
OPS-200282,2026-06-02 16:41,2026-06-02 16:56,Foxtrot Unit,D,Escalated,Day
OPS-200283,2026-07-10 19:45,2026-07-10 19:50,Delta Unit,I,Under Investigation,Night
OPS-200284,2026-06-09 02:25,2026-06-09 02:34,Foxtrot Unit,G,Resolved,Night
OPS-200285,2026-07-07 16:20,2026-07-07 16:35,Bravo Unit,F,Under Investigation,Day
OPS-200286,2026-07-16 10:18,2026-07-16 10:28,Delta Unit,I,Closed,Day
OPS-200287,2026-07-09 01:47,2026-07-09 01:55,Bravo Unit,H,Resolved,Night
OPS-200288,2026-05-01 09:33,2026-05-01 09:38,Charlie Unit,E,Resolved,Day
OPS-200289,2026-06-01 23:49,2026-06-01 23:59,Delta Unit,A,Resolved,Night
OPS-200290,2026-07-06 08:41,2026-07-06 08:53,Hotel Unit,B,Escalated,Day
OPS-200291,2026-06-05 14:36,2026-06-05 14:42,Hotel Unit,C,Resolved,Day
OPS-200292,2026-06-03 04:48,2026-06-03 04:57,Foxtrot Unit,H,Resolved,Night
OPS-200293,2026-06-21 04:51,2026-06-21 04:58,Delta Unit,J,Closed,Night
OPS-200294,2026-05-07 16:18,2026-05-07 16:27,Golf Unit,G,Resolved,Day
OPS-200295,2026-07-10 22:54,2026-07-10 22:58,Bravo Unit,A,Resolved,Night
OPS-200296,2026-06-02 07:09,2026-06-02 07:19,Foxtrot Unit,E,Resolved,Day
OPS-200297,2026-07-13 05:38,2026-07-13 05:41,Bravo Unit,B,Resolved,Night
OPS-200298,2026-07-15 11:25,2026-07-15 11:43,Bravo Unit,E,Resolved,Day
OPS-200299,2026-06-06 20:34,2026-06-06 20:44,Bravo Unit,A,Escalated,Night
OPS-200300,2026-06-17 23:09,2026-06-17 23:15,Charlie Unit,E,Resolved,Night
OPS-200301,2026-07-14 02:02,2026-07-14 02:11,Bravo Unit,B,Resolved,Night
OPS-200302,2026-07-14 12:29,2026-07-14 12:39,Alpha Unit,J,Escalated,Day
OPS-200303,2026-06-08 21:31,2026-06-08 21:41,Golf Unit,F,Escalated,Night
OPS-200304,2026-05-08 03:13,2026-05-08 03:19,Delta Unit,C,Resolved,Night
OPS-200305,2026-06-29 13:47,2026-06-29 13:56,Delta Unit,F,Resolved,Day
OPS-200306,2026-07-06 08:58,2026-07-06 09:09,Delta Unit,F,Resolved,Day
OPS-200307,2026-07-07 05:37,2026-07-07 05:50,Charlie Unit,J,Resolved,Night
OPS-200308,2026-05-17 22:00,2026-05-17 22:08,Echo Unit,H,Resolved,Night
OPS-200309,2026-06-25 00:19,2026-06-25 00:29,Bravo Unit,G,Closed,Night
OPS-200310,2026-05-12 10:28,2026-05-12 10:42,Alpha Unit,E,Closed,Day
OPS-200311,2026-07-11 18:27,2026-07-11 18:42,Delta Unit,B,Resolved,Night
OPS-200312,2026-07-06 09:43,2026-07-06 09:55,Hotel Unit,E,Resolved,Day
OPS-200313,2026-05-31 17:16,2026-05-31 17:27,Foxtrot Unit,C,Resolved,Day
OPS-200314,2026-06-11 16:02,2026-06-11 16:09,Delta Unit,C,Resolved,Day
OPS-200315,2026-05-21 14:56,2026-05-21 15:11,Charlie Unit,D,Resolved,Day
OPS-200316,2026-06-20 20:38,2026-06-20 20:53,Foxtrot Unit,D,Resolved,Night
OPS-200317,2026-06-26 16:54,2026-06-26 17:09,Foxtrot Unit,D,Resolved,Day
OPS-200318,2026-06-06 23:47,2026-06-06 23:57,Delta Unit,A,Under Investigation,Night
OPS-200319,2026-06-21 11:09,2026-06-21 11:20,Golf Unit,G,Resolved,Day
OPS-200320,2026-05-08 17:10,2026-05-08 17:20,Delta Unit,E,Resolved,Day
OPS-200321,2026-06-06 12:18,2026-06-06 12:25,Echo Unit,H,Resolved,Day
OPS-200322,2026-04-29 11:27,2026-04-29 11:29,Alpha Unit,A,Resolved,Day
OPS-200323,2026-05-03 23:38,2026-05-03 23:44,Alpha Unit,H,Closed,Night
OPS-200324,2026-05-03 01:02,2026-05-03 01:12,Hotel Unit,F,Closed,Night
OPS-200325,2026-05-11 21:18,2026-05-11 21:28,Golf Unit,I,Resolved,Night
OPS-200326,2026-06-16 20:44,2026-06-16 20:53,Delta Unit,J,Under Investigation,Night
OPS-200327,2026-07-17 14:00,2026-07-17 14:06,Echo Unit,A,Closed,Day
OPS-200328,2026-07-08 21:06,2026-07-08 21:20,Delta Unit,F,Resolved,Night
OPS-200329,2026-05-29 19:37,2026-05-29 19:44,Charlie Unit,F,Resolved,Night
OPS-200330,2026-05-23 11:05,2026-05-23 11:20,Delta Unit,G,Resolved,Day
OPS-200331,2026-05-02 17:19,2026-05-02 17:32,Foxtrot Unit,C,Under Investigation,Day
OPS-200332,2026-05-13 03:18,2026-05-13 03:20,Golf Unit,B,Under Investigation,Night
OPS-200333,2026-05-27 21:01,2026-05-27 21:04,Echo Unit,I,Under Investigation,Night
OPS-200334,2026-06-30 01:45,2026-06-30 01:52,Hotel Unit,I,Resolved,Night
OPS-200335,2026-06-24 11:47,2026-06-24 11:56,Delta Unit,E,Resolved,Day
OPS-200336,2026-06-18 00:25,2026-06-18 00:36,Hotel Unit,E,Resolved,Night
OPS-200337,2026-06-25 10:01,2026-06-25 10:10,Bravo Unit,A,Resolved,Day
OPS-200338,2026-05-16 05:08,2026-05-16 05:17,Foxtrot Unit,I,Resolved,Night
OPS-200339,2026-07-11 17:48,2026-07-11 17:57,Charlie Unit,H,Resolved,Day
OPS-200340,2026-07-18 06:26,2026-07-18 06:40,Delta Unit,G,Under Investigation,Day
OPS-200341,2026-05-14 01:58,2026-05-14 02:06,Echo Unit,E,Under Investigation,Night
OPS-200342,2026-05-05 14:00,2026-05-05 14:02,Foxtrot Unit,G,Resolved,Day
OPS-200343,2026-07-22 14:14,2026-07-22 14:33,Bravo Unit,J,Closed,Day
OPS-200344,2026-05-20 18:55,2026-05-20 19:05,Charlie Unit,G,Resolved,Night
OPS-200345,2026-05-26 19:21,2026-05-26 19:38,Alpha Unit,D,Resolved,Night
OPS-200346,2026-05-14 10:19,2026-05-14 10:34,Alpha Unit,B,Escalated,Day
OPS-200347,2026-07-05 21:56,2026-07-05 22:09,Golf Unit,G,Under Investigation,Night
OPS-200348,2026-06-05 12:55,2026-06-05 13:00,Golf Unit,E,Under Investigation,Day
OPS-200349,2026-04-30 18:19,2026-04-30 18:26,Foxtrot Unit,J,Escalated,Night
OPS-200350,2026-07-07 12:50,2026-07-07 12:59,Bravo Unit,F,Under Investigation,Day
OPS-200351,2026-05-20 05:35,2026-05-20 05:42,Echo Unit,E,Resolved,Night
OPS-200352,2026-07-03 12:10,2026-07-03 12:24,Bravo Unit,H,Escalated,Day
OPS-200353,2026-05-03 00:29,2026-05-03 00:48,Foxtrot Unit,D,Escalated,Night
OPS-200354,2026-06-17 09:01,2026-06-17 09:23,Delta Unit,D,Resolved,Day
OPS-200355,2026-07-25 20:25,2026-07-25 20:41,Echo Unit,B,Resolved,Night
OPS-200356,2026-07-07 14:49,2026-07-07 14:58,Charlie Unit,G,Under Investigation,Day
OPS-200357,2026-05-30 20:15,2026-05-30 20:21,Delta Unit,F,Resolved,Night
OPS-200358,2026-05-23 09:18,2026-05-23 09:26,Bravo Unit,C,Resolved,Day
OPS-200359,2026-05-24 16:20,2026-05-24 16:26,Foxtrot Unit,F,Closed,Day
OPS-200360,2026-06-26 03:23,2026-06-26 03:29,Hotel Unit,I,Resolved,Night
OPS-200361,2026-05-19 23:29,2026-05-19 23:36,Alpha Unit,H,Under Investigation,Night
OPS-200362,2026-05-27 15:28,2026-05-27 15:43,Charlie Unit,A,Closed,Day
OPS-200363,2026-06-06 21:34,2026-06-06 21:39,Echo Unit,G,Resolved,Night
OPS-200364,2026-06-04 10:47,2026-06-04 10:53,Golf Unit,H,Resolved,Day
OPS-200365,2026-05-02 11:16,2026-05-02 11:29,Hotel Unit,D,Resolved,Day
OPS-200366,2026-05-29 22:04,2026-05-29 22:14,Charlie Unit,B,Resolved,Night
OPS-200367,2026-07-15 05:02,2026-07-15 05:13,Delta Unit,F,Resolved,Night
OPS-200368,2026-06-12 06:52,2026-06-12 07:09,Echo Unit,D,Resolved,Day
OPS-200369,2026-06-29 01:12,2026-06-29 01:22,Delta Unit,B,Resolved,Night
OPS-200370,2026-05-23 23:23,2026-05-23 23:35,Bravo Unit,F,Resolved,Night
OPS-200371,2026-05-15 13:05,2026-05-15 13:19,Bravo Unit,I,Closed,Day
OPS-200372,2026-06-27 14:24,2026-06-27 14:41,Charlie Unit,H,Resolved,Day
OPS-200373,2026-05-23 05:34,2026-05-23 05:52,Alpha Unit,J,Closed,Night
OPS-200374,2026-05-27 02:50,2026-05-27 03:02,Charlie Unit,J,Resolved,Night
OPS-200375,2026-06-11 19:23,2026-06-11 19:36,Charlie Unit,C,Closed,Night
OPS-200376,2026-05-03 07:22,2026-05-03 07:29,Charlie Unit,A,Resolved,Day
OPS-200377,2026-06-11 05:45,2026-06-11 05:53,Foxtrot Unit,I,Resolved,Night
OPS-200378,2026-06-30 19:18,2026-06-30 19:27,Charlie Unit,C,Under Investigation,Night
OPS-200379,2026-05-19 19:44,2026-05-19 19:52,Hotel Unit,G,Under Investigation,Night
OPS-200380,2026-05-28 14:04,2026-05-28 14:16,Alpha Unit,C,Resolved,Day
OPS-200381,2026-06-20 09:28,2026-06-20 09:36,Charlie Unit,C,Under Investigation,Day
OPS-200382,2026-06-13 19:04,2026-06-13 19:10,Golf Unit,I,Resolved,Night
OPS-200383,2026-07-26 08:34,2026-07-26 08:48,Delta Unit,F,Under Investigation,Day
OPS-200384,2026-06-11 01:59,2026-06-11 02:09,Charlie Unit,C,Resolved,Night
OPS-200385,2026-05-23 19:18,2026-05-23 19:32,Bravo Unit,A,Resolved,Night
OPS-200386,2026-06-21 05:53,2026-06-21 06:03,Delta Unit,G,Resolved,Night
OPS-200387,2026-06-26 13:56,2026-06-26 14:07,Delta Unit,F,Resolved,Day
OPS-200388,2026-06-26 19:28,2026-06-26 19:38,Alpha Unit,A,Resolved,Night
OPS-200389,2026-07-27 14:51,2026-07-27 15:17,Delta Unit,D,Resolved,Day
OPS-200390,2026-06-27 08:43,2026-06-27 08:51,Alpha Unit,J,Escalated,Day
OPS-200391,2026-05-11 23:12,2026-05-11 23:21,Echo Unit,B,Resolved,Night
OPS-200392,2026-06-09 02:43,2026-06-09 02:50,Bravo Unit,H,Closed,Night
OPS-200393,2026-06-28 17:28,2026-06-28 17:34,Bravo Unit,H,Escalated,Day
OPS-200394,2026-07-07 22:38,2026-07-07 22:46,Golf Unit,C,Resolved,Night
OPS-200395,2026-07-06 01:49,2026-07-06 01:59,Delta Unit,A,Under Investigation,Night
OPS-200396,2026-05-09 06:09,2026-05-09 06:15,Bravo Unit,F,Under Investigation,Day
OPS-200397,2026-05-16 05:30,2026-05-16 05:51,Bravo Unit,J,Resolved,Night
OPS-200398,2026-07-23 21:00,2026-07-23 21:07,Golf Unit,I,Resolved,Night
OPS-200399,2026-05-21 08:13,2026-05-21 08:19,Echo Unit,B,Resolved,Day
OPS-200400,2026-06-30 17:21,2026-06-30 17:23,Golf Unit,E,Resolved,Day
OPS-200401,2026-06-03 15:47,2026-06-03 15:56,Delta Unit,E,Resolved,Day
OPS-200402,2026-06-13 02:42,2026-06-13 02:52,Foxtrot Unit,J,Resolved,Night
OPS-200403,2026-05-10 15:34,2026-05-10 15:49,Alpha Unit,D,Resolved,Day
OPS-200404,2026-06-17 12:14,2026-06-17 12:24,Bravo Unit,E,Resolved,Day
OPS-200405,2026-07-10 02:40,2026-07-10 02:50,Hotel Unit,H,Resolved,Night
OPS-200406,2026-06-18 03:56,2026-06-18 04:00,Echo Unit,C,Resolved,Night
OPS-200407,2026-04-29 06:17,2026-04-29 06:24,Alpha Unit,J,Resolved,Day
OPS-200408,2026-06-29 04:43,2026-06-29 04:49,Alpha Unit,J,Resolved,Night
OPS-200409,2026-06-17 09:57,2026-06-17 10:16,Echo Unit,D,Under Investigation,Day
OPS-200410,2026-07-21 15:45,2026-07-21 15:57,Charlie Unit,E,Escalated,Day
OPS-200411,2026-05-07 13:02,2026-05-07 13:19,Alpha Unit,D,Resolved,Day
OPS-200412,2026-06-12 19:00,2026-06-12 19:13,Delta Unit,B,Under Investigation,Night
OPS-200413,2026-06-09 01:31,2026-06-09 01:44,Hotel Unit,J,Resolved,Night
OPS-200414,2026-06-16 11:33,2026-06-16 11:45,Echo Unit,B,Resolved,Day
OPS-200415,2026-05-14 17:05,2026-05-14 17:13,Foxtrot Unit,E,Escalated,Day
OPS-200416,2026-06-14 04:47,2026-06-14 05:04,Foxtrot Unit,E,Resolved,Night
OPS-200417,2026-07-03 11:05,2026-07-03 11:07,Echo Unit,H,Resolved,Day
OPS-200418,2026-04-29 16:50,2026-04-29 17:04,Alpha Unit,G,Resolved,Day
OPS-200419,2026-06-04 10:05,2026-06-04 10:12,Hotel Unit,B,Under Investigation,Day
OPS-200420,2026-06-22 15:34,2026-06-22 15:48,Alpha Unit,J,Closed,Day
OPS-200421,2026-05-21 00:36,2026-05-21 00:45,Hotel Unit,H,Under Investigation,Night
OPS-200422,2026-05-01 11:03,2026-05-01 11:11,Echo Unit,A,Resolved,Day
OPS-200423,2026-05-31 11:44,2026-05-31 11:49,Hotel Unit,C,Resolved,Day
OPS-200424,2026-05-06 08:49,2026-05-06 09:09,Delta Unit,D,Under Investigation,Day
OPS-200425,2026-06-29 13:16,2026-06-29 13:21,Delta Unit,B,Resolved,Day
OPS-200426,2026-05-14 15:45,2026-05-14 15:51,Bravo Unit,I,Closed,Day
OPS-200427,2026-07-24 15:57,2026-07-24 16:01,Golf Unit,F,Under Investigation,Day
OPS-200428,2026-06-27 23:23,2026-06-27 23:28,Delta Unit,C,Closed,Night
OPS-200429,2026-05-01 04:47,2026-05-01 04:49,Alpha Unit,J,Resolved,Night
OPS-200430,2026-06-21 08:27,2026-06-21 08:32,Alpha Unit,E,Under Investigation,Day
OPS-200431,2026-05-27 07:44,2026-05-27 07:51,Foxtrot Unit,A,Resolved,Day
OPS-200432,2026-04-30 19:26,2026-04-30 19:32,Foxtrot Unit,B,Resolved,Night
OPS-200433,2026-07-08 21:29,2026-07-08 21:43,Hotel Unit,B,Resolved,Night
OPS-200434,2026-06-09 00:08,2026-06-09 00:15,Echo Unit,A,Under Investigation,Night
OPS-200435,2026-06-15 07:15,2026-06-15 07:25,Foxtrot Unit,J,Resolved,Day
OPS-200436,2026-05-02 01:55,2026-05-02 01:59,Charlie Unit,J,Resolved,Night
OPS-200437,2026-05-25 09:13,2026-05-25 09:21,Hotel Unit,C,Resolved,Day
OPS-200438,2026-05-05 20:09,2026-05-05 20:21,Foxtrot Unit,H,Resolved,Night
OPS-200439,2026-06-01 00:53,2026-06-01 01:05,Hotel Unit,J,Resolved,Night
OPS-200440,2026-06-22 09:21,2026-06-22 09:28,Golf Unit,G,Closed,Day
OPS-200441,2026-07-18 00:34,2026-07-18 00:44,Foxtrot Unit,E,Under Investigation,Night
OPS-200442,2026-07-01 11:31,2026-07-01 11:40,Alpha Unit,I,Resolved,Day
OPS-200443,2026-05-24 20:45,2026-05-24 20:57,Alpha Unit,G,Escalated,Night
OPS-200444,2026-06-10 04:58,2026-06-10 05:04,Alpha Unit,I,Closed,Night
OPS-200445,2026-07-23 11:01,2026-07-23 11:05,Bravo Unit,E,Resolved,Day
OPS-200446,2026-05-02 03:57,2026-05-02 04:05,Alpha Unit,F,Resolved,Night
OPS-200447,2026-06-02 12:36,2026-06-02 12:46,Golf Unit,F,Resolved,Day
OPS-200448,2026-05-19 21:13,2026-05-19 21:26,Delta Unit,G,Resolved,Night
OPS-200449,2026-07-13 10:42,2026-07-13 10:54,Bravo Unit,E,Under Investigation,Day
OPS-200450,2026-05-20 00:42,2026-05-20 00:55,Echo Unit,C,Under Investigation,Night
OPS-200451,2026-05-25 14:42,2026-05-25 14:56,Echo Unit,D,Resolved,Day
OPS-200452,2026-05-27 03:58,2026-05-27 04:02,Hotel Unit,H,Resolved,Night
OPS-200453,2026-05-17 10:41,2026-05-17 10:52,Echo Unit,E,Resolved,Day
OPS-200454,2026-07-02 19:42,2026-07-02 19:49,Echo Unit,J,Under Investigation,Night
OPS-200455,2026-06-28 14:17,2026-06-28 14:31,Bravo Unit,A,Resolved,Day
OPS-200456,2026-07-17 09:48,2026-07-17 10:06,Charlie Unit,D,Resolved,Day
OPS-200457,2026-06-16 08:26,2026-06-16 08:37,Alpha Unit,F,Under Investigation,Day
OPS-200458,2026-07-02 05:06,2026-07-02 05:17,Bravo Unit,C,Under Investigation,Night
OPS-200459,2026-05-23 05:59,2026-05-23 06:09,Alpha Unit,H,Escalated,Night
OPS-200460,2026-07-02 18:24,2026-07-02 18:36,Golf Unit,G,Resolved,Night
OPS-200461,2026-05-11 02:07,2026-05-11 02:14,Hotel Unit,G,Under Investigation,Night
OPS-200462,2026-06-04 01:20,2026-06-04 01:28,Foxtrot Unit,I,Closed,Night
OPS-200463,2026-07-13 23:38,2026-07-13 23:48,Hotel Unit,D,Resolved,Night
OPS-200464,2026-07-17 01:30,2026-07-17 01:37,Echo Unit,H,Under Investigation,Night
OPS-200465,2026-05-21 13:39,2026-05-21 13:50,Charlie Unit,H,Closed,Day
OPS-200466,2026-05-17 13:40,2026-05-17 13:49,Bravo Unit,A,Resolved,Day
OPS-200467,2026-07-16 15:47,2026-07-16 16:01,Alpha Unit,A,Closed,Day
OPS-200468,2026-06-30 17:10,2026-06-30 17:20,Delta Unit,C,Resolved,Day
OPS-200469,2026-06-28 16:59,2026-06-28 17:19,Golf Unit,D,Under Investigation,Day
OPS-200470,2026-05-28 01:14,2026-05-28 01:35,Alpha Unit,D,Resolved,Night
OPS-200471,2026-05-29 19:29,2026-05-29 19:37,Charlie Unit,C,Resolved,Night
OPS-200472,2026-05-16 09:49,2026-05-16 09:58,Charlie Unit,G,Closed,Day
OPS-200473,2026-06-04 13:24,2026-06-04 13:38,Delta Unit,I,Closed,Day
OPS-200474,2026-05-31 04:56,2026-05-31 05:03,Bravo Unit,E,Resolved,Night
OPS-200475,2026-06-15 07:22,2026-06-15 07:34,Bravo Unit,E,Escalated,Day
OPS-200476,2026-06-26 17:10,2026-06-26 17:19,Alpha Unit,A,Resolved,Day
OPS-200477,2026-07-05 08:17,2026-07-05 08:27,Hotel Unit,G,Escalated,Day
OPS-200478,2026-06-27 06:32,2026-06-27 06:44,Echo Unit,F,Escalated,Day
OPS-200479,2026-07-20 15:04,2026-07-20 15:18,Golf Unit,B,Resolved,Day
OPS-200480,2026-04-30 07:50,2026-04-30 07:58,Golf Unit,I,Escalated,Day
OPS-200481,2026-04-29 09:59,2026-04-29 10:04,Bravo Unit,G,Under Investigation,Day
OPS-200482,2026-05-12 14:21,2026-05-12 14:27,Charlie Unit,A,Resolved,Day
OPS-200483,2026-07-27 06:49,2026-07-27 07:05,Charlie Unit,D,Resolved,Day
OPS-200484,2026-06-27 20:23,2026-06-27 20:29,Bravo Unit,F,Resolved,Night
OPS-200485,2026-07-15 19:33,2026-07-15 19:53,Delta Unit,D,Resolved,Night
OPS-200486,2026-07-15 19:25,2026-07-15 19:37,Bravo Unit,J,Resolved,Night
OPS-200487,2026-07-14 20:11,2026-07-14 20:26,Foxtrot Unit,D,Closed,Night
OPS-200488,2026-06-30 08:46,2026-06-30 08:53,Alpha Unit,B,Resolved,Day
OPS-200489,2026-07-18 07:18,2026-07-18 07:34,Echo Unit,G,Resolved,Day
OPS-200490,2026-07-13 16:56,2026-07-13 17:06,Echo Unit,E,Escalated,Day
OPS-200491,2026-07-10 13:02,2026-07-10 13:15,Echo Unit,I,Resolved,Day
OPS-200492,2026-07-06 04:47,2026-07-06 04:50,Echo Unit,E,Escalated,Night
OPS-200493,2026-05-27 17:46,2026-05-27 18:03,Golf Unit,B,Resolved,Day
OPS-200494,2026-05-25 00:06,2026-05-25 00:12,Golf Unit,A,Resolved,Night
OPS-200495,2026-07-24 19:27,2026-07-24 19:43,Golf Unit,I,Resolved,Night
OPS-200496,2026-05-10 22:58,2026-05-10 23:07,Alpha Unit,A,Resolved,Night
OPS-200497,2026-05-14 18:56,2026-05-14 19:03,Foxtrot Unit,B,Resolved,Night
OPS-200498,2026-05-20 22:59,2026-05-20 23:11,Delta Unit,E,Resolved,Night
OPS-200499,2026-06-17 04:51,2026-06-17 05:03,Delta Unit,B,Resolved,Night
OPS-200500,2026-07-09 04:56,2026-07-09 04:59,Bravo Unit,B,Resolved,Night
OPS-200501,2026-05-14 02:52,2026-05-14 03:08,Foxtrot Unit,D,Resolved,Night
OPS-200502,2026-05-28 08:34,2026-05-28 08:42,Bravo Unit,C,Resolved,Day
OPS-200503,2026-07-26 17:17,2026-07-26 17:24,Charlie Unit,J,Resolved,Day
OPS-200504,2026-07-03 08:16,2026-07-03 08:21,Alpha Unit,F,Under Investigation,Day
OPS-200505,2026-07-01 03:31,2026-07-01 03:45,Golf Unit,J,Under Investigation,Night
OPS-200506,2026-07-01 19:54,2026-07-01 20:07,Hotel Unit,H,Under Investigation,Night
OPS-200507,2026-05-11 12:47,2026-05-11 12:57,Delta Unit,B,Resolved,Day
OPS-200508,2026-06-29 19:22,2026-06-29 19:30,Delta Unit,C,Resolved,Night
OPS-200509,2026-07-05 08:30,2026-07-05 08:39,Hotel Unit,I,Resolved,Day
OPS-200510,2026-05-02 12:52,2026-05-02 13:01,Bravo Unit,A,Closed,Day
OPS-200511,2026-05-10 12:30,2026-05-10 12:43,Charlie Unit,C,Resolved,Day
OPS-200512,2026-07-15 08:26,2026-07-15 08:32,Echo Unit,B,Resolved,Day
OPS-200513,2026-06-18 15:51,2026-06-18 16:02,Delta Unit,A,Escalated,Day
OPS-200514,2026-05-15 15:15,2026-05-15 15:23,Delta Unit,F,Closed,Day
OPS-200515,2026-07-03 01:30,2026-07-03 01:38,Hotel Unit,F,Resolved,Night
OPS-200516,2026-07-24 17:08,2026-07-24 17:17,Delta Unit,H,Resolved,Day
OPS-200517,2026-05-18 06:02,2026-05-18 06:04,Charlie Unit,I,Under Investigation,Day
OPS-200518,2026-07-12 11:33,2026-07-12 11:38,Golf Unit,I,Escalated,Day
OPS-200519,2026-07-24 00:03,2026-07-24 00:26,Alpha Unit,D,Under Investigation,Night
OPS-200520,2026-07-06 13:28,2026-07-06 13:36,Hotel Unit,C,Escalated,Day
OPS-200521,2026-05-29 09:43,2026-05-29 09:50,Bravo Unit,B,Under Investigation,Day
OPS-200522,2026-06-02 02:42,2026-06-02 02:48,Alpha Unit,F,Escalated,Night
OPS-200523,2026-05-12 16:24,2026-05-12 16:32,Foxtrot Unit,H,Under Investigation,Day
OPS-200524,2026-07-13 11:16,2026-07-13 11:20,Golf Unit,F,Under Investigation,Day
OPS-200525,2026-05-13 23:01,2026-05-13 23:12,Delta Unit,J,Closed,Night
OPS-200526,2026-06-02 20:57,2026-06-02 21:03,Bravo Unit,H,Resolved,Night
OPS-200527,2026-07-27 00:40,2026-07-27 00:50,Bravo Unit,E,Resolved,Night
OPS-200528,2026-06-08 20:39,2026-06-08 20:47,Alpha Unit,B,Under Investigation,Night
OPS-200529,2026-06-26 13:37,2026-06-26 13:45,Echo Unit,H,Under Investigation,Day
OPS-200530,2026-06-18 10:08,2026-06-18 10:21,Echo Unit,B,Under Investigation,Day
OPS-200531,2026-07-04 02:24,2026-07-04 02:33,Bravo Unit,C,Closed,Night
OPS-200532,2026-06-30 11:44,2026-06-30 11:56,Alpha Unit,E,Under Investigation,Day
OPS-200533,2026-06-05 04:26,2026-06-05 04:30,Golf Unit,G,Resolved,Night
OPS-200534,2026-05-01 20:27,2026-05-01 20:38,Hotel Unit,B,Resolved,Night
OPS-200535,2026-07-04 04:31,2026-07-04 04:37,Charlie Unit,A,Resolved,Night
OPS-200536,2026-06-07 12:33,2026-06-07 12:40,Golf Unit,G,Resolved,Day
OPS-200537,2026-05-25 00:35,2026-05-25 00:53,Delta Unit,J,Under Investigation,Night
OPS-200538,2026-07-05 17:29,2026-07-05 17:37,Alpha Unit,J,Resolved,Day
OPS-200539,2026-05-20 07:44,2026-05-20 07:59,Alpha Unit,A,Under Investigation,Day
OPS-200540,2026-06-29 07:02,2026-06-29 07:17,Echo Unit,I,Escalated,Day
OPS-200541,2026-05-20 19:54,2026-05-20 20:09,Bravo Unit,D,Resolved,Night
OPS-200542,2026-05-19 16:43,2026-05-19 16:56,Echo Unit,E,Resolved,Day
OPS-200543,2026-07-27 20:27,2026-07-27 20:34,Golf Unit,I,Resolved,Night
OPS-200544,2026-06-20 11:25,2026-06-20 11:31,Foxtrot Unit,A,Escalated,Day
OPS-200545,2026-07-14 03:48,2026-07-14 03:56,Alpha Unit,E,Resolved,Night
OPS-200546,2026-05-02 16:20,2026-05-02 16:39,Delta Unit,D,Under Investigation,Day
OPS-200547,2026-07-21 12:37,2026-07-21 12:49,Echo Unit,J,Resolved,Day
OPS-200548,2026-05-06 21:50,2026-05-06 21:57,Delta Unit,I,Under Investigation,Night
OPS-200549,2026-07-08 23:39,2026-07-08 23:49,Charlie Unit,J,Under Investigation,Night
OPS-200550,2026-06-13 20:15,2026-06-13 20:24,Bravo Unit,A,Resolved,Night
OPS-200551,2026-05-20 22:19,2026-05-20 22:28,Echo Unit,C,Resolved,Night
OPS-200552,2026-05-20 07:56,2026-05-20 08:10,Charlie Unit,G,Resolved,Day
OPS-200553,2026-05-29 02:56,2026-05-29 03:15,Alpha Unit,D,Closed,Night
OPS-200554,2026-06-30 08:40,2026-06-30 08:45,Alpha Unit,H,Under Investigation,Day
OPS-200555,2026-05-11 07:09,2026-05-11 07:24,Bravo Unit,F,Under Investigation,Day
OPS-200556,2026-05-24 03:18,2026-05-24 03:27,Hotel Unit,A,Escalated,Night
OPS-200557,2026-06-28 06:34,2026-06-28 06:54,Charlie Unit,D,Resolved,Day
OPS-200558,2026-07-27 18:18,2026-07-27 18:25,Hotel Unit,H,Resolved,Night
OPS-200559,2026-06-15 08:34,2026-06-15 08:45,Alpha Unit,H,Resolved,Day
OPS-200560,2026-06-29 11:13,2026-06-29 11:27,Delta Unit,J,Closed,Day
OPS-200561,2026-05-25 16:54,2026-05-25 17:02,Bravo Unit,H,Resolved,Day
OPS-200562,2026-05-30 13:23,2026-05-30 13:33,Alpha Unit,G,Under Investigation,Day
OPS-200563,2026-06-27 08:30,2026-06-27 08:40,Alpha Unit,J,Resolved,Day
OPS-200564,2026-05-15 17:50,2026-05-15 18:08,Foxtrot Unit,D,Under Investigation,Day
OPS-200565,2026-05-02 09:22,2026-05-02 09:31,Echo Unit,I,Under Investigation,Day
OPS-200566,2026-05-20 05:30,2026-05-20 05:36,Echo Unit,C,Resolved,Night
OPS-200567,2026-06-05 08:07,2026-06-05 08:16,Foxtrot Unit,A,Resolved,Day
OPS-200568,2026-05-18 20:37,2026-05-18 20:40,Delta Unit,A,Resolved,Night
OPS-200569,2026-05-03 04:31,2026-05-03 04:42,Charlie Unit,A,Resolved,Night
OPS-200570,2026-07-11 03:28,2026-07-11 03:35,Alpha Unit,H,Resolved,Night
OPS-200571,2026-06-17 23:56,2026-06-18 00:03,Hotel Unit,F,Closed,Night
OPS-200572,2026-05-16 13:42,2026-05-16 13:55,Delta Unit,H,Resolved,Day
OPS-200573,2026-06-08 08:20,2026-06-08 08:31,Echo Unit,J,Under Investigation,Day
OPS-200574,2026-05-14 17:47,2026-05-14 17:52,Echo Unit,G,Under Investigation,Day
OPS-200575,2026-05-27 10:23,2026-05-27 10:33,Foxtrot Unit,F,Resolved,Day
OPS-200576,2026-07-25 15:06,2026-07-25 15:12,Delta Unit,B,Under Investigation,Day
OPS-200577,2026-07-11 09:15,2026-07-11 09:24,Charlie Unit,F,Under Investigation,Day
OPS-200578,2026-04-29 22:20,2026-04-29 22:27,Hotel Unit,B,Closed,Night
OPS-200579,2026-06-07 08:12,2026-06-07 08:20,Bravo Unit,B,Resolved,Day
OPS-200580,2026-07-12 06:18,2026-07-12 06:30,Bravo Unit,F,Resolved,Day
OPS-200581,2026-05-07 05:56,2026-05-07 06:09,Bravo Unit,A,Resolved,Night
OPS-200582,2026-07-26 02:29,2026-07-26 02:35,Golf Unit,A,Under Investigation,Night
OPS-200583,2026-05-24 22:09,2026-05-24 22:29,Hotel Unit,D,Escalated,Night
OPS-200584,2026-07-15 03:37,2026-07-15 03:48,Echo Unit,I,Closed,Night
OPS-200585,2026-05-28 05:26,2026-05-28 05:37,Charlie Unit,F,Under Investigation,Night
OPS-200586,2026-07-21 05:28,2026-07-21 05:31,Hotel Unit,F,Resolved,Night
OPS-200587,2026-05-10 08:49,2026-05-10 08:56,Hotel Unit,A,Escalated,Day
OPS-200588,2026-05-11 09:17,2026-05-11 09:31,Hotel Unit,D,Resolved,Day
OPS-200589,2026-05-28 23:07,2026-05-28 23:15,Golf Unit,C,Resolved,Night
OPS-200590,2026-05-12 09:55,2026-05-12 10:09,Bravo Unit,E,Escalated,Day
OPS-200591,2026-06-12 11:48,2026-06-12 12:00,Bravo Unit,J,Under Investigation,Day
OPS-200592,2026-05-04 08:35,2026-05-04 08:44,Foxtrot Unit,G,Resolved,Day
OPS-200593,2026-05-28 02:38,2026-05-28 02:43,Charlie Unit,G,Resolved,Night
OPS-200594,2026-05-17 04:28,2026-05-17 04:44,Charlie Unit,D,Escalated,Night
OPS-200595,2026-07-20 01:48,2026-07-20 01:56,Hotel Unit,H,Resolved,Night
OPS-200596,2026-06-22 18:58,2026-06-22 19:04,Charlie Unit,J,Resolved,Night
OPS-200597,2026-05-11 11:11,2026-05-11 11:19,Golf Unit,F,Resolved,Day
OPS-200598,2026-05-14 00:25,2026-05-14 00:35,Echo Unit,J,Under Investigation,Night
OPS-200599,2026-07-21 07:59,2026-07-21 08:09,Charlie Unit,C,Escalated,Day
OPS-200600,2026-05-20 19:40,2026-05-20 19:52,Bravo Unit,C,Resolved,Night
OPS-200601,2026-05-07 22:58,2026-05-07 23:06,Golf Unit,I,Under Investigation,Night
OPS-200602,2026-05-06 17:31,2026-05-06 17:41,Echo Unit,F,Resolved,Day
OPS-200603,2026-06-29 12:57,2026-06-29 13:02,Echo Unit,G,Resolved,Day
OPS-200604,2026-06-12 06:11,2026-06-12 06:17,Charlie Unit,G,Resolved,Day
OPS-200605,2026-07-01 08:23,2026-07-01 08:32,Charlie Unit,F,Under Investigation,Day
OPS-200606,2026-05-23 21:11,2026-05-23 21:23,Delta Unit,D,Resolved,Night
OPS-200607,2026-06-27 21:51,2026-06-27 22:11,Echo Unit,D,Resolved,Night
OPS-200608,2026-07-26 12:05,2026-07-26 12:09,Foxtrot Unit,F,Resolved,Day
OPS-200609,2026-07-09 23:25,2026-07-09 23:35,Delta Unit,J,Resolved,Night
OPS-200610,2026-05-31 22:47,2026-05-31 23:00,Alpha Unit,G,Resolved,Night
OPS-200611,2026-07-11 17:24,2026-07-11 17:32,Charlie Unit,J,Resolved,Day
OPS-200612,2026-06-15 13:34,2026-06-15 13:38,Hotel Unit,B,Closed,Day
OPS-200613,2026-07-06 03:39,2026-07-06 03:52,Delta Unit,B,Resolved,Night
OPS-200614,2026-07-25 06:50,2026-07-25 07:01,Foxtrot Unit,G,Resolved,Day
OPS-200615,2026-05-11 18:45,2026-05-11 18:57,Foxtrot Unit,D,Under Investigation,Night
OPS-200616,2026-05-27 22:27,2026-05-27 22:43,Golf Unit,I,Closed,Night
OPS-200617,2026-07-13 08:56,2026-07-13 09:16,Golf Unit,D,Resolved,Day
OPS-200618,2026-07-25 15:49,2026-07-25 15:52,Echo Unit,I,Resolved,Day
OPS-200619,2026-06-05 06:41,2026-06-05 06:55,Charlie Unit,F,Closed,Day
OPS-200620,2026-07-06 06:39,2026-07-06 06:50,Delta Unit,I,Resolved,Day
OPS-200621,2026-05-06 14:40,2026-05-06 14:54,Bravo Unit,I,Under Investigation,Day
OPS-200622,2026-05-08 01:37,2026-05-08 01:40,Foxtrot Unit,C,Resolved,Night
OPS-200623,2026-05-09 07:14,2026-05-09 07:23,Alpha Unit,J,Resolved,Day
OPS-200624,2026-06-01 19:55,2026-06-01 20:08,Bravo Unit,E,Resolved,Night
OPS-200625,2026-05-09 03:39,2026-05-09 03:53,Delta Unit,I,Resolved,Night
OPS-200626,2026-05-25 22:06,2026-05-25 22:13,Golf Unit,C,Closed,Night
OPS-200627,2026-07-07 20:10,2026-07-07 20:23,Echo Unit,J,Resolved,Night
OPS-200628,2026-06-14 23:01,2026-06-14 23:13,Bravo Unit,J,Resolved,Night
OPS-200629,2026-06-11 17:48,2026-06-11 17:54,Alpha Unit,I,Resolved,Day
OPS-200630,2026-05-19 01:55,2026-05-19 02:09,Alpha Unit,H,Closed,Night
OPS-200631,2026-06-19 21:10,2026-06-19 21:20,Delta Unit,A,Under Investigation,Night
OPS-200632,2026-06-01 15:44,2026-06-01 15:52,Alpha Unit,B,Resolved,Day
OPS-200633,2026-07-13 15:38,2026-07-13 15:54,Foxtrot Unit,A,Resolved,Day
OPS-200634,2026-06-06 08:57,2026-06-06 09:02,Alpha Unit,C,Resolved,Day
OPS-200635,2026-07-17 04:42,2026-07-17 04:59,Bravo Unit,B,Under Investigation,Night
OPS-200636,2026-06-12 16:27,2026-06-12 16:42,Bravo Unit,E,Under Investigation,Day
OPS-200637,2026-05-12 23:07,2026-05-12 23:16,Echo Unit,C,Resolved,Night
OPS-200638,2026-06-01 21:02,2026-06-01 21:09,Delta Unit,H,Resolved,Night
OPS-200639,2026-05-06 09:50,2026-05-06 09:57,Delta Unit,F,Under Investigation,Day
OPS-200640,2026-07-04 18:56,2026-07-04 19:01,Delta Unit,B,Under Investigation,Night
OPS-200641,2026-05-25 08:09,2026-05-25 08:22,Charlie Unit,H,Resolved,Day
OPS-200642,2026-06-07 03:18,2026-06-07 03:22,Golf Unit,C,Closed,Night
OPS-200643,2026-07-12 03:49,2026-07-12 03:58,Delta Unit,H,Under Investigation,Night
OPS-200644,2026-07-17 15:16,2026-07-17 15:23,Foxtrot Unit,G,Resolved,Day
OPS-200645,2026-06-26 14:45,2026-06-26 14:54,Echo Unit,A,Resolved,Day
OPS-200646,2026-06-30 04:50,2026-06-30 05:03,Hotel Unit,F,Resolved,Night
OPS-200647,2026-06-21 07:41,2026-06-21 07:48,Alpha Unit,E,Resolved,Day
OPS-200648,2026-07-15 11:57,2026-07-15 12:15,Delta Unit,E,Closed,Day
OPS-200649,2026-07-09 12:16,2026-07-09 12:29,Echo Unit,H,Resolved,Day
OPS-200650,2026-05-24 06:52,2026-05-24 06:54,Bravo Unit,F,Escalated,Day
OPS-200651,2026-07-02 19:36,2026-07-02 19:48,Alpha Unit,F,Resolved,Night
OPS-200652,2026-06-07 21:48,2026-06-07 21:57,Charlie Unit,E,Under Investigation,Night
OPS-200653,2026-06-10 05:41,2026-06-10 05:52,Alpha Unit,I,Under Investigation,Night
OPS-200654,2026-06-03 23:41,2026-06-03 23:56,Foxtrot Unit,I,Resolved,Night
OPS-200655,2026-05-25 15:21,2026-05-25 15:32,Charlie Unit,C,Resolved,Day
OPS-200656,2026-06-03 10:07,2026-06-03 10:16,Foxtrot Unit,A,Resolved,Day
OPS-200657,2026-07-14 11:39,2026-07-14 11:46,Golf Unit,I,Resolved,Day
OPS-200658,2026-07-24 00:12,2026-07-24 00:28,Echo Unit,I,Closed,Night
OPS-200659,2026-05-12 18:36,2026-05-12 18:49,Hotel Unit,G,Under Investigation,Night
OPS-200660,2026-07-24 18:40,2026-07-24 18:46,Charlie Unit,E,Resolved,Night
OPS-200661,2026-05-03 13:15,2026-05-03 13:24,Delta Unit,J,Resolved,Day
OPS-200662,2026-07-22 14:01,2026-07-22 14:10,Alpha Unit,J,Resolved,Day
OPS-200663,2026-06-15 10:46,2026-06-15 10:56,Echo Unit,C,Resolved,Day
OPS-200664,2026-06-19 00:50,2026-06-19 01:01,Alpha Unit,E,Resolved,Night
OPS-200665,2026-07-09 00:38,2026-07-09 00:53,Echo Unit,D,Resolved,Night
OPS-200666,2026-06-07 03:39,2026-06-07 03:45,Alpha Unit,I,Resolved,Night
OPS-200667,2026-07-02 00:01,2026-07-02 00:10,Alpha Unit,A,Resolved,Night
OPS-200668,2026-07-21 17:56,2026-07-21 18:07,Delta Unit,J,Resolved,Day
OPS-200669,2026-07-25 05:20,2026-07-25 05:28,Echo Unit,G,Resolved,Night
OPS-200670,2026-07-06 21:28,2026-07-06 21:35,Delta Unit,J,Under Investigation,Night
OPS-200671,2026-05-25 18:25,2026-05-25 18:42,Echo Unit,I,Under Investigation,Night
OPS-200672,2026-06-09 02:53,2026-06-09 03:13,Alpha Unit,D,Resolved,Night
OPS-200673,2026-07-21 16:04,2026-07-21 16:18,Golf Unit,A,Resolved,Day
OPS-200674,2026-05-31 09:37,2026-05-31 09:43,Charlie Unit,A,Resolved,Day
OPS-200675,2026-07-15 22:40,2026-07-15 22:44,Bravo Unit,J,Resolved,Night
OPS-200676,2026-07-06 02:07,2026-07-06 02:22,Foxtrot Unit,C,Under Investigation,Night
OPS-200677,2026-05-01 16:38,2026-05-01 16:52,Charlie Unit,D,Resolved,Day
OPS-200678,2026-06-25 02:46,2026-06-25 02:54,Charlie Unit,J,Escalated,Night
OPS-200679,2026-06-09 19:30,2026-06-09 19:35,Hotel Unit,H,Closed,Night
OPS-200680,2026-07-20 13:11,2026-07-20 13:20,Hotel Unit,F,Resolved,Day
OPS-200681,2026-07-13 17:42,2026-07-13 17:45,Foxtrot Unit,I,Resolved,Day
OPS-200682,2026-07-19 16:15,2026-07-19 16:29,Delta Unit,D,Escalated,Day
OPS-200683,2026-04-29 17:11,2026-04-29 17:22,Delta Unit,C,Closed,Day
OPS-200684,2026-06-16 17:16,2026-06-16 17:25,Bravo Unit,I,Resolved,Day
OPS-200685,2026-06-26 23:04,2026-06-26 23:12,Foxtrot Unit,F,Under Investigation,Night
OPS-200686,2026-07-02 10:29,2026-07-02 10:44,Alpha Unit,I,Escalated,Day
OPS-200687,2026-05-07 21:18,2026-05-07 21:26,Delta Unit,J,Resolved,Night
OPS-200688,2026-05-19 22:13,2026-05-19 22:22,Hotel Unit,A,Under Investigation,Night
OPS-200689,2026-07-14 16:11,2026-07-14 16:27,Alpha Unit,D,Under Investigation,Day
OPS-200690,2026-05-26 18:47,2026-05-26 18:58,Bravo Unit,J,Closed,Night
OPS-200691,2026-07-23 13:35,2026-07-23 13:43,Golf Unit,F,Closed,Day
OPS-200692,2026-05-16 11:34,2026-05-16 11:46,Bravo Unit,F,Resolved,Day
OPS-200693,2026-07-15 08:45,2026-07-15 08:54,Golf Unit,E,Resolved,Day
OPS-200694,2026-07-27 21:21,2026-07-27 21:41,Bravo Unit,D,Resolved,Night
OPS-200695,2026-07-18 00:18,2026-07-18 00:26,Bravo Unit,A,Closed,Night
OPS-200696,2026-05-01 06:59,2026-05-01 07:06,Echo Unit,C,Resolved,Day
OPS-200697,2026-05-24 16:55,2026-05-24 17:04,Hotel Unit,A,Escalated,Day
OPS-200698,2026-05-27 08:20,2026-05-27 08:34,Alpha Unit,D,Resolved,Day
OPS-200699,2026-06-15 13:19,2026-06-15 13:29,Foxtrot Unit,A,Escalated,Day
OPS-200700,2026-05-04 05:24,2026-05-04 05:35,Hotel Unit,A,Resolved,Night
OPS-200701,2026-05-08 15:58,2026-05-08 16:17,Foxtrot Unit,D,Resolved,Day
OPS-200702,2026-06-16 19:54,2026-06-16 20:04,Charlie Unit,G,Escalated,Night
OPS-200703,2026-06-11 06:57,2026-06-11 07:03,Hotel Unit,J,Resolved,Day
OPS-200704,2026-06-29 10:58,2026-06-29 11:10,Foxtrot Unit,A,Resolved,Day
OPS-200705,2026-07-12 04:39,2026-07-12 04:46,Hotel Unit,F,Resolved,Night
OPS-200706,2026-04-30 05:17,2026-04-30 05:23,Charlie Unit,J,Under Investigation,Night
OPS-200707,2026-07-02 22:33,2026-07-02 22:39,Charlie Unit,J,Escalated,Night
OPS-200708,2026-05-21 09:16,2026-05-21 09:28,Alpha Unit,B,Resolved,Day
OPS-200709,2026-05-03 01:14,2026-05-03 01:25,Bravo Unit,H,Resolved,Night
OPS-200710,2026-07-12 02:35,2026-07-12 02:44,Delta Unit,A,Closed,Night
OPS-200711,2026-05-06 16:55,2026-05-06 17:04,Echo Unit,J,Resolved,Day
OPS-200712,2026-07-04 18:44,2026-07-04 18:50,Bravo Unit,F,Under Investigation,Night
OPS-200713,2026-05-26 09:10,2026-05-26 09:23,Hotel Unit,J,Resolved,Day
OPS-200714,2026-05-15 17:18,2026-05-15 17:27,Foxtrot Unit,I,Resolved,Day
OPS-200715,2026-07-11 15:22,2026-07-11 15:30,Echo Unit,I,Resolved,Day
OPS-200716,2026-05-14 13:15,2026-05-14 13:33,Hotel Unit,D,Resolved,Day
OPS-200717,2026-05-07 12:32,2026-05-07 12:43,Hotel Unit,F,Resolved,Day
OPS-200718,2026-07-25 07:57,2026-07-25 08:09,Alpha Unit,E,Closed,Day
OPS-200719,2026-05-29 06:12,2026-05-29 06:21,Charlie Unit,C,Closed,Day
OPS-200720,2026-05-24 11:47,2026-05-24 12:03,Foxtrot Unit,D,Escalated,Day
OPS-200721,2026-06-02 19:50,2026-06-02 20:02,Hotel Unit,F,Resolved,Night
OPS-200722,2026-07-11 04:40,2026-07-11 04:54,Bravo Unit,A,Escalated,Night
OPS-200723,2026-05-24 08:17,2026-05-24 08:28,Alpha Unit,E,Under Investigation,Day
OPS-200724,2026-06-04 23:51,2026-06-04 23:58,Echo Unit,G,Closed,Night
OPS-200725,2026-06-14 16:51,2026-06-14 16:58,Hotel Unit,E,Under Investigation,Day
OPS-200726,2026-07-05 19:25,2026-07-05 19:37,Golf Unit,I,Resolved,Night
OPS-200727,2026-05-06 09:58,2026-05-06 10:07,Foxtrot Unit,E,Closed,Day
OPS-200728,2026-04-29 08:06,2026-04-29 08:21,Delta Unit,D,Under Investigation,Day
OPS-200729,2026-06-28 00:20,2026-06-28 00:22,Echo Unit,I,Under Investigation,Night
OPS-200730,2026-06-24 13:42,2026-06-24 13:51,Hotel Unit,B,Under Investigation,Day
OPS-200731,2026-07-22 22:04,2026-07-22 22:15,Echo Unit,A,Resolved,Night
OPS-200732,2026-04-30 03:58,2026-04-30 04:06,Hotel Unit,J,Resolved,Night
OPS-200733,2026-06-19 17:06,2026-06-19 17:12,Foxtrot Unit,G,Closed,Day
OPS-200734,2026-05-28 21:10,2026-05-28 21:16,Golf Unit,B,Resolved,Night
OPS-200735,2026-07-25 05:30,2026-07-25 05:39,Charlie Unit,J,Escalated,Night
OPS-200736,2026-06-09 06:07,2026-06-09 06:22,Foxtrot Unit,A,Under Investigation,Day
OPS-200737,2026-05-16 05:17,2026-05-16 05:31,Echo Unit,B,Resolved,Night
OPS-200738,2026-05-08 18:32,2026-05-08 18:38,Delta Unit,I,Resolved,Night
OPS-200739,2026-06-19 22:35,2026-06-19 22:38,Echo Unit,H,Under Investigation,Night
OPS-200740,2026-05-28 03:34,2026-05-28 03:41,Foxtrot Unit,F,Resolved,Night
OPS-200741,2026-07-14 16:57,2026-07-14 17:17,Delta Unit,D,Resolved,Day
OPS-200742,2026-04-29 01:59,2026-04-29 02:14,Charlie Unit,D,Resolved,Night
OPS-200743,2026-07-09 12:30,2026-07-09 12:34,Golf Unit,G,Resolved,Day
OPS-200744,2026-07-08 06:15,2026-07-08 06:23,Golf Unit,H,Escalated,Day
OPS-200745,2026-07-19 01:32,2026-07-19 01:44,Hotel Unit,J,Resolved,Night
OPS-200746,2026-07-02 16:40,2026-07-02 16:46,Charlie Unit,I,Resolved,Day
OPS-200747,2026-05-14 06:35,2026-05-14 06:41,Delta Unit,F,Under Investigation,Day
OPS-200748,2026-05-09 12:34,2026-05-09 12:48,Echo Unit,G,Resolved,Day
OPS-200749,2026-07-15 05:03,2026-07-15 05:12,Foxtrot Unit,I,Resolved,Night
OPS-200750,2026-06-11 22:21,2026-06-11 22:43,Echo Unit,D,Resolved,Night
OPS-200751,2026-06-27 14:44,2026-06-27 14:53,Golf Unit,H,Closed,Day
OPS-200752,2026-05-26 02:03,2026-05-26 02:09,Echo Unit,E,Closed,Night
OPS-200753,2026-06-10 14:10,2026-06-10 14:28,Golf Unit,D,Resolved,Day
OPS-200754,2026-05-06 00:39,2026-05-06 00:48,Echo Unit,C,Escalated,Night
OPS-200755,2026-05-05 03:01,2026-05-05 03:09,Charlie Unit,C,Resolved,Night
OPS-200756,2026-05-26 13:04,2026-05-26 13:08,Golf Unit,J,Escalated,Day
OPS-200757,2026-05-09 15:52,2026-05-09 16:04,Bravo Unit,A,Resolved,Day
OPS-200758,2026-07-27 18:48,2026-07-27 18:58,Echo Unit,J,Resolved,Night
OPS-200759,2026-06-04 10:26,2026-06-04 10:45,Bravo Unit,D,Under Investigation,Day
OPS-200760,2026-07-13 08:55,2026-07-13 09:06,Charlie Unit,H,Resolved,Day
OPS-200761,2026-05-15 18:37,2026-05-15 18:49,Foxtrot Unit,D,Resolved,Night
OPS-200762,2026-06-07 18:24,2026-06-07 18:36,Delta Unit,H,Under Investigation,Night
OPS-200763,2026-06-03 12:30,2026-06-03 12:37,Golf Unit,H,Resolved,Day
OPS-200764,2026-07-03 07:32,2026-07-03 07:46,Hotel Unit,I,Resolved,Day
OPS-200765,2026-07-03 20:10,2026-07-03 20:21,Foxtrot Unit,I,Resolved,Night
OPS-200766,2026-07-01 20:11,2026-07-01 20:16,Delta Unit,I,Under Investigation,Night
OPS-200767,2026-05-31 18:37,2026-05-31 18:47,Echo Unit,H,Escalated,Night
OPS-200768,2026-06-27 07:42,2026-06-27 07:55,Hotel Unit,I,Under Investigation,Day
OPS-200769,2026-05-23 05:42,2026-05-23 05:59,Bravo Unit,E,Resolved,Night
OPS-200770,2026-05-24 12:53,2026-05-24 13:11,Echo Unit,D,Closed,Day
OPS-200771,2026-05-06 06:52,2026-05-06 06:58,Golf Unit,G,Resolved,Day
OPS-200772,2026-05-28 23:29,2026-05-28 23:39,Hotel Unit,H,Under Investigation,Night
OPS-200773,2026-06-13 03:43,2026-06-13 03:49,Echo Unit,J,Resolved,Night
OPS-200774,2026-07-10 09:03,2026-07-10 09:12,Golf Unit,A,Escalated,Day
OPS-200775,2026-07-16 01:30,2026-07-16 01:42,Foxtrot Unit,F,Under Investigation,Night
OPS-200776,2026-07-07 21:07,2026-07-07 21:16,Delta Unit,J,Resolved,Night
OPS-200777,2026-07-07 02:27,2026-07-07 02:39,Delta Unit,H,Resolved,Night
OPS-200778,2026-05-20 21:04,2026-05-20 21:11,Delta Unit,F,Escalated,Night
OPS-200779,2026-07-26 04:45,2026-07-26 04:59,Echo Unit,G,Resolved,Night
OPS-200780,2026-06-30 04:20,2026-06-30 04:28,Golf Unit,G,Escalated,Night
OPS-200781,2026-06-03 02:13,2026-06-03 02:22,Bravo Unit,I,Closed,Night
OPS-200782,2026-07-07 12:57,2026-07-07 13:05,Golf Unit,F,Closed,Day
OPS-200783,2026-05-09 22:58,2026-05-09 23:01,Bravo Unit,I,Closed,Night
OPS-200784,2026-05-26 12:32,2026-05-26 12:38,Golf Unit,B,Resolved,Day
OPS-200785,2026-07-13 00:37,2026-07-13 00:42,Foxtrot Unit,C,Under Investigation,Night
OPS-200786,2026-05-23 09:18,2026-05-23 09:24,Delta Unit,I,Resolved,Day
OPS-200787,2026-06-08 17:35,2026-06-08 17:40,Alpha Unit,A,Escalated,Day
OPS-200788,2026-07-24 13:39,2026-07-24 13:54,Charlie Unit,D,Resolved,Day
OPS-200789,2026-05-09 18:55,2026-05-09 19:03,Bravo Unit,G,Under Investigation,Night
OPS-200790,2026-07-05 15:08,2026-07-05 15:18,Hotel Unit,H,Resolved,Day
OPS-200791,2026-05-31 04:13,2026-05-31 04:25,Bravo Unit,C,Closed,Night
OPS-200792,2026-05-16 09:31,2026-05-16 09:33,Delta Unit,H,Resolved,Day
OPS-200793,2026-06-12 22:10,2026-06-12 22:38,Hotel Unit,D,Under Investigation,Night
OPS-200794,2026-07-10 08:38,2026-07-10 08:50,Golf Unit,I,Resolved,Day
OPS-200795,2026-07-06 21:42,2026-07-06 22:00,Bravo Unit,D,Resolved,Night
OPS-200796,2026-06-14 02:19,2026-06-14 02:30,Echo Unit,I,Escalated,Night
OPS-200797,2026-05-07 01:05,2026-05-07 01:14,Bravo Unit,C,Resolved,Night
OPS-200798,2026-06-26 23:04,2026-06-26 23:18,Golf Unit,A,Resolved,Night
OPS-200799,2026-05-23 04:47,2026-05-23 04:56,Golf Unit,E,Under Investigation,Night
OPS-200800,2026-07-01 10:11,2026-07-01 10:24,Echo Unit,A,Under Investigation,Day
OPS-200801,2026-06-05 13:44,2026-06-05 13:52,Bravo Unit,G,Resolved,Day
OPS-200802,2026-05-06 21:35,2026-05-06 21:45,Echo Unit,I,Resolved,Night
OPS-200803,2026-05-30 10:21,2026-05-30 10:36,Delta Unit,D,Resolved,Day
OPS-200804,2026-07-26 08:42,2026-07-26 08:51,Alpha Unit,H,Resolved,Day
OPS-200805,2026-07-16 05:34,2026-07-16 05:44,Bravo Unit,G,Resolved,Night
OPS-200806,2026-07-20 00:14,2026-07-20 00:22,Charlie Unit,I,Closed,Night
OPS-200807,2026-05-09 17:03,2026-05-09 17:17,Hotel Unit,C,Resolved,Day
OPS-200808,2026-06-20 14:38,2026-06-20 14:59,Echo Unit,D,Escalated,Day
OPS-200809,2026-07-12 15:24,2026-07-12 15:35,Golf Unit,F,Escalated,Day
OPS-200810,2026-05-18 07:36,2026-05-18 07:46,Foxtrot Unit,I,Resolved,Day
OPS-200811,2026-06-14 16:04,2026-06-14 16:08,Delta Unit,C,Resolved,Day
OPS-200812,2026-05-26 09:41,2026-05-26 09:46,Alpha Unit,H,Resolved,Day
OPS-200813,2026-05-02 12:25,2026-05-02 12:29,Bravo Unit,B,Resolved,Day
OPS-200814,2026-06-02 12:04,2026-06-02 12:18,Echo Unit,G,Under Investigation,Day
OPS-200815,2026-07-23 12:22,2026-07-23 12:28,Alpha Unit,C,Resolved,Day
OPS-200816,2026-05-16 14:38,2026-05-16 14:45,Delta Unit,C,Resolved,Day
OPS-200817,2026-05-22 10:03,2026-05-22 10:11,Delta Unit,F,Resolved,Day
OPS-200818,2026-06-22 00:57,2026-06-22 01:10,Foxtrot Unit,B,Under Investigation,Night
OPS-200819,2026-06-05 06:41,2026-06-05 06:46,Echo Unit,I,Escalated,Day
OPS-200820,2026-07-03 01:53,2026-07-03 02:11,Bravo Unit,D,Closed,Night
OPS-200821,2026-06-08 04:31,2026-06-08 04:34,Golf Unit,H,Resolved,Night
OPS-200822,2026-05-18 02:41,2026-05-18 02:48,Bravo Unit,G,Closed,Night
OPS-200823,2026-05-13 08:41,2026-05-13 08:48,Bravo Unit,G,Escalated,Day
OPS-200824,2026-05-31 20:32,2026-05-31 20:43,Bravo Unit,G,Closed,Night
OPS-200825,2026-07-08 05:23,2026-07-08 05:30,Delta Unit,G,Resolved,Night
OPS-200826,2026-05-07 07:03,2026-05-07 07:18,Echo Unit,B,Closed,Day
OPS-200827,2026-06-23 04:08,2026-06-23 04:20,Foxtrot Unit,J,Closed,Night
OPS-200828,2026-06-21 00:09,2026-06-21 00:18,Hotel Unit,G,Resolved,Night
OPS-200829,2026-05-03 22:17,2026-05-03 22:28,Charlie Unit,G,Escalated,Night
OPS-200830,2026-06-28 04:28,2026-06-28 04:37,Alpha Unit,J,Closed,Night
OPS-200831,2026-07-16 21:29,2026-07-16 21:39,Golf Unit,I,Resolved,Night
OPS-200832,2026-06-03 17:27,2026-06-03 17:33,Bravo Unit,F,Closed,Day
OPS-200833,2026-06-17 19:25,2026-06-17 19:34,Delta Unit,G,Closed,Night
OPS-200834,2026-06-26 07:14,2026-06-26 07:21,Foxtrot Unit,C,Resolved,Day
OPS-200835,2026-05-24 05:33,2026-05-24 05:36,Charlie Unit,H,Under Investigation,Night
OPS-200836,2026-05-20 09:20,2026-05-20 09:32,Golf Unit,B,Resolved,Day
OPS-200837,2026-06-05 20:41,2026-06-05 20:50,Alpha Unit,J,Resolved,Night
OPS-200838,2026-07-20 21:53,2026-07-20 22:08,Foxtrot Unit,B,Closed,Night
OPS-200839,2026-05-28 01:28,2026-05-28 01:36,Golf Unit,J,Escalated,Night
OPS-200840,2026-06-10 17:25,2026-06-10 17:32,Echo Unit,J,Closed,Day
OPS-200841,2026-05-09 08:56,2026-05-09 09:06,Echo Unit,A,Escalated,Day
OPS-200842,2026-07-11 13:43,2026-07-11 13:51,Charlie Unit,E,Under Investigation,Day
OPS-200843,2026-06-28 00:35,2026-06-28 00:49,Golf Unit,I,Resolved,Night
OPS-200844,2026-07-07 22:32,2026-07-07 22:41,Delta Unit,A,Under Investigation,Night
OPS-200845,2026-05-17 00:27,2026-05-17 00:41,Echo Unit,G,Under Investigation,Night
OPS-200846,2026-05-29 02:40,2026-05-29 02:55,Hotel Unit,D,Resolved,Night
OPS-200847,2026-06-22 16:03,2026-06-22 16:13,Foxtrot Unit,B,Closed,Day
OPS-200848,2026-07-07 08:04,2026-07-07 08:16,Foxtrot Unit,G,Resolved,Day
OPS-200849,2026-06-29 07:36,2026-06-29 07:50,Foxtrot Unit,I,Resolved,Day
OPS-200850,2026-07-24 11:31,2026-07-24 11:40,Echo Unit,B,Closed,Day
OPS-200851,2026-07-10 05:20,2026-07-10 05:31,Echo Unit,G,Resolved,Night
OPS-200852,2026-05-19 19:05,2026-05-19 19:20,Delta Unit,I,Resolved,Night
OPS-200853,2026-07-16 08:54,2026-07-16 09:10,Alpha Unit,D,Resolved,Day
OPS-200854,2026-06-03 06:02,2026-06-03 06:09,Alpha Unit,F,Resolved,Day
OPS-200855,2026-07-20 10:58,2026-07-20 11:07,Foxtrot Unit,J,Resolved,Day
OPS-200856,2026-05-04 19:15,2026-05-04 19:18,Alpha Unit,F,Resolved,Night
OPS-200857,2026-05-23 23:35,2026-05-23 23:42,Hotel Unit,I,Resolved,Night
OPS-200858,2026-04-30 22:14,2026-04-30 22:23,Alpha Unit,I,Resolved,Night
OPS-200859,2026-05-24 18:59,2026-05-24 19:01,Alpha Unit,E,Under Investigation,Night
OPS-200860,2026-05-07 09:56,2026-05-07 10:06,Charlie Unit,E,Resolved,Day
OPS-200861,2026-05-27 14:47,2026-05-27 14:56,Charlie Unit,B,Resolved,Day
OPS-200862,2026-05-23 16:41,2026-05-23 16:51,Alpha Unit,A,Escalated,Day
OPS-200863,2026-06-07 22:36,2026-06-07 22:49,Foxtrot Unit,I,Closed,Night
OPS-200864,2026-05-07 19:49,2026-05-07 19:57,Alpha Unit,F,Resolved,Night
OPS-200865,2026-05-23 07:33,2026-05-23 07:42,Delta Unit,C,Closed,Day
OPS-200866,2026-06-28 17:21,2026-06-28 17:30,Delta Unit,B,Resolved,Day
OPS-200867,2026-06-19 07:51,2026-06-19 08:05,Alpha Unit,C,Closed,Day
OPS-200868,2026-07-03 02:40,2026-07-03 02:53,Alpha Unit,E,Closed,Night
OPS-200869,2026-05-27 07:09,2026-05-27 07:19,Hotel Unit,J,Resolved,Day
OPS-200870,2026-05-20 22:52,2026-05-20 23:00,Alpha Unit,H,Escalated,Night
OPS-200871,2026-06-10 14:42,2026-06-10 14:54,Bravo Unit,B,Escalated,Day
OPS-200872,2026-05-16 16:14,2026-05-16 16:23,Echo Unit,C,Resolved,Day
OPS-200873,2026-05-18 00:24,2026-05-18 00:42,Golf Unit,B,Resolved,Night
OPS-200874,2026-05-26 19:48,2026-05-26 19:59,Foxtrot Unit,H,Resolved,Night
OPS-200875,2026-06-20 20:09,2026-06-20 20:18,Charlie Unit,I,Resolved,Night
OPS-200876,2026-07-17 06:58,2026-07-17 07:07,Foxtrot Unit,F,Resolved,Day
OPS-200877,2026-05-17 05:59,2026-05-17 06:01,Echo Unit,G,Escalated,Night
OPS-200878,2026-05-21 03:45,2026-05-21 03:49,Echo Unit,E,Under Investigation,Night
OPS-200879,2026-07-11 07:37,2026-07-11 07:43,Hotel Unit,F,Resolved,Day
OPS-200880,2026-05-12 11:48,2026-05-12 11:59,Hotel Unit,G,Resolved,Day
OPS-200881,2026-07-15 06:06,2026-07-15 06:12,Charlie Unit,I,Resolved,Day
OPS-200882,2026-07-06 17:28,2026-07-06 17:39,Golf Unit,F,Resolved,Day
OPS-200883,2026-06-18 02:50,2026-06-18 03:04,Golf Unit,A,Resolved,Night
OPS-200884,2026-06-12 20:11,2026-06-12 20:14,Delta Unit,I,Resolved,Night
OPS-200885,2026-06-01 14:32,2026-06-01 14:45,Hotel Unit,F,Under Investigation,Day
OPS-200886,2026-07-24 00:55,2026-07-24 01:07,Alpha Unit,E,Resolved,Night
OPS-200887,2026-05-06 05:17,2026-05-06 05:30,Echo Unit,E,Resolved,Night
OPS-200888,2026-06-23 08:16,2026-06-23 08:23,Golf Unit,B,Closed,Day
OPS-200889,2026-07-18 01:54,2026-07-18 02:01,Hotel Unit,J,Resolved,Night
OPS-200890,2026-07-13 05:21,2026-07-13 05:35,Alpha Unit,H,Resolved,Night
OPS-200891,2026-06-04 04:10,2026-06-04 04:27,Foxtrot Unit,D,Escalated,Night
OPS-200892,2026-05-30 02:04,2026-05-30 02:14,Alpha Unit,G,Closed,Night
OPS-200893,2026-05-01 16:03,2026-05-01 16:11,Foxtrot Unit,F,Resolved,Day
OPS-200894,2026-07-22 08:38,2026-07-22 08:48,Hotel Unit,A,Closed,Day
OPS-200895,2026-04-30 16:58,2026-04-30 17:07,Golf Unit,I,Under Investigation,Day
OPS-200896,2026-05-03 19:59,2026-05-03 20:10,Foxtrot Unit,E,Resolved,Night
OPS-200897,2026-07-09 23:22,2026-07-09 23:28,Golf Unit,A,Closed,Night
OPS-200898,2026-05-11 20:26,2026-05-11 20:38,Hotel Unit,C,Under Investigation,Night
OPS-200899,2026-05-21 08:34,2026-05-21 08:53,Foxtrot Unit,B,Resolved,Day
OPS-200900,2026-05-17 20:13,2026-05-17 20:19,Alpha Unit,B,Closed,Night
OPS-200901,2026-04-29 18:52,2026-04-29 19:03,Charlie Unit,J,Resolved,Night
OPS-200902,2026-06-29 22:00,2026-06-29 22:14,Bravo Unit,C,Resolved,Night
OPS-200903,2026-06-03 14:15,2026-06-03 14:25,Golf Unit,I,Resolved,Day
OPS-200904,2026-07-04 04:40,2026-07-04 04:47,Bravo Unit,I,Resolved,Night
OPS-200905,2026-05-17 16:06,2026-05-17 16:09,Delta Unit,E,Resolved,Day
OPS-200906,2026-06-22 22:00,2026-06-22 22:06,Charlie Unit,E,Resolved,Night
OPS-200907,2026-05-28 13:20,2026-05-28 13:37,Bravo Unit,D,Under Investigation,Day
OPS-200908,2026-07-09 06:18,2026-07-09 06:28,Golf Unit,H,Escalated,Day
OPS-200909,2026-07-09 03:56,2026-07-09 04:03,Foxtrot Unit,G,Resolved,Night
OPS-200910,2026-06-12 09:09,2026-06-12 09:15,Foxtrot Unit,I,Closed,Day
OPS-200911,2026-05-18 12:24,2026-05-18 12:35,Foxtrot Unit,B,Resolved,Day
OPS-200912,2026-05-21 13:13,2026-05-21 13:26,Golf Unit,E,Resolved,Day
OPS-200913,2026-07-12 05:52,2026-07-12 06:05,Echo Unit,C,Under Investigation,Night
OPS-200914,2026-05-13 07:27,2026-05-13 07:36,Bravo Unit,H,Resolved,Day
OPS-200915,2026-06-25 01:38,2026-06-25 01:49,Echo Unit,H,Resolved,Night
OPS-200916,2026-07-04 10:24,2026-07-04 10:33,Golf Unit,H,Escalated,Day
OPS-200917,2026-05-25 21:40,2026-05-25 22:03,Delta Unit,D,Under Investigation,Night
OPS-200918,2026-06-20 23:42,2026-06-20 23:57,Bravo Unit,G,Resolved,Night
OPS-200919,2026-07-04 16:00,2026-07-04 16:07,Foxtrot Unit,F,Closed,Day
OPS-200920,2026-05-06 21:22,2026-05-06 21:35,Alpha Unit,I,Under Investigation,Night
OPS-200921,2026-06-24 03:26,2026-06-24 03:31,Delta Unit,A,Resolved,Night
OPS-200922,2026-06-24 20:08,2026-06-24 20:19,Golf Unit,B,Resolved,Night
OPS-200923,2026-07-07 02:39,2026-07-07 02:44,Bravo Unit,B,Under Investigation,Night
OPS-200924,2026-05-25 05:16,2026-05-25 05:34,Delta Unit,F,Resolved,Night
OPS-200925,2026-07-14 18:55,2026-07-14 19:01,Golf Unit,C,Under Investigation,Night
OPS-200926,2026-05-04 12:15,2026-05-04 12:18,Golf Unit,G,Under Investigation,Day
OPS-200927,2026-07-21 14:33,2026-07-21 14:35,Hotel Unit,F,Resolved,Day
OPS-200928,2026-05-08 15:21,2026-05-08 15:34,Delta Unit,G,Resolved,Day
OPS-200929,2026-06-21 11:43,2026-06-21 11:48,Charlie Unit,J,Under Investigation,Day
OPS-200930,2026-05-20 04:12,2026-05-20 04:21,Hotel Unit,F,Resolved,Night
OPS-200931,2026-06-30 12:07,2026-06-30 12:14,Echo Unit,F,Resolved,Day
OPS-200932,2026-06-04 17:15,2026-06-04 17:25,Delta Unit,J,Under Investigation,Day
OPS-200933,2026-05-15 22:27,2026-05-15 22:37,Golf Unit,E,Resolved,Night
OPS-200934,2026-05-05 19:18,2026-05-05 19:25,Golf Unit,F,Resolved,Night
OPS-200935,2026-05-04 23:51,2026-05-04 23:58,Alpha Unit,H,Closed,Night
OPS-200936,2026-05-21 20:00,2026-05-21 20:10,Golf Unit,B,Resolved,Night
OPS-200937,2026-06-01 07:36,2026-06-01 07:55,Foxtrot Unit,D,Escalated,Day
OPS-200938,2026-05-14 07:08,2026-05-14 07:20,Delta Unit,A,Resolved,Day
OPS-200939,2026-07-11 10:06,2026-07-11 10:12,Foxtrot Unit,C,Closed,Day
OPS-200940,2026-05-11 19:31,2026-05-11 19:42,Echo Unit,I,Closed,Night
OPS-200941,2026-04-30 20:15,2026-04-30 20:25,Alpha Unit,A,Resolved,Night
OPS-200942,2026-06-29 03:37,2026-06-29 03:45,Alpha Unit,F,Closed,Night
OPS-200943,2026-05-28 05:58,2026-05-28 06:11,Echo Unit,C,Resolved,Night
OPS-200944,2026-05-04 04:38,2026-05-04 04:46,Bravo Unit,E,Resolved,Night
OPS-200945,2026-05-25 00:15,2026-05-25 00:27,Golf Unit,E,Resolved,Night
OPS-200946,2026-05-10 02:44,2026-05-10 02:56,Alpha Unit,C,Escalated,Night
OPS-200947,2026-07-26 22:03,2026-07-26 22:12,Charlie Unit,I,Resolved,Night
OPS-200948,2026-07-17 10:34,2026-07-17 10:36,Delta Unit,C,Resolved,Day
OPS-200949,2026-07-08 02:04,2026-07-08 02:16,Bravo Unit,B,Closed,Night
OPS-200950,2026-05-02 04:13,2026-05-02 04:18,Delta Unit,J,Escalated,Night
OPS-200951,2026-05-10 15:12,2026-05-10 15:14,Foxtrot Unit,H,Resolved,Day
OPS-200952,2026-06-02 05:34,2026-06-02 05:36,Echo Unit,G,Resolved,Night
OPS-200953,2026-05-20 23:30,2026-05-20 23:34,Delta Unit,C,Closed,Night
OPS-200954,2026-05-27 15:44,2026-05-27 15:57,Echo Unit,E,Closed,Day
OPS-200955,2026-06-24 08:27,2026-06-24 08:37,Golf Unit,E,Under Investigation,Day
OPS-200956,2026-06-30 16:43,2026-06-30 16:52,Echo Unit,A,Closed,Day
OPS-200957,2026-05-05 04:33,2026-05-05 04:41,Bravo Unit,E,Resolved,Night
OPS-200958,2026-05-07 01:32,2026-05-07 01:42,Alpha Unit,F,Escalated,Night
OPS-200959,2026-07-02 10:42,2026-07-02 10:55,Delta Unit,I,Resolved,Day
OPS-200960,2026-04-29 19:43,2026-04-29 19:50,Delta Unit,A,Resolved,Night
OPS-200961,2026-07-20 14:33,2026-07-20 14:52,Hotel Unit,D,Under Investigation,Day
OPS-200962,2026-05-17 00:39,2026-05-17 00:54,Charlie Unit,H,Resolved,Night
OPS-200963,2026-06-24 22:36,2026-06-24 22:42,Golf Unit,E,Resolved,Night
OPS-200964,2026-06-24 21:02,2026-06-24 21:15,Delta Unit,H,Under Investigation,Night
OPS-200965,2026-07-04 05:33,2026-07-04 05:46,Golf Unit,A,Escalated,Night
OPS-200966,2026-05-31 05:14,2026-05-31 05:29,Echo Unit,D,Resolved,Night
OPS-200967,2026-06-18 23:48,2026-06-18 23:51,Bravo Unit,E,Under Investigation,Night
OPS-200968,2026-05-26 22:20,2026-05-26 22:38,Delta Unit,D,Resolved,Night
OPS-200969,2026-05-26 15:45,2026-05-26 16:04,Hotel Unit,D,Resolved,Day
OPS-200970,2026-06-22 13:20,2026-06-22 13:23,Hotel Unit,G,Resolved,Day
OPS-200971,2026-07-03 10:51,2026-07-03 11:06,Echo Unit,D,Resolved,Day
OPS-200972,2026-06-27 09:25,2026-06-27 09:35,Golf Unit,E,Under Investigation,Day
OPS-200973,2026-05-01 06:26,2026-05-01 06:35,Golf Unit,B,Escalated,Day
OPS-200974,2026-05-20 07:02,2026-05-20 07:09,Delta Unit,I,Under Investigation,Day
OPS-200975,2026-05-10 17:12,2026-05-10 17:19,Golf Unit,I,Closed,Day
OPS-200976,2026-06-09 16:42,2026-06-09 16:45,Charlie Unit,E,Resolved,Day
OPS-200977,2026-05-04 10:15,2026-05-04 10:25,Echo Unit,E,Resolved,Day
OPS-200978,2026-07-24 06:55,2026-07-24 07:10,Echo Unit,A,Under Investigation,Day
OPS-200979,2026-07-17 06:13,2026-07-17 06:18,Golf Unit,F,Under Investigation,Day
OPS-200980,2026-06-06 19:46,2026-06-06 20:08,Golf Unit,D,Closed,Night
OPS-200981,2026-05-05 17:02,2026-05-05 17:10,Golf Unit,G,Resolved,Day
OPS-200982,2026-07-07 03:29,2026-07-07 03:32,Alpha Unit,G,Resolved,Night
OPS-200983,2026-06-07 05:43,2026-06-07 05:48,Foxtrot Unit,H,Resolved,Night
OPS-200984,2026-05-17 17:37,2026-05-17 17:44,Hotel Unit,B,Resolved,Day
OPS-200985,2026-05-14 22:27,2026-05-14 22:39,Bravo Unit,C,Resolved,Night
OPS-200986,2026-07-12 22:34,2026-07-12 22:41,Alpha Unit,H,Escalated,Night
OPS-200987,2026-06-15 22:19,2026-06-15 22:25,Golf Unit,I,Escalated,Night
OPS-200988,2026-06-28 12:11,2026-06-28 12:16,Echo Unit,J,Resolved,Day
OPS-200989,2026-06-25 01:59,2026-06-25 02:07,Alpha Unit,A,Resolved,Night
OPS-200990,2026-05-24 23:35,2026-05-24 23:41,Hotel Unit,C,Escalated,Night
OPS-200991,2026-05-27 04:47,2026-05-27 04:57,Alpha Unit,B,Resolved,Night
OPS-200992,2026-05-16 04:39,2026-05-16 04:51,Golf Unit,B,Under Investigation,Night
OPS-200993,2026-06-02 05:39,2026-06-02 05:53,Echo Unit,B,Resolved,Night
OPS-200994,2026-07-09 02:35,2026-07-09 02:49,Bravo Unit,B,Resolved,Night
OPS-200995,2026-05-16 16:14,2026-05-16 16:30,Charlie Unit,C,Escalated,Day
OPS-200996,2026-07-12 12:42,2026-07-12 12:51,Golf Unit,G,Resolved,Day
OPS-200997,2026-07-09 16:16,2026-07-09 16:18,Golf Unit,H,Escalated,Day
OPS-200998,2026-07-16 04:34,2026-07-16 04:41,Hotel Unit,A,Resolved,Night
OPS-200999,2026-05-20 16:38,2026-05-20 16:53,Echo Unit,E,Resolved,Day
OPS-201000,2026-06-01 04:00,2026-06-01 04:13,Hotel Unit,A,Under Investigation,Night
OPS-201001,2026-06-26 07:16,2026-06-26 07:31,Bravo Unit,B,Escalated,Day
OPS-201002,2026-04-30 06:34,2026-04-30 06:49,Delta Unit,D,Resolved,Day
OPS-201003,2026-07-10 16:15,2026-07-10 16:29,Golf Unit,A,Resolved,Day
OPS-201004,2026-07-17 19:13,2026-07-17 19:20,Alpha Unit,G,Resolved,Night
OPS-201005,2026-06-12 00:24,2026-06-12 00:33,Alpha Unit,A,Resolved,Night
OPS-201006,2026-05-19 00:19,2026-05-19 00:28,Foxtrot Unit,J,Closed,Night
OPS-201007,2026-05-27 07:04,2026-05-27 07:13,Echo Unit,J,Resolved,Day
OPS-201008,2026-07-11 21:17,2026-07-11 21:28,Echo Unit,G,Resolved,Night
OPS-201009,2026-06-20 17:15,2026-06-20 17:27,Hotel Unit,G,Resolved,Day
OPS-201010,2026-06-09 01:17,2026-06-09 01:28,Foxtrot Unit,I,Resolved,Night
OPS-201011,2026-06-18 07:52,2026-06-18 08:09,Alpha Unit,D,Escalated,Day
OPS-201012,2026-07-18 04:14,2026-07-18 04:23,Hotel Unit,E,Resolved,Night
OPS-201013,2026-05-27 06:49,2026-05-27 07:00,Golf Unit,I,Escalated,Day
OPS-201014,2026-06-17 14:14,2026-06-17 14:23,Foxtrot Unit,C,Resolved,Day
OPS-201015,2026-06-17 06:35,2026-06-17 06:43,Bravo Unit,H,Resolved,Day
OPS-201016,2026-05-29 22:51,2026-05-29 23:02,Alpha Unit,H,Under Investigation,Night
OPS-201017,2026-05-24 23:22,2026-05-24 23:35,Hotel Unit,H,Closed,Night
OPS-201018,2026-05-30 01:30,2026-05-30 01:40,Hotel Unit,I,Under Investigation,Night
OPS-201019,2026-06-22 00:58,2026-06-22 01:10,Echo Unit,F,Under Investigation,Night
OPS-201020,2026-06-20 10:42,2026-06-20 10:51,Echo Unit,J,Closed,Day
OPS-201021,2026-06-30 04:11,2026-06-30 04:23,Bravo Unit,B,Resolved,Night
OPS-201022,2026-07-01 03:41,2026-07-01 03:51,Bravo Unit,C,Resolved,Night
OPS-201023,2026-05-09 19:33,2026-05-09 19:43,Charlie Unit,B,Resolved,Night
OPS-201024,2026-07-13 09:58,2026-07-13 10:14,Golf Unit,D,Resolved,Day
OPS-201025,2026-05-13 23:55,2026-05-14 00:02,Charlie Unit,B,Resolved,Night
OPS-201026,2026-07-21 05:36,2026-07-21 05:57,Foxtrot Unit,D,Resolved,Night
OPS-201027,2026-05-24 00:49,2026-05-24 00:59,Golf Unit,F,Resolved,Night
OPS-201028,2026-06-13 01:38,2026-06-13 01:47,Alpha Unit,G,Resolved,Night
OPS-201029,2026-07-10 18:02,2026-07-10 18:16,Echo Unit,F,Closed,Night
OPS-201030,2026-06-05 01:15,2026-06-05 01:24,Golf Unit,E,Resolved,Night
OPS-201031,2026-06-18 16:58,2026-06-18 17:04,Foxtrot Unit,H,Resolved,Day
OPS-201032,2026-05-23 08:04,2026-05-23 08:12,Alpha Unit,E,Resolved,Day
OPS-201033,2026-06-30 02:36,2026-06-30 02:46,Charlie Unit,I,Under Investigation,Night
OPS-201034,2026-06-15 20:15,2026-06-15 20:23,Foxtrot Unit,E,Resolved,Night
OPS-201035,2026-05-22 09:44,2026-05-22 10:03,Echo Unit,B,Under Investigation,Day
OPS-201036,2026-05-23 04:51,2026-05-23 05:00,Alpha Unit,C,Under Investigation,Night
OPS-201037,2026-05-31 21:39,2026-05-31 21:44,Golf Unit,G,Resolved,Night
OPS-201038,2026-07-02 12:02,2026-07-02 12:13,Alpha Unit,C,Under Investigation,Day
OPS-201039,2026-07-13 09:34,2026-07-13 09:38,Golf Unit,C,Under Investigation,Day
OPS-201040,2026-07-18 20:10,2026-07-18 20:20,Alpha Unit,F,Closed,Night
OPS-201041,2026-05-10 17:17,2026-05-10 17:25,Foxtrot Unit,G,Under Investigation,Day
OPS-201042,2026-06-19 06:00,2026-06-19 06:09,Golf Unit,J,Under Investigation,Day
OPS-201043,2026-07-02 04:30,2026-07-02 04:38,Golf Unit,J,Closed,Night
OPS-201044,2026-07-17 18:39,2026-07-17 18:50,Echo Unit,I,Under Investigation,Night
OPS-201045,2026-06-01 11:28,2026-06-01 11:39,Hotel Unit,F,Resolved,Day
OPS-201046,2026-06-19 22:22,2026-06-19 22:37,Alpha Unit,D,Closed,Night
OPS-201047,2026-05-10 05:27,2026-05-10 05:36,Hotel Unit,A,Resolved,Night
OPS-201048,2026-06-21 06:37,2026-06-21 06:41,Charlie Unit,C,Resolved,Day
OPS-201049,2026-07-08 07:30,2026-07-08 07:44,Charlie Unit,C,Resolved,Day
OPS-201050,2026-06-27 00:55,2026-06-27 01:02,Alpha Unit,C,Resolved,Night
OPS-201051,2026-05-25 17:59,2026-05-25 18:16,Charlie Unit,D,Under Investigation,Day
OPS-201052,2026-06-02 23:07,2026-06-02 23:20,Bravo Unit,I,Escalated,Night
OPS-201053,2026-05-12 13:21,2026-05-12 13:26,Delta Unit,A,Resolved,Day
OPS-201054,2026-05-01 16:24,2026-05-01 16:33,Delta Unit,C,Under Investigation,Day
OPS-201055,2026-05-31 16:37,2026-05-31 16:47,Bravo Unit,C,Under Investigation,Day
OPS-201056,2026-05-16 13:16,2026-05-16 13:24,Delta Unit,G,Under Investigation,Day
OPS-201057,2026-05-30 04:09,2026-05-30 04:14,Hotel Unit,C,Escalated,Night
OPS-201058,2026-05-05 17:05,2026-05-05 17:08,Echo Unit,I,Resolved,Day
OPS-201059,2026-05-21 13:30,2026-05-21 13:42,Bravo Unit,B,Resolved,Day
OPS-201060,2026-06-24 18:01,2026-06-24 18:21,Alpha Unit,D,Resolved,Night
OPS-201061,2026-07-10 07:28,2026-07-10 07:36,Foxtrot Unit,F,Resolved,Day
OPS-201062,2026-06-15 23:08,2026-06-15 23:18,Alpha Unit,G,Closed,Night
OPS-201063,2026-07-23 23:39,2026-07-23 23:45,Alpha Unit,A,Resolved,Night
OPS-201064,2026-06-04 04:27,2026-06-04 04:38,Bravo Unit,G,Resolved,Night
OPS-201065,2026-06-28 13:54,2026-06-28 14:03,Charlie Unit,E,Escalated,Day
OPS-201066,2026-05-05 05:27,2026-05-05 05:42,Foxtrot Unit,A,Under Investigation,Night
OPS-201067,2026-05-28 15:06,2026-05-28 15:13,Golf Unit,H,Resolved,Day
OPS-201068,2026-07-08 05:08,2026-07-08 05:22,Delta Unit,B,Closed,Night
OPS-201069,2026-06-05 14:22,2026-06-05 14:32,Echo Unit,A,Resolved,Day
OPS-201070,2026-05-14 01:25,2026-05-14 01:34,Alpha Unit,F,Under Investigation,Night
OPS-201071,2026-07-19 04:37,2026-07-19 04:50,Golf Unit,B,Closed,Night
OPS-201072,2026-06-29 19:41,2026-06-29 19:47,Delta Unit,B,Resolved,Night
OPS-201073,2026-05-03 12:07,2026-05-03 12:15,Golf Unit,A,Resolved,Day
OPS-201074,2026-06-02 21:54,2026-06-02 22:08,Hotel Unit,D,Resolved,Night
OPS-201075,2026-06-18 07:17,2026-06-18 07:24,Echo Unit,E,Under Investigation,Day
OPS-201076,2026-07-24 07:37,2026-07-24 07:52,Echo Unit,C,Escalated,Day
OPS-201077,2026-05-22 08:45,2026-05-22 08:56,Alpha Unit,B,Escalated,Day
OPS-201078,2026-07-09 02:40,2026-07-09 02:51,Hotel Unit,E,Resolved,Night
OPS-201079,2026-06-13 17:55,2026-06-13 18:07,Delta Unit,G,Resolved,Day
OPS-201080,2026-06-10 22:50,2026-06-10 22:58,Echo Unit,C,Closed,Night
OPS-201081,2026-05-27 15:18,2026-05-27 15:24,Alpha Unit,B,Under Investigation,Day
OPS-201082,2026-07-20 09:30,2026-07-20 09:46,Golf Unit,H,Resolved,Day
OPS-201083,2026-05-19 10:59,2026-05-19 11:09,Echo Unit,C,Resolved,Day
OPS-201084,2026-07-19 05:27,2026-07-19 05:30,Hotel Unit,I,Under Investigation,Night
OPS-201085,2026-04-30 04:32,2026-04-30 04:44,Golf Unit,F,Under Investigation,Night
OPS-201086,2026-06-02 03:23,2026-06-02 03:38,Echo Unit,A,Escalated,Night
OPS-201087,2026-07-04 00:32,2026-07-04 00:46,Echo Unit,B,Resolved,Night
OPS-201088,2026-05-03 13:14,2026-05-03 13:27,Hotel Unit,C,Resolved,Day
OPS-201089,2026-07-17 09:30,2026-07-17 09:50,Foxtrot Unit,D,Closed,Day
OPS-201090,2026-06-20 05:39,2026-06-20 05:41,Delta Unit,I,Resolved,Night
OPS-201091,2026-06-17 02:51,2026-06-17 03:07,Delta Unit,J,Resolved,Night
OPS-201092,2026-07-06 02:40,2026-07-06 02:51,Echo Unit,B,Resolved,Night
OPS-201093,2026-06-07 03:40,2026-06-07 03:50,Bravo Unit,G,Under Investigation,Night
OPS-201094,2026-07-18 00:44,2026-07-18 00:51,Bravo Unit,E,Resolved,Night
OPS-201095,2026-06-05 11:03,2026-06-05 11:13,Hotel Unit,B,Under Investigation,Day
OPS-201096,2026-06-02 17:53,2026-06-02 18:09,Alpha Unit,A,Resolved,Day
OPS-201097,2026-06-08 08:19,2026-06-08 08:34,Alpha Unit,H,Resolved,Day
OPS-201098,2026-05-25 14:25,2026-05-25 14:29,Bravo Unit,B,Resolved,Day
OPS-201099,2026-07-23 16:08,2026-07-23 16:19,Golf Unit,A,Resolved,Day
OPS-201100,2026-07-03 06:25,2026-07-03 06:35,Echo Unit,B,Resolved,Day
OPS-201101,2026-06-28 04:59,2026-06-28 05:09,Charlie Unit,B,Under Investigation,Night
OPS-201102,2026-06-09 10:44,2026-06-09 10:51,Foxtrot Unit,G,Resolved,Day
OPS-201103,2026-07-03 16:07,2026-07-03 16:18,Delta Unit,C,Under Investigation,Day
OPS-201104,2026-06-17 06:30,2026-06-17 06:40,Golf Unit,A,Resolved,Day
OPS-201105,2026-07-05 01:08,2026-07-05 01:19,Delta Unit,E,Resolved,Night
OPS-201106,2026-06-08 04:09,2026-06-08 04:18,Alpha Unit,H,Resolved,Night
OPS-201107,2026-07-23 08:08,2026-07-23 08:20,Hotel Unit,I,Under Investigation,Day
OPS-201108,2026-07-14 00:07,2026-07-14 00:14,Hotel Unit,J,Resolved,Night
OPS-201109,2026-05-03 04:08,2026-05-03 04:16,Foxtrot Unit,G,Resolved,Night
OPS-201110,2026-05-25 04:19,2026-05-25 04:32,Bravo Unit,C,Resolved,Night
OPS-201111,2026-06-01 18:59,2026-06-01 19:05,Hotel Unit,I,Under Investigation,Night
OPS-201112,2026-05-05 02:06,2026-05-05 02:17,Foxtrot Unit,F,Closed,Night
OPS-201113,2026-05-20 11:07,2026-05-20 11:26,Echo Unit,D,Resolved,Day
OPS-201114,2026-06-21 23:34,2026-06-21 23:41,Echo Unit,F,Resolved,Night
OPS-201115,2026-07-07 20:10,2026-07-07 20:15,Charlie Unit,F,Resolved,Night
OPS-201116,2026-07-22 10:01,2026-07-22 10:21,Foxtrot Unit,A,Closed,Day
OPS-201117,2026-06-05 14:10,2026-06-05 14:16,Bravo Unit,C,Resolved,Day
OPS-201118,2026-05-26 21:27,2026-05-26 21:37,Foxtrot Unit,H,Resolved,Night
OPS-201119,2026-05-11 07:47,2026-05-11 07:56,Echo Unit,A,Closed,Day
OPS-201120,2026-07-11 22:41,2026-07-11 22:57,Alpha Unit,H,Resolved,Night
OPS-201121,2026-05-13 01:26,2026-05-13 01:33,Echo Unit,A,Resolved,Night
OPS-201122,2026-06-16 14:30,2026-06-16 14:43,Delta Unit,I,Resolved,Day
OPS-201123,2026-05-05 04:23,2026-05-05 04:33,Hotel Unit,H,Escalated,Night
OPS-201124,2026-06-15 19:24,2026-06-15 19:34,Foxtrot Unit,B,Closed,Night
OPS-201125,2026-06-19 09:47,2026-06-19 09:54,Delta Unit,A,Resolved,Day
OPS-201126,2026-05-23 07:27,2026-05-23 07:37,Alpha Unit,F,Escalated,Day
OPS-201127,2026-05-17 03:48,2026-05-17 04:01,Alpha Unit,C,Closed,Night
OPS-201128,2026-07-26 19:54,2026-07-26 20:09,Golf Unit,B,Closed,Night
OPS-201129,2026-06-08 17:54,2026-06-08 18:03,Alpha Unit,C,Under Investigation,Day
OPS-201130,2026-06-29 15:15,2026-06-29 15:25,Bravo Unit,C,Under Investigation,Day
OPS-201131,2026-07-22 17:54,2026-07-22 18:02,Foxtrot Unit,D,Resolved,Day
OPS-201132,2026-06-18 06:45,2026-06-18 06:53,Foxtrot Unit,C,Closed,Day
OPS-201133,2026-06-12 01:11,2026-06-12 01:15,Bravo Unit,J,Resolved,Night
OPS-201134,2026-06-28 17:37,2026-06-28 17:46,Bravo Unit,B,Under Investigation,Day
OPS-201135,2026-07-20 15:12,2026-07-20 15:26,Golf Unit,D,Resolved,Day
OPS-201136,2026-06-13 09:10,2026-06-13 09:15,Golf Unit,G,Resolved,Day
OPS-201137,2026-06-27 13:38,2026-06-27 13:40,Charlie Unit,I,Closed,Day
OPS-201138,2026-06-02 08:24,2026-06-02 08:28,Alpha Unit,H,Resolved,Day
OPS-201139,2026-06-30 11:30,2026-06-30 11:39,Hotel Unit,G,Resolved,Day
OPS-201140,2026-06-13 21:24,2026-06-13 21:33,Bravo Unit,E,Under Investigation,Night
OPS-201141,2026-07-02 03:57,2026-07-02 04:09,Hotel Unit,G,Resolved,Night
OPS-201142,2026-05-15 17:19,2026-05-15 17:23,Hotel Unit,C,Resolved,Day
OPS-201143,2026-05-09 00:26,2026-05-09 00:46,Delta Unit,D,Resolved,Night
OPS-201144,2026-06-04 10:28,2026-06-04 10:36,Alpha Unit,J,Under Investigation,Day
OPS-201145,2026-07-09 17:11,2026-07-09 17:18,Foxtrot Unit,F,Resolved,Day
OPS-201146,2026-06-26 05:58,2026-06-26 06:06,Hotel Unit,J,Resolved,Night
OPS-201147,2026-06-13 13:23,2026-06-13 13:32,Echo Unit,A,Escalated,Day
OPS-201148,2026-07-22 03:42,2026-07-22 03:57,Bravo Unit,J,Resolved,Night
OPS-201149,2026-07-22 17:29,2026-07-22 17:31,Golf Unit,J,Resolved,Day
OPS-201150,2026-06-03 16:02,2026-06-03 16:10,Hotel Unit,H,Escalated,Day
OPS-201151,2026-06-27 21:00,2026-06-27 21:08,Foxtrot Unit,E,Resolved,Night
OPS-201152,2026-07-22 09:24,2026-07-22 09:29,Golf Unit,I,Resolved,Day
OPS-201153,2026-06-13 17:52,2026-06-13 18:07,Alpha Unit,E,Resolved,Day
OPS-201154,2026-06-29 11:05,2026-06-29 11:16,Foxtrot Unit,A,Resolved,Day
OPS-201155,2026-05-11 05:59,2026-05-11 06:04,Golf Unit,G,Under Investigation,Night
OPS-201156,2026-06-24 05:00,2026-06-24 05:10,Hotel Unit,I,Resolved,Night
OPS-201157,2026-06-07 03:26,2026-06-07 03:37,Foxtrot Unit,B,Resolved,Night
OPS-201158,2026-05-10 23:26,2026-05-10 23:37,Foxtrot Unit,F,Closed,Night
OPS-201159,2026-05-04 14:35,2026-05-04 14:44,Alpha Unit,G,Resolved,Day
OPS-201160,2026-06-23 21:37,2026-06-23 21:52,Echo Unit,G,Under Investigation,Night
OPS-201161,2026-05-26 11:23,2026-05-26 11:32,Alpha Unit,J,Resolved,Day
OPS-201162,2026-07-01 20:05,2026-07-01 20:17,Golf Unit,A,Resolved,Night
OPS-201163,2026-07-07 00:47,2026-07-07 00:50,Hotel Unit,J,Resolved,Night
OPS-201164,2026-05-17 02:03,2026-05-17 02:07,Echo Unit,F,Resolved,Night
OPS-201165,2026-07-24 13:37,2026-07-24 13:46,Charlie Unit,F,Closed,Day
OPS-201166,2026-06-10 21:30,2026-06-10 21:40,Charlie Unit,G,Closed,Night
OPS-201167,2026-05-24 01:18,2026-05-24 01:34,Golf Unit,C,Under Investigation,Night
OPS-201168,2026-05-16 07:21,2026-05-16 07:35,Golf Unit,G,Escalated,Day
OPS-201169,2026-07-02 17:52,2026-07-02 18:03,Echo Unit,F,Under Investigation,Day
OPS-201170,2026-07-04 23:32,2026-07-04 23:40,Echo Unit,A,Escalated,Night
OPS-201171,2026-07-09 22:36,2026-07-09 22:47,Alpha Unit,J,Escalated,Night
OPS-201172,2026-07-18 03:28,2026-07-18 03:31,Bravo Unit,A,Resolved,Night
OPS-201173,2026-06-17 13:22,2026-06-17 13:27,Golf Unit,C,Resolved,Day
OPS-201174,2026-07-27 18:08,2026-07-27 18:23,Alpha Unit,D,Resolved,Night
OPS-201175,2026-06-19 10:46,2026-06-19 10:59,Hotel Unit,G,Escalated,Day
OPS-201176,2026-05-14 08:33,2026-05-14 08:49,Bravo Unit,D,Under Investigation,Day
OPS-201177,2026-06-10 13:02,2026-06-10 13:10,Alpha Unit,E,Resolved,Day
OPS-201178,2026-06-02 13:43,2026-06-02 13:51,Alpha Unit,F,Resolved,Day
OPS-201179,2026-07-17 19:02,2026-07-17 19:11,Hotel Unit,D,Resolved,Night
OPS-201180,2026-06-23 19:43,2026-06-23 19:49,Delta Unit,B,Closed,Night
OPS-201181,2026-06-28 08:57,2026-06-28 09:04,Hotel Unit,F,Resolved,Day
OPS-201182,2026-07-19 01:09,2026-07-19 01:14,Alpha Unit,B,Resolved,Night
OPS-201183,2026-05-02 06:02,2026-05-02 06:18,Foxtrot Unit,D,Resolved,Day
OPS-201184,2026-07-14 05:05,2026-07-14 05:12,Echo Unit,J,Under Investigation,Night
OPS-201185,2026-05-23 19:43,2026-05-23 19:54,Echo Unit,E,Resolved,Night
OPS-201186,2026-06-27 19:30,2026-06-27 19:42,Delta Unit,C,Under Investigation,Night
OPS-201187,2026-05-24 00:54,2026-05-24 01:03,Golf Unit,B,Closed,Night
OPS-201188,2026-05-04 23:30,2026-05-04 23:40,Golf Unit,I,Closed,Night
OPS-201189,2026-05-25 13:13,2026-05-25 13:24,Charlie Unit,C,Resolved,Day
OPS-201190,2026-06-12 01:03,2026-06-12 01:12,Charlie Unit,F,Escalated,Night
OPS-201191,2026-06-15 00:11,2026-06-15 00:23,Golf Unit,F,Resolved,Night
OPS-201192,2026-06-07 17:31,2026-06-07 17:43,Delta Unit,F,Resolved,Day
OPS-201193,2026-05-30 20:52,2026-05-30 21:01,Echo Unit,A,Closed,Night
OPS-201194,2026-05-26 10:21,2026-05-26 10:25,Delta Unit,H,Under Investigation,Day
OPS-201195,2026-06-12 09:45,2026-06-12 09:51,Echo Unit,C,Closed,Day
OPS-201196,2026-06-26 04:40,2026-06-26 04:49,Golf Unit,G,Closed,Night
OPS-201197,2026-04-30 19:46,2026-04-30 19:57,Golf Unit,C,Escalated,Night
OPS-201198,2026-07-14 10:03,2026-07-14 10:11,Hotel Unit,C,Closed,Day
OPS-201199,2026-07-14 19:30,2026-07-14 19:45,Golf Unit,C,Under Investigation,Night
OPS-201200,2026-07-17 23:22,2026-07-17 23:25,Foxtrot Unit,E,Resolved,Night
OPS-201201,2026-06-08 18:45,2026-06-08 18:57,Golf Unit,J,Resolved,Night
OPS-201202,2026-05-02 03:57,2026-05-02 04:03,Delta Unit,J,Resolved,Night
OPS-201203,2026-07-16 13:52,2026-07-16 14:03,Echo Unit,G,Closed,Day
OPS-201204,2026-06-24 23:21,2026-06-24 23:30,Charlie Unit,A,Resolved,Night
OPS-201205,2026-07-05 08:12,2026-07-05 08:25,Foxtrot Unit,B,Resolved,Day
OPS-201206,2026-06-09 17:16,2026-06-09 17:27,Alpha Unit,F,Resolved,Day
OPS-201207,2026-07-12 11:55,2026-07-12 12:03,Echo Unit,H,Resolved,Day
OPS-201208,2026-05-28 07:50,2026-05-28 08:01,Charlie Unit,J,Closed,Day
OPS-201209,2026-06-16 05:36,2026-06-16 05:41,Echo Unit,F,Closed,Night
OPS-201210,2026-07-08 12:22,2026-07-08 12:35,Delta Unit,D,Escalated,Day
OPS-201211,2026-05-25 01:12,2026-05-25 01:22,Golf Unit,G,Resolved,Night
OPS-201212,2026-06-05 02:52,2026-06-05 03:04,Alpha Unit,I,Closed,Night
OPS-201213,2026-07-14 05:10,2026-07-14 05:28,Foxtrot Unit,D,Resolved,Night
OPS-201214,2026-07-16 02:09,2026-07-16 02:19,Delta Unit,H,Resolved,Night
OPS-201215,2026-05-12 08:25,2026-05-12 08:40,Charlie Unit,A,Resolved,Day
OPS-201216,2026-06-19 07:31,2026-06-19 07:37,Golf Unit,J,Resolved,Day
OPS-201217,2026-05-10 21:54,2026-05-10 22:06,Bravo Unit,B,Under Investigation,Night
OPS-201218,2026-07-11 08:20,2026-07-11 08:27,Bravo Unit,A,Resolved,Day
OPS-201219,2026-05-18 13:34,2026-05-18 13:48,Delta Unit,J,Under Investigation,Day
OPS-201220,2026-06-08 05:02,2026-06-08 05:11,Foxtrot Unit,I,Closed,Night
OPS-201221,2026-05-02 01:14,2026-05-02 01:30,Alpha Unit,F,Resolved,Night
OPS-201222,2026-07-12 08:06,2026-07-12 08:21,Echo Unit,H,Escalated,Day
OPS-201223,2026-05-11 00:58,2026-05-11 01:10,Hotel Unit,I,Resolved,Night
OPS-201224,2026-05-19 12:41,2026-05-19 12:56,Echo Unit,G,Resolved,Day
OPS-201225,2026-06-21 04:51,2026-06-21 04:58,Charlie Unit,E,Resolved,Night
OPS-201226,2026-05-25 21:50,2026-05-25 21:59,Bravo Unit,B,Resolved,Night
OPS-201227,2026-05-29 03:11,2026-05-29 03:17,Bravo Unit,E,Under Investigation,Night
OPS-201228,2026-05-11 05:48,2026-05-11 05:55,Delta Unit,J,Under Investigation,Night
OPS-201229,2026-06-17 04:58,2026-06-17 05:13,Foxtrot Unit,A,Resolved,Night
OPS-201230,2026-06-14 07:00,2026-06-14 07:15,Charlie Unit,H,Resolved,Day
OPS-201231,2026-06-07 21:27,2026-06-07 21:42,Alpha Unit,B,Resolved,Night
OPS-201232,2026-07-19 12:07,2026-07-19 12:17,Golf Unit,E,Resolved,Day
OPS-201233,2026-07-24 16:44,2026-07-24 16:58,Hotel Unit,B,Resolved,Day
OPS-201234,2026-06-05 01:51,2026-06-05 01:54,Foxtrot Unit,C,Resolved,Night
OPS-201235,2026-06-03 21:36,2026-06-03 21:46,Golf Unit,A,Resolved,Night
OPS-201236,2026-06-04 07:28,2026-06-04 07:41,Echo Unit,B,Resolved,Day
OPS-201237,2026-07-15 13:07,2026-07-15 13:14,Golf Unit,J,Resolved,Day
OPS-201238,2026-06-15 22:39,2026-06-15 22:50,Charlie Unit,E,Under Investigation,Night
OPS-201239,2026-07-16 05:32,2026-07-16 05:41,Alpha Unit,B,Escalated,Night
OPS-201240,2026-06-17 12:56,2026-06-17 13:09,Alpha Unit,B,Resolved,Day
OPS-201241,2026-07-07 16:29,2026-07-07 16:41,Golf Unit,A,Resolved,Day
OPS-201242,2026-05-01 09:13,2026-05-01 09:30,Foxtrot Unit,D,Resolved,Day
OPS-201243,2026-07-06 01:55,2026-07-06 02:10,Golf Unit,J,Under Investigation,Night
OPS-201244,2026-06-03 22:19,2026-06-03 22:32,Delta Unit,C,Resolved,Night
OPS-201245,2026-06-04 22:58,2026-06-04 23:18,Echo Unit,D,Resolved,Night
OPS-201246,2026-07-11 18:33,2026-07-11 18:45,Hotel Unit,C,Under Investigation,Night
OPS-201247,2026-05-21 14:13,2026-05-21 14:26,Echo Unit,F,Under Investigation,Day
OPS-201248,2026-05-18 21:59,2026-05-18 22:15,Hotel Unit,E,Resolved,Night
OPS-201249,2026-06-20 11:50,2026-06-20 12:05,Echo Unit,H,Resolved,Day
OPS-201250,2026-05-07 12:58,2026-05-07 13:11,Delta Unit,D,Under Investigation,Day
OPS-201251,2026-07-23 14:52,2026-07-23 15:03,Echo Unit,C,Resolved,Day
OPS-201252,2026-06-04 02:00,2026-06-04 02:07,Charlie Unit,G,Escalated,Night
OPS-201253,2026-06-17 18:18,2026-06-17 18:29,Hotel Unit,A,Resolved,Night
OPS-201254,2026-05-27 16:21,2026-05-27 16:28,Foxtrot Unit,G,Resolved,Day
OPS-201255,2026-06-11 11:08,2026-06-11 11:15,Charlie Unit,G,Under Investigation,Day
OPS-201256,2026-05-02 01:32,2026-05-02 01:36,Foxtrot Unit,B,Resolved,Night
OPS-201257,2026-05-16 21:05,2026-05-16 21:11,Foxtrot Unit,C,Closed,Night
OPS-201258,2026-05-06 03:16,2026-05-06 03:28,Charlie Unit,G,Resolved,Night
OPS-201259,2026-07-11 10:03,2026-07-11 10:06,Alpha Unit,F,Resolved,Day
OPS-201260,2026-05-21 22:09,2026-05-21 22:25,Delta Unit,B,Resolved,Night
OPS-201261,2026-06-30 16:33,2026-06-30 16:42,Hotel Unit,F,Resolved,Day
OPS-201262,2026-06-17 06:06,2026-06-17 06:19,Charlie Unit,F,Closed,Day
OPS-201263,2026-06-21 01:05,2026-06-21 01:16,Hotel Unit,I,Under Investigation,Night
OPS-201264,2026-06-05 08:16,2026-06-05 08:25,Echo Unit,H,Under Investigation,Day
OPS-201265,2026-04-30 19:12,2026-04-30 19:24,Charlie Unit,A,Resolved,Night
OPS-201266,2026-07-26 13:57,2026-07-26 14:05,Bravo Unit,I,Resolved,Day
OPS-201267,2026-06-14 15:21,2026-06-14 15:34,Hotel Unit,D,Escalated,Day
OPS-201268,2026-05-30 13:44,2026-05-30 13:56,Bravo Unit,H,Escalated,Day
OPS-201269,2026-06-18 03:48,2026-06-18 03:57,Golf Unit,J,Resolved,Night
OPS-201270,2026-06-24 11:00,2026-06-24 11:10,Echo Unit,J,Escalated,Day
OPS-201271,2026-05-28 08:46,2026-05-28 08:59,Golf Unit,H,Closed,Day
OPS-201272,2026-06-13 03:49,2026-06-13 03:58,Charlie Unit,F,Escalated,Night
OPS-201273,2026-06-04 13:59,2026-06-04 14:06,Foxtrot Unit,E,Resolved,Day
OPS-201274,2026-06-02 22:38,2026-06-02 22:52,Alpha Unit,F,Resolved,Night
OPS-201275,2026-05-10 19:05,2026-05-10 19:18,Golf Unit,B,Under Investigation,Night
OPS-201276,2026-07-01 18:58,2026-07-01 19:10,Hotel Unit,E,Under Investigation,Night
OPS-201277,2026-07-10 21:11,2026-07-10 21:28,Hotel Unit,A,Under Investigation,Night
OPS-201278,2026-07-20 06:17,2026-07-20 06:24,Bravo Unit,B,Closed,Day
OPS-201279,2026-05-04 21:05,2026-05-04 21:12,Bravo Unit,B,Resolved,Night
OPS-201280,2026-05-01 19:48,2026-05-01 19:56,Delta Unit,H,Resolved,Night
OPS-201281,2026-06-25 23:59,2026-06-26 00:09,Golf Unit,C,Resolved,Night
OPS-201282,2026-05-08 18:20,2026-05-08 18:30,Foxtrot Unit,F,Resolved,Night
OPS-201283,2026-05-31 10:44,2026-05-31 10:57,Alpha Unit,D,Resolved,Day
OPS-201284,2026-04-30 13:01,2026-04-30 13:11,Charlie Unit,F,Resolved,Day
OPS-201285,2026-07-12 15:08,2026-07-12 15:17,Foxtrot Unit,C,Closed,Day
OPS-201286,2026-07-12 07:11,2026-07-12 07:17,Delta Unit,B,Under Investigation,Day
OPS-201287,2026-07-01 07:14,2026-07-01 07:26,Hotel Unit,E,Escalated,Day
OPS-201288,2026-05-03 07:00,2026-05-03 07:10,Foxtrot Unit,A,Closed,Day
OPS-201289,2026-06-27 19:01,2026-06-27 19:15,Bravo Unit,C,Closed,Night
OPS-201290,2026-07-11 08:49,2026-07-11 08:55,Bravo Unit,I,Escalated,Day
OPS-201291,2026-05-09 15:24,2026-05-09 15:37,Charlie Unit,D,Resolved,Day
OPS-201292,2026-05-17 21:36,2026-05-17 21:41,Foxtrot Unit,C,Closed,Night
OPS-201293,2026-05-05 23:22,2026-05-05 23:35,Alpha Unit,C,Resolved,Night
OPS-201294,2026-05-02 05:42,2026-05-02 05:57,Bravo Unit,G,Closed,Night
OPS-201295,2026-07-24 12:20,2026-07-24 12:33,Charlie Unit,B,Escalated,Day
OPS-201296,2026-07-05 20:42,2026-07-05 20:55,Delta Unit,A,Resolved,Night
OPS-201297,2026-07-18 16:47,2026-07-18 16:52,Delta Unit,H,Resolved,Day
OPS-201298,2026-07-07 17:07,2026-07-07 17:14,Echo Unit,J,Resolved,Day
OPS-201299,2026-07-14 12:32,2026-07-14 12:40,Echo Unit,A,Escalated,Day
OPS-201300,2026-06-09 01:28,2026-06-09 01:35,Alpha Unit,C,Closed,Night
OPS-201301,2026-07-22 02:20,2026-07-22 02:35,Charlie Unit,D,Resolved,Night
OPS-201302,2026-06-16 01:36,2026-06-16 01:42,Hotel Unit,J,Resolved,Night
OPS-201303,2026-05-17 19:08,2026-05-17 19:27,Alpha Unit,D,Escalated,Night
OPS-201304,2026-07-11 22:25,2026-07-11 22:27,Hotel Unit,C,Resolved,Night
OPS-201305,2026-06-01 22:48,2026-06-01 22:56,Charlie Unit,A,Closed,Night
OPS-201306,2026-06-20 22:42,2026-06-20 22:52,Echo Unit,J,Resolved,Night
OPS-201307,2026-05-29 11:57,2026-05-29 12:05,Alpha Unit,F,Closed,Day
OPS-201308,2026-04-30 19:43,2026-04-30 19:48,Bravo Unit,I,Resolved,Night
OPS-201309,2026-07-15 07:56,2026-07-15 07:59,Alpha Unit,E,Resolved,Day
OPS-201310,2026-06-25 13:53,2026-06-25 14:02,Foxtrot Unit,A,Resolved,Day
OPS-201311,2026-05-08 04:18,2026-05-08 04:29,Foxtrot Unit,I,Under Investigation,Night
OPS-201312,2026-05-14 06:14,2026-05-14 06:24,Foxtrot Unit,B,Closed,Day
OPS-201313,2026-06-21 22:55,2026-06-21 23:00,Delta Unit,A,Resolved,Night
OPS-201314,2026-05-09 10:55,2026-05-09 11:03,Charlie Unit,C,Under Investigation,Day
OPS-201315,2026-06-09 13:20,2026-06-09 13:38,Golf Unit,D,Closed,Day
OPS-201316,2026-05-24 11:08,2026-05-24 11:17,Echo Unit,I,Resolved,Day
OPS-201317,2026-05-24 02:59,2026-05-24 03:09,Delta Unit,H,Closed,Night
OPS-201318,2026-07-20 12:45,2026-07-20 12:52,Golf Unit,A,Closed,Day
OPS-201319,2026-06-15 13:56,2026-06-15 14:04,Charlie Unit,J,Resolved,Day
OPS-201320,2026-05-17 10:56,2026-05-17 10:58,Bravo Unit,H,Resolved,Day
OPS-201321,2026-05-13 16:11,2026-05-13 16:22,Golf Unit,I,Escalated,Day
OPS-201322,2026-07-27 03:16,2026-07-27 03:24,Bravo Unit,J,Escalated,Night
OPS-201323,2026-06-24 09:42,2026-06-24 09:53,Hotel Unit,G,Escalated,Day
OPS-201324,2026-07-01 22:40,2026-07-01 22:47,Alpha Unit,H,Resolved,Night
OPS-201325,2026-05-10 11:59,2026-05-10 12:08,Charlie Unit,J,Under Investigation,Day
OPS-201326,2026-07-02 23:17,2026-07-02 23:34,Echo Unit,D,Escalated,Night
OPS-201327,2026-06-12 19:15,2026-06-12 19:20,Alpha Unit,B,Under Investigation,Night
OPS-201328,2026-05-16 02:00,2026-05-16 02:12,Foxtrot Unit,F,Resolved,Night
OPS-201329,2026-07-18 10:00,2026-07-18 10:07,Alpha Unit,B,Escalated,Day
OPS-201330,2026-07-16 02:26,2026-07-16 02:32,Echo Unit,G,Resolved,Night
OPS-201331,2026-05-27 13:57,2026-05-27 14:11,Alpha Unit,D,Closed,Day
OPS-201332,2026-05-08 11:32,2026-05-08 11:42,Charlie Unit,J,Resolved,Day
OPS-201333,2026-05-01 23:29,2026-05-01 23:38,Echo Unit,J,Resolved,Night
OPS-201334,2026-06-18 03:26,2026-06-18 03:40,Hotel Unit,B,Resolved,Night
OPS-201335,2026-06-24 19:52,2026-06-24 20:01,Hotel Unit,E,Closed,Night
OPS-201336,2026-06-16 23:44,2026-06-16 23:53,Bravo Unit,F,Resolved,Night
OPS-201337,2026-06-06 05:09,2026-06-06 05:25,Hotel Unit,A,Closed,Night
OPS-201338,2026-05-01 21:27,2026-05-01 21:31,Alpha Unit,I,Resolved,Night
OPS-201339,2026-05-03 03:58,2026-05-03 04:06,Alpha Unit,J,Resolved,Night
OPS-201340,2026-06-11 19:09,2026-06-11 19:11,Echo Unit,I,Closed,Night
OPS-201341,2026-06-24 06:19,2026-06-24 06:38,Delta Unit,D,Resolved,Day
OPS-201342,2026-07-15 12:06,2026-07-15 12:15,Golf Unit,B,Closed,Day
OPS-201343,2026-06-08 03:23,2026-06-08 03:35,Hotel Unit,G,Closed,Night
OPS-201344,2026-05-12 22:01,2026-05-12 22:14,Golf Unit,I,Resolved,Night
OPS-201345,2026-06-29 16:57,2026-06-29 17:01,Golf Unit,E,Escalated,Day
OPS-201346,2026-05-24 15:12,2026-05-24 15:19,Bravo Unit,A,Under Investigation,Day
OPS-201347,2026-05-04 14:51,2026-05-04 14:55,Bravo Unit,C,Resolved,Day
OPS-201348,2026-07-06 12:35,2026-07-06 12:47,Alpha Unit,J,Resolved,Day
OPS-201349,2026-06-27 07:52,2026-06-27 08:06,Alpha Unit,J,Under Investigation,Day
OPS-201350,2026-07-17 23:00,2026-07-17 23:16,Foxtrot Unit,D,Closed,Night
OPS-201351,2026-06-02 13:35,2026-06-02 13:47,Charlie Unit,J,Under Investigation,Day
OPS-201352,2026-05-14 09:39,2026-05-14 09:48,Echo Unit,B,Closed,Day
OPS-201353,2026-06-15 08:06,2026-06-15 08:13,Charlie Unit,G,Resolved,Day
OPS-201354,2026-06-24 10:12,2026-06-24 10:24,Bravo Unit,I,Closed,Day
OPS-201355,2026-07-11 18:54,2026-07-11 18:59,Delta Unit,J,Resolved,Night
OPS-201356,2026-05-22 18:06,2026-05-22 18:13,Foxtrot Unit,G,Resolved,Night
OPS-201357,2026-05-22 06:55,2026-05-22 07:06,Golf Unit,B,Under Investigation,Day
OPS-201358,2026-06-01 02:50,2026-06-01 03:06,Hotel Unit,D,Under Investigation,Night
OPS-201359,2026-06-18 13:04,2026-06-18 13:12,Delta Unit,B,Closed,Day
OPS-201360,2026-06-26 01:29,2026-06-26 01:47,Bravo Unit,D,Resolved,Night
OPS-201361,2026-05-10 17:11,2026-05-10 17:23,Echo Unit,I,Under Investigation,Day
OPS-201362,2026-05-05 23:29,2026-05-05 23:37,Hotel Unit,D,Escalated,Night
OPS-201363,2026-06-29 03:41,2026-06-29 03:48,Alpha Unit,F,Under Investigation,Night
OPS-201364,2026-05-23 23:03,2026-05-23 23:10,Bravo Unit,J,Resolved,Night
OPS-201365,2026-05-23 00:50,2026-05-23 01:05,Bravo Unit,G,Resolved,Night
OPS-201366,2026-05-30 09:49,2026-05-30 10:04,Bravo Unit,D,Resolved,Day
OPS-201367,2026-07-21 10:38,2026-07-21 10:48,Echo Unit,I,Resolved,Day
OPS-201368,2026-05-28 05:14,2026-05-28 05:18,Bravo Unit,E,Resolved,Night
OPS-201369,2026-05-17 23:16,2026-05-17 23:39,Alpha Unit,D,Resolved,Night
OPS-201370,2026-06-16 08:50,2026-06-16 09:00,Alpha Unit,I,Resolved,Day
OPS-201371,2026-07-23 09:46,2026-07-23 09:56,Bravo Unit,A,Resolved,Day
OPS-201372,2026-07-19 21:44,2026-07-19 21:59,Foxtrot Unit,D,Resolved,Night
OPS-201373,2026-05-30 06:36,2026-05-30 06:45,Bravo Unit,C,Escalated,Day
OPS-201374,2026-07-22 09:50,2026-07-22 09:54,Golf Unit,B,Closed,Day
OPS-201375,2026-07-20 12:46,2026-07-20 12:48,Bravo Unit,C,Resolved,Day
OPS-201376,2026-07-11 11:18,2026-07-11 11:27,Delta Unit,C,Resolved,Day
OPS-201377,2026-07-25 20:11,2026-07-25 20:17,Delta Unit,G,Resolved,Night
OPS-201378,2026-05-15 11:01,2026-05-15 11:10,Foxtrot Unit,E,Closed,Day
OPS-201379,2026-07-24 15:49,2026-07-24 15:58,Charlie Unit,H,Closed,Day
OPS-201380,2026-07-23 19:05,2026-07-23 19:10,Charlie Unit,J,Resolved,Night
OPS-201381,2026-05-28 04:14,2026-05-28 04:22,Hotel Unit,C,Under Investigation,Night
OPS-201382,2026-05-11 18:24,2026-05-11 18:34,Golf Unit,A,Resolved,Night
OPS-201383,2026-07-18 02:17,2026-07-18 02:28,Foxtrot Unit,B,Escalated,Night
OPS-201384,2026-05-11 15:33,2026-05-11 15:38,Alpha Unit,I,Under Investigation,Day
OPS-201385,2026-05-11 23:33,2026-05-11 23:44,Hotel Unit,F,Closed,Night
OPS-201386,2026-05-30 00:03,2026-05-30 00:14,Delta Unit,H,Resolved,Night
OPS-201387,2026-06-28 00:24,2026-06-28 00:33,Delta Unit,F,Under Investigation,Night
OPS-201388,2026-06-29 05:23,2026-06-29 05:33,Delta Unit,C,Escalated,Night
OPS-201389,2026-05-31 06:00,2026-05-31 06:14,Hotel Unit,F,Resolved,Day
OPS-201390,2026-07-23 09:54,2026-07-23 10:07,Echo Unit,I,Under Investigation,Day
OPS-201391,2026-05-25 10:28,2026-05-25 10:38,Foxtrot Unit,G,Resolved,Day
OPS-201392,2026-07-08 03:11,2026-07-08 03:19,Charlie Unit,B,Escalated,Night
OPS-201393,2026-06-08 11:50,2026-06-08 12:00,Foxtrot Unit,J,Closed,Day
OPS-201394,2026-07-10 10:31,2026-07-10 10:41,Hotel Unit,J,Closed,Day
OPS-201395,2026-07-06 22:50,2026-07-06 23:03,Foxtrot Unit,H,Resolved,Night
OPS-201396,2026-05-02 10:40,2026-05-02 10:48,Golf Unit,C,Escalated,Day
OPS-201397,2026-06-18 07:04,2026-06-18 07:17,Alpha Unit,I,Closed,Day
OPS-201398,2026-06-28 12:11,2026-06-28 12:23,Bravo Unit,A,Resolved,Day
OPS-201399,2026-07-04 22:40,2026-07-04 22:50,Bravo Unit,A,Resolved,Night
OPS-201400,2026-06-04 18:09,2026-06-04 18:26,Alpha Unit,D,Escalated,Night
OPS-201401,2026-05-13 02:20,2026-05-13 02:24,Foxtrot Unit,I,Resolved,Night
OPS-201402,2026-05-17 13:01,2026-05-17 13:09,Charlie Unit,H,Resolved,Day
OPS-201403,2026-06-01 20:12,2026-06-01 20:20,Foxtrot Unit,C,Resolved,Night
OPS-201404,2026-06-19 04:23,2026-06-19 04:28,Echo Unit,A,Escalated,Night
OPS-201405,2026-07-06 19:28,2026-07-06 19:38,Golf Unit,G,Under Investigation,Night
OPS-201406,2026-07-23 20:16,2026-07-23 20:24,Foxtrot Unit,E,Closed,Night
OPS-201407,2026-07-27 19:36,2026-07-27 19:45,Delta Unit,F,Resolved,Night
OPS-201408,2026-05-10 06:54,2026-05-10 07:01,Delta Unit,E,Resolved,Day
OPS-201409,2026-07-26 16:39,2026-07-26 16:50,Alpha Unit,B,Closed,Day
OPS-201410,2026-05-22 09:35,2026-05-22 09:42,Alpha Unit,A,Resolved,Day
OPS-201411,2026-07-15 05:37,2026-07-15 05:53,Alpha Unit,D,Under Investigation,Night
OPS-201412,2026-05-25 19:30,2026-05-25 19:36,Alpha Unit,J,Closed,Night
OPS-201413,2026-05-27 01:18,2026-05-27 01:23,Hotel Unit,J,Resolved,Night
OPS-201414,2026-06-26 14:29,2026-06-26 14:40,Delta Unit,H,Resolved,Day
OPS-201415,2026-07-27 06:27,2026-07-27 06:33,Foxtrot Unit,B,Resolved,Day
OPS-201416,2026-05-19 23:13,2026-05-19 23:25,Foxtrot Unit,B,Escalated,Night
OPS-201417,2026-04-30 05:42,2026-04-30 05:50,Delta Unit,F,Under Investigation,Night
OPS-201418,2026-05-09 21:38,2026-05-09 21:47,Bravo Unit,B,Resolved,Night
OPS-201419,2026-06-09 04:14,2026-06-09 04:22,Delta Unit,F,Escalated,Night
OPS-201420,2026-05-09 20:40,2026-05-09 20:45,Echo Unit,F,Closed,Night
OPS-201421,2026-06-19 14:32,2026-06-19 14:41,Golf Unit,F,Under Investigation,Day
OPS-201422,2026-06-02 15:41,2026-06-02 15:51,Hotel Unit,E,Resolved,Day
OPS-201423,2026-04-30 02:04,2026-04-30 02:21,Delta Unit,D,Under Investigation,Night
OPS-201424,2026-06-05 22:08,2026-06-05 22:16,Echo Unit,E,Resolved,Night
OPS-201425,2026-06-23 13:03,2026-06-23 13:09,Golf Unit,F,Resolved,Day
OPS-201426,2026-06-02 15:25,2026-06-02 15:33,Delta Unit,J,Closed,Day
OPS-201427,2026-06-10 02:56,2026-06-10 03:09,Foxtrot Unit,B,Resolved,Night
OPS-201428,2026-05-10 13:56,2026-05-10 14:09,Echo Unit,D,Resolved,Day
OPS-201429,2026-06-24 01:51,2026-06-24 01:59,Golf Unit,H,Closed,Night
OPS-201430,2026-05-27 17:29,2026-05-27 17:41,Alpha Unit,I,Under Investigation,Day
OPS-201431,2026-06-04 17:51,2026-06-04 17:58,Charlie Unit,I,Resolved,Day
OPS-201432,2026-07-13 11:52,2026-07-13 12:01,Bravo Unit,E,Escalated,Day
OPS-201433,2026-07-17 15:02,2026-07-17 15:14,Alpha Unit,E,Resolved,Day
OPS-201434,2026-05-14 05:05,2026-05-14 05:14,Delta Unit,B,Under Investigation,Night
OPS-201435,2026-06-03 15:35,2026-06-03 15:47,Bravo Unit,C,Under Investigation,Day
OPS-201436,2026-06-22 00:38,2026-06-22 00:46,Bravo Unit,I,Resolved,Night
OPS-201437,2026-06-13 00:03,2026-06-13 00:10,Bravo Unit,A,Closed,Night
OPS-201438,2026-07-15 21:59,2026-07-15 22:05,Hotel Unit,I,Resolved,Night
OPS-201439,2026-06-05 20:03,2026-06-05 20:06,Bravo Unit,C,Resolved,Night
OPS-201440,2026-06-04 11:39,2026-06-04 11:46,Hotel Unit,F,Resolved,Day
OPS-201441,2026-07-07 07:28,2026-07-07 07:43,Foxtrot Unit,A,Resolved,Day
OPS-201442,2026-06-21 04:15,2026-06-21 04:25,Bravo Unit,G,Resolved,Night
OPS-201443,2026-05-18 02:02,2026-05-18 02:14,Alpha Unit,J,Escalated,Night
OPS-201444,2026-05-08 16:45,2026-05-08 16:57,Echo Unit,A,Resolved,Day
OPS-201445,2026-07-02 01:48,2026-07-02 01:55,Hotel Unit,G,Resolved,Night
OPS-201446,2026-05-28 06:16,2026-05-28 06:26,Charlie Unit,G,Escalated,Day
OPS-201447,2026-07-22 12:36,2026-07-22 12:42,Bravo Unit,A,Resolved,Day
OPS-201448,2026-07-01 13:22,2026-07-01 13:34,Hotel Unit,A,Escalated,Day
OPS-201449,2026-06-26 07:42,2026-06-26 07:47,Foxtrot Unit,C,Closed,Day
OPS-201450,2026-05-09 18:18,2026-05-09 18:20,Alpha Unit,B,Under Investigation,Night
OPS-201451,2026-05-07 16:27,2026-05-07 16:33,Bravo Unit,F,Resolved,Day
OPS-201452,2026-05-08 23:13,2026-05-08 23:25,Foxtrot Unit,J,Under Investigation,Night
OPS-201453,2026-06-29 21:18,2026-06-29 21:25,Charlie Unit,H,Resolved,Night
OPS-201454,2026-07-23 21:46,2026-07-23 21:58,Alpha Unit,E,Escalated,Night
OPS-201455,2026-06-13 02:11,2026-06-13 02:16,Bravo Unit,H,Resolved,Night
OPS-201456,2026-05-21 00:28,2026-05-21 00:39,Bravo Unit,J,Closed,Night
OPS-201457,2026-05-30 22:51,2026-05-30 22:58,Bravo Unit,J,Under Investigation,Night
OPS-201458,2026-06-11 08:14,2026-06-11 08:24,Charlie Unit,I,Resolved,Day
OPS-201459,2026-05-26 04:02,2026-05-26 04:12,Bravo Unit,J,Under Investigation,Night
OPS-201460,2026-06-10 07:32,2026-06-10 07:44,Charlie Unit,I,Resolved,Day
OPS-201461,2026-06-12 19:00,2026-06-12 19:20,Hotel Unit,J,Under Investigation,Night
OPS-201462,2026-05-22 00:44,2026-05-22 00:56,Echo Unit,J,Under Investigation,Night
OPS-201463,2026-06-27 01:14,2026-06-27 01:21,Alpha Unit,H,Under Investigation,Night
OPS-201464,2026-06-25 13:42,2026-06-25 13:54,Bravo Unit,B,Resolved,Day
OPS-201465,2026-06-30 08:02,2026-06-30 08:06,Delta Unit,A,Escalated,Day
OPS-201466,2026-05-05 00:09,2026-05-05 00:20,Golf Unit,H,Closed,Night
OPS-201467,2026-07-13 13:25,2026-07-13 13:32,Alpha Unit,E,Closed,Day
OPS-201468,2026-07-25 11:03,2026-07-25 11:15,Hotel Unit,C,Under Investigation,Day
OPS-201469,2026-07-12 12:06,2026-07-12 12:14,Charlie Unit,B,Escalated,Day
OPS-201470,2026-05-07 12:28,2026-05-07 12:37,Foxtrot Unit,A,Under Investigation,Day
OPS-201471,2026-05-31 20:34,2026-05-31 20:42,Delta Unit,I,Resolved,Night
OPS-201472,2026-07-06 03:10,2026-07-06 03:26,Echo Unit,D,Closed,Night
OPS-201473,2026-05-25 19:33,2026-05-25 19:56,Bravo Unit,D,Resolved,Night
OPS-201474,2026-04-29 03:16,2026-04-29 03:24,Charlie Unit,B,Closed,Night
OPS-201475,2026-05-15 06:02,2026-05-15 06:13,Delta Unit,A,Resolved,Day
OPS-201476,2026-05-17 07:09,2026-05-17 07:14,Golf Unit,E,Resolved,Day
OPS-201477,2026-06-29 11:31,2026-06-29 11:38,Charlie Unit,F,Under Investigation,Day
OPS-201478,2026-06-30 12:16,2026-06-30 12:30,Golf Unit,F,Escalated,Day
OPS-201479,2026-07-22 15:29,2026-07-22 15:36,Bravo Unit,A,Under Investigation,Day
OPS-201480,2026-05-18 18:44,2026-05-18 18:54,Echo Unit,G,Resolved,Night
OPS-201481,2026-05-06 21:33,2026-05-06 21:45,Golf Unit,G,Closed,Night
OPS-201482,2026-07-19 11:25,2026-07-19 11:28,Delta Unit,A,Closed,Day
OPS-201483,2026-07-27 17:58,2026-07-27 18:08,Delta Unit,F,Resolved,Day
OPS-201484,2026-05-17 20:59,2026-05-17 21:08,Alpha Unit,F,Resolved,Night
OPS-201485,2026-05-02 06:40,2026-05-02 06:52,Bravo Unit,J,Resolved,Day
OPS-201486,2026-06-09 03:51,2026-06-09 04:07,Golf Unit,D,Under Investigation,Night
OPS-201487,2026-06-21 21:20,2026-06-21 21:28,Alpha Unit,F,Resolved,Night
OPS-201488,2026-05-24 15:31,2026-05-24 15:38,Delta Unit,I,Resolved,Day
OPS-201489,2026-06-08 12:02,2026-06-08 12:14,Hotel Unit,J,Resolved,Day
OPS-201490,2026-06-23 01:46,2026-06-23 02:00,Golf Unit,D,Resolved,Night
OPS-201491,2026-06-15 06:14,2026-06-15 06:21,Golf Unit,C,Resolved,Day
OPS-201492,2026-06-22 16:34,2026-06-22 16:42,Foxtrot Unit,A,Resolved,Day
OPS-201493,2026-06-09 00:11,2026-06-09 00:21,Hotel Unit,I,Resolved,Night
OPS-201494,2026-07-18 04:01,2026-07-18 04:13,Delta Unit,C,Under Investigation,Night
OPS-201495,2026-05-31 04:37,2026-05-31 04:48,Hotel Unit,C,Resolved,Night
OPS-201496,2026-06-20 15:00,2026-06-20 15:11,Delta Unit,B,Resolved,Day
OPS-201497,2026-05-20 13:46,2026-05-20 13:49,Hotel Unit,H,Escalated,Day
OPS-201498,2026-06-21 22:26,2026-06-21 22:43,Hotel Unit,D,Resolved,Night
OPS-201499,2026-06-12 20:04,2026-06-12 20:14,Charlie Unit,E,Resolved,Night
OPS-201500,2026-07-24 05:07,2026-07-24 05:22,Foxtrot Unit,J,Resolved,Night
OPS-201501,2026-05-11 15:03,2026-05-11 15:13,Bravo Unit,F,Resolved,Day
OPS-201502,2026-06-14 14:06,2026-06-14 14:20,Echo Unit,F,Resolved,Day
OPS-201503,2026-06-06 14:30,2026-06-06 14:48,Delta Unit,J,Closed,Day
OPS-201504,2026-06-15 08:34,2026-06-15 08:48,Alpha Unit,A,Resolved,Day
OPS-201505,2026-07-14 18:47,2026-07-14 19:02,Delta Unit,I,Resolved,Night
OPS-201506,2026-06-20 03:06,2026-06-20 03:17,Alpha Unit,J,Resolved,Night
OPS-201507,2026-05-01 06:11,2026-05-01 06:22,Golf Unit,H,Resolved,Day
OPS-201508,2026-05-12 13:43,2026-05-12 14:09,Alpha Unit,D,Under Investigation,Day
OPS-201509,2026-06-02 05:57,2026-06-02 06:07,Hotel Unit,G,Resolved,Night
OPS-201510,2026-06-28 12:15,2026-06-28 12:28,Charlie Unit,H,Under Investigation,Day
OPS-201511,2026-07-18 19:48,2026-07-18 19:53,Golf Unit,I,Closed,Night
OPS-201512,2026-05-11 08:35,2026-05-11 08:46,Foxtrot Unit,A,Resolved,Day
OPS-201513,2026-06-26 12:35,2026-06-26 12:50,Golf Unit,C,Resolved,Day
OPS-201514,2026-05-06 17:46,2026-05-06 17:53,Alpha Unit,A,Resolved,Day
OPS-201515,2026-07-13 17:30,2026-07-13 17:38,Foxtrot Unit,A,Closed,Day
OPS-201516,2026-05-01 12:49,2026-05-01 12:56,Delta Unit,E,Resolved,Day
OPS-201517,2026-07-27 22:13,2026-07-27 22:22,Hotel Unit,G,Resolved,Night
OPS-201518,2026-05-30 15:19,2026-05-30 15:23,Delta Unit,J,Closed,Day
OPS-201519,2026-05-04 19:58,2026-05-04 20:09,Hotel Unit,F,Resolved,Night
OPS-201520,2026-07-18 01:33,2026-07-18 01:46,Bravo Unit,F,Resolved,Night
OPS-201521,2026-06-16 14:07,2026-06-16 14:28,Golf Unit,D,Escalated,Day
OPS-201522,2026-06-05 14:22,2026-06-05 14:42,Charlie Unit,D,Closed,Day
OPS-201523,2026-07-12 23:09,2026-07-12 23:21,Golf Unit,C,Resolved,Night
OPS-201524,2026-06-16 04:14,2026-06-16 04:29,Charlie Unit,C,Resolved,Night
OPS-201525,2026-07-03 07:25,2026-07-03 07:31,Foxtrot Unit,B,Resolved,Day
OPS-201526,2026-06-10 07:17,2026-06-10 07:33,Bravo Unit,F,Resolved,Day
OPS-201527,2026-06-27 05:30,2026-06-27 05:44,Bravo Unit,B,Resolved,Night
OPS-201528,2026-05-23 05:23,2026-05-23 05:35,Charlie Unit,H,Under Investigation,Night
OPS-201529,2026-05-17 23:35,2026-05-17 23:42,Alpha Unit,B,Closed,Night
OPS-201530,2026-06-05 02:31,2026-06-05 02:46,Hotel Unit,D,Resolved,Night
OPS-201531,2026-06-27 03:23,2026-06-27 03:33,Bravo Unit,A,Resolved,Night
OPS-201532,2026-06-11 06:27,2026-06-11 06:39,Foxtrot Unit,G,Resolved,Day
OPS-201533,2026-06-17 23:10,2026-06-17 23:14,Hotel Unit,C,Resolved,Night
OPS-201534,2026-06-26 08:14,2026-06-26 08:25,Foxtrot Unit,H,Resolved,Day
OPS-201535,2026-05-10 08:36,2026-05-10 08:49,Hotel Unit,F,Resolved,Day
OPS-201536,2026-06-07 09:24,2026-06-07 09:36,Alpha Unit,F,Resolved,Day
OPS-201537,2026-07-26 12:48,2026-07-26 12:56,Foxtrot Unit,I,Resolved,Day
OPS-201538,2026-06-10 15:47,2026-06-10 16:05,Bravo Unit,D,Resolved,Day
OPS-201539,2026-05-22 07:46,2026-05-22 07:53,Charlie Unit,H,Under Investigation,Day
OPS-201540,2026-05-21 16:08,2026-05-21 16:11,Hotel Unit,F,Resolved,Day
OPS-201541,2026-07-06 16:41,2026-07-06 16:47,Golf Unit,J,Escalated,Day
OPS-201542,2026-07-10 16:35,2026-07-10 16:42,Hotel Unit,E,Under Investigation,Day
OPS-201543,2026-05-20 11:17,2026-05-20 11:22,Golf Unit,E,Closed,Day
OPS-201544,2026-07-14 21:59,2026-07-14 22:14,Delta Unit,J,Escalated,Night
OPS-201545,2026-05-07 08:19,2026-05-07 08:31,Hotel Unit,F,Closed,Day
OPS-201546,2026-05-22 04:51,2026-05-22 05:04,Golf Unit,C,Under Investigation,Night
OPS-201547,2026-04-29 14:32,2026-04-29 14:39,Delta Unit,J,Under Investigation,Day
OPS-201548,2026-05-16 01:28,2026-05-16 01:40,Golf Unit,G,Closed,Night
OPS-201549,2026-05-21 00:13,2026-05-21 00:26,Delta Unit,A,Closed,Night
OPS-201550,2026-07-27 22:57,2026-07-27 23:07,Charlie Unit,H,Closed,Night
OPS-201551,2026-07-14 11:54,2026-07-14 12:04,Charlie Unit,C,Escalated,Day
OPS-201552,2026-06-07 06:23,2026-06-07 06:31,Alpha Unit,E,Resolved,Day
OPS-201553,2026-05-15 21:19,2026-05-15 21:29,Golf Unit,B,Resolved,Night
OPS-201554,2026-06-10 18:28,2026-06-10 18:34,Hotel Unit,C,Escalated,Night
OPS-201555,2026-06-09 10:15,2026-06-09 10:29,Echo Unit,F,Resolved,Day
OPS-201556,2026-05-13 01:57,2026-05-13 02:09,Foxtrot Unit,C,Under Investigation,Night
OPS-201557,2026-06-02 16:29,2026-06-02 16:36,Foxtrot Unit,C,Under Investigation,Day
OPS-201558,2026-07-25 20:36,2026-07-25 20:48,Alpha Unit,A,Under Investigation,Night
OPS-201559,2026-05-01 18:09,2026-05-01 18:18,Delta Unit,J,Resolved,Night
OPS-201560,2026-06-10 10:13,2026-06-10 10:22,Bravo Unit,F,Resolved,Day
OPS-201561,2026-06-13 11:33,2026-06-13 11:44,Delta Unit,A,Resolved,Day
OPS-201562,2026-07-07 13:14,2026-07-07 13:28,Echo Unit,I,Resolved,Day
OPS-201563,2026-05-24 09:09,2026-05-24 09:17,Hotel Unit,H,Closed,Day
OPS-201564,2026-05-09 02:48,2026-05-09 02:58,Hotel Unit,B,Resolved,Night
OPS-201565,2026-05-03 04:39,2026-05-03 04:58,Echo Unit,D,Resolved,Night
OPS-201566,2026-06-29 13:17,2026-06-29 13:26,Alpha Unit,F,Resolved,Day
OPS-201567,2026-06-11 01:27,2026-06-11 01:38,Bravo Unit,F,Resolved,Night
OPS-201568,2026-07-20 06:55,2026-07-20 07:03,Delta Unit,G,Closed,Day
OPS-201569,2026-06-13 01:55,2026-06-13 02:04,Delta Unit,H,Under Investigation,Night
OPS-201570,2026-05-09 23:18,2026-05-09 23:29,Charlie Unit,I,Closed,Night
OPS-201571,2026-07-05 02:17,2026-07-05 02:26,Alpha Unit,E,Closed,Night
OPS-201572,2026-07-21 13:42,2026-07-21 14:00,Golf Unit,D,Under Investigation,Day
OPS-201573,2026-04-29 15:58,2026-04-29 16:11,Bravo Unit,E,Resolved,Day
OPS-201574,2026-05-02 15:23,2026-05-02 15:28,Charlie Unit,J,Resolved,Day
OPS-201575,2026-06-24 05:20,2026-06-24 05:27,Charlie Unit,A,Resolved,Night
OPS-201576,2026-07-22 05:59,2026-07-22 06:08,Golf Unit,B,Resolved,Night
OPS-201577,2026-04-29 21:20,2026-04-29 21:28,Hotel Unit,J,Under Investigation,Night
OPS-201578,2026-05-23 10:54,2026-05-23 11:13,Golf Unit,D,Closed,Day
OPS-201579,2026-06-03 21:44,2026-06-03 21:53,Bravo Unit,C,Resolved,Night
OPS-201580,2026-06-25 15:02,2026-06-25 15:09,Bravo Unit,J,Resolved,Day
OPS-201581,2026-07-16 15:26,2026-07-16 15:40,Bravo Unit,C,Resolved,Day
OPS-201582,2026-07-06 10:56,2026-07-06 11:05,Charlie Unit,I,Under Investigation,Day
OPS-201583,2026-07-16 01:15,2026-07-16 01:24,Foxtrot Unit,B,Resolved,Night
OPS-201584,2026-06-18 20:26,2026-06-18 20:33,Golf Unit,H,Escalated,Night
OPS-201585,2026-06-28 05:34,2026-06-28 05:47,Foxtrot Unit,H,Resolved,Night
OPS-201586,2026-07-23 08:26,2026-07-23 08:48,Hotel Unit,D,Under Investigation,Day
OPS-201587,2026-05-31 03:22,2026-05-31 03:24,Echo Unit,B,Resolved,Night
OPS-201588,2026-05-02 06:36,2026-05-02 06:48,Hotel Unit,I,Resolved,Day
OPS-201589,2026-07-15 13:39,2026-07-15 13:47,Golf Unit,G,Resolved,Day
OPS-201590,2026-06-17 23:32,2026-06-17 23:43,Golf Unit,J,Escalated,Night
OPS-201591,2026-05-14 23:39,2026-05-14 23:41,Golf Unit,F,Resolved,Night
OPS-201592,2026-07-20 04:49,2026-07-20 04:56,Golf Unit,J,Under Investigation,Night
OPS-201593,2026-06-15 19:41,2026-06-15 19:53,Charlie Unit,D,Closed,Night
OPS-201594,2026-07-14 04:45,2026-07-14 04:51,Golf Unit,H,Closed,Night
OPS-201595,2026-05-28 09:43,2026-05-28 09:49,Golf Unit,H,Under Investigation,Day
OPS-201596,2026-05-21 08:39,2026-05-21 08:59,Alpha Unit,H,Escalated,Day
OPS-201597,2026-05-06 10:21,2026-05-06 10:35,Alpha Unit,I,Escalated,Day
OPS-201598,2026-04-29 05:29,2026-04-29 05:37,Charlie Unit,G,Closed,Night
OPS-201599,2026-06-18 13:44,2026-06-18 13:50,Echo Unit,E,Resolved,Day
OPS-201600,2026-06-19 15:41,2026-06-19 15:49,Foxtrot Unit,G,Resolved,Day
OPS-201601,2026-07-08 06:08,2026-07-08 06:13,Foxtrot Unit,E,Escalated,Day
OPS-201602,2026-07-17 17:38,2026-07-17 17:52,Hotel Unit,B,Escalated,Day
OPS-201603,2026-05-18 21:02,2026-05-18 21:12,Alpha Unit,E,Resolved,Night
OPS-201604,2026-05-26 09:55,2026-05-26 10:04,Bravo Unit,A,Under Investigation,Day
OPS-201605,2026-06-10 05:57,2026-06-10 06:14,Golf Unit,H,Resolved,Night
OPS-201606,2026-05-11 17:46,2026-05-11 17:59,Golf Unit,D,Under Investigation,Day
OPS-201607,2026-06-03 15:22,2026-06-03 15:35,Alpha Unit,C,Resolved,Day
OPS-201608,2026-05-14 13:47,2026-05-14 13:50,Golf Unit,C,Escalated,Day
OPS-201609,2026-07-09 03:02,2026-07-09 03:12,Delta Unit,G,Resolved,Night
OPS-201610,2026-05-31 10:56,2026-05-31 11:08,Golf Unit,B,Under Investigation,Day
OPS-201611,2026-06-04 20:37,2026-06-04 20:46,Alpha Unit,A,Resolved,Night
OPS-201612,2026-06-14 22:29,2026-06-14 22:41,Golf Unit,A,Resolved,Night
OPS-201613,2026-05-09 02:33,2026-05-09 02:39,Bravo Unit,J,Closed,Night
OPS-201614,2026-05-10 19:40,2026-05-10 19:58,Alpha Unit,D,Under Investigation,Night
OPS-201615,2026-05-12 14:05,2026-05-12 14:20,Hotel Unit,F,Under Investigation,Day
OPS-201616,2026-05-06 22:20,2026-05-06 22:30,Golf Unit,A,Under Investigation,Night
OPS-201617,2026-06-12 15:06,2026-06-12 15:19,Echo Unit,B,Resolved,Day
OPS-201618,2026-05-09 03:33,2026-05-09 03:42,Charlie Unit,H,Resolved,Night
OPS-201619,2026-07-11 00:09,2026-07-11 00:16,Golf Unit,B,Resolved,Night
OPS-201620,2026-05-25 00:35,2026-05-25 00:47,Delta Unit,C,Resolved,Night
OPS-201621,2026-06-12 02:00,2026-06-12 02:05,Echo Unit,A,Resolved,Night
OPS-201622,2026-07-17 18:56,2026-07-17 19:06,Hotel Unit,A,Under Investigation,Night
OPS-201623,2026-06-06 18:38,2026-06-06 19:02,Charlie Unit,D,Resolved,Night
OPS-201624,2026-05-02 23:48,2026-05-02 23:57,Bravo Unit,H,Under Investigation,Night
OPS-201625,2026-07-06 06:54,2026-07-06 07:10,Echo Unit,A,Under Investigation,Day
OPS-201626,2026-05-05 05:58,2026-05-05 06:08,Charlie Unit,E,Closed,Night
OPS-201627,2026-07-08 11:10,2026-07-08 11:14,Charlie Unit,E,Escalated,Day
OPS-201628,2026-05-29 06:05,2026-05-29 06:17,Charlie Unit,B,Closed,Day
OPS-201629,2026-07-20 12:00,2026-07-20 12:12,Delta Unit,J,Resolved,Day
OPS-201630,2026-05-22 12:53,2026-05-22 13:07,Golf Unit,E,Resolved,Day
OPS-201631,2026-06-15 01:54,2026-06-15 02:17,Charlie Unit,D,Closed,Night
OPS-201632,2026-07-24 11:41,2026-07-24 11:43,Hotel Unit,A,Under Investigation,Day
OPS-201633,2026-06-18 15:15,2026-06-18 15:28,Hotel Unit,F,Escalated,Day
OPS-201634,2026-06-08 07:31,2026-06-08 07:45,Charlie Unit,I,Under Investigation,Day
OPS-201635,2026-07-09 22:46,2026-07-09 23:02,Golf Unit,A,Resolved,Night
OPS-201636,2026-05-18 09:22,2026-05-18 09:33,Alpha Unit,I,Escalated,Day
OPS-201637,2026-05-14 15:52,2026-05-14 16:03,Golf Unit,I,Under Investigation,Day
OPS-201638,2026-07-07 06:38,2026-07-07 06:55,Echo Unit,D,Under Investigation,Day
OPS-201639,2026-06-07 15:29,2026-06-07 15:41,Hotel Unit,E,Under Investigation,Day
OPS-201640,2026-05-12 03:55,2026-05-12 04:02,Charlie Unit,C,Resolved,Night
OPS-201641,2026-05-16 14:08,2026-05-16 14:22,Bravo Unit,J,Resolved,Day
OPS-201642,2026-06-15 03:12,2026-06-15 03:24,Delta Unit,I,Under Investigation,Night
OPS-201643,2026-07-22 07:39,2026-07-22 07:46,Golf Unit,B,Resolved,Day
OPS-201644,2026-07-25 19:14,2026-07-25 19:20,Hotel Unit,A,Resolved,Night
OPS-201645,2026-06-14 23:12,2026-06-14 23:21,Hotel Unit,H,Closed,Night
OPS-201646,2026-05-15 01:46,2026-05-15 01:55,Hotel Unit,G,Escalated,Night
OPS-201647,2026-05-05 21:06,2026-05-05 21:16,Golf Unit,G,Closed,Night
OPS-201648,2026-07-24 17:38,2026-07-24 17:47,Golf Unit,E,Resolved,Day
OPS-201649,2026-06-18 05:52,2026-06-18 06:07,Golf Unit,F,Closed,Night
OPS-201650,2026-05-18 15:51,2026-05-18 16:00,Foxtrot Unit,G,Closed,Day
OPS-201651,2026-06-01 19:14,2026-06-01 19:25,Echo Unit,H,Escalated,Night
OPS-201652,2026-07-12 21:43,2026-07-12 22:08,Foxtrot Unit,D,Resolved,Night
OPS-201653,2026-06-02 02:56,2026-06-02 03:06,Foxtrot Unit,C,Resolved,Night
OPS-201654,2026-06-07 20:40,2026-06-07 20:46,Foxtrot Unit,I,Resolved,Night
OPS-201655,2026-05-20 12:36,2026-05-20 12:47,Charlie Unit,C,Escalated,Day
OPS-201656,2026-06-20 10:05,2026-06-20 10:19,Delta Unit,A,Under Investigation,Day
OPS-201657,2026-05-22 14:34,2026-05-22 14:54,Hotel Unit,D,Resolved,Day
OPS-201658,2026-07-06 12:54,2026-07-06 13:07,Alpha Unit,H,Resolved,Day
OPS-201659,2026-07-15 13:35,2026-07-15 13:41,Golf Unit,F,Resolved,Day
OPS-201660,2026-05-12 15:45,2026-05-12 16:00,Alpha Unit,I,Closed,Day
OPS-201661,2026-05-06 10:02,2026-05-06 10:09,Golf Unit,G,Resolved,Day
OPS-201662,2026-06-11 08:25,2026-06-11 08:33,Charlie Unit,I,Resolved,Day
OPS-201663,2026-04-29 00:23,2026-04-29 00:32,Alpha Unit,F,Under Investigation,Night
OPS-201664,2026-07-15 07:37,2026-07-15 07:53,Foxtrot Unit,D,Under Investigation,Day
OPS-201665,2026-05-08 03:35,2026-05-08 03:51,Bravo Unit,G,Resolved,Night
OPS-201666,2026-06-03 08:10,2026-06-03 08:24,Charlie Unit,E,Resolved,Day
OPS-201667,2026-05-01 03:19,2026-05-01 03:26,Charlie Unit,I,Under Investigation,Night
OPS-201668,2026-05-22 11:19,2026-05-22 11:37,Alpha Unit,D,Closed,Day
OPS-201669,2026-07-02 09:39,2026-07-02 09:46,Hotel Unit,E,Escalated,Day
OPS-201670,2026-05-13 03:47,2026-05-13 03:51,Bravo Unit,C,Resolved,Night
OPS-201671,2026-07-23 16:48,2026-07-23 16:55,Delta Unit,B,Resolved,Day
OPS-201672,2026-05-02 08:54,2026-05-02 09:01,Delta Unit,C,Closed,Day
OPS-201673,2026-06-25 22:27,2026-06-25 22:37,Golf Unit,H,Resolved,Night
OPS-201674,2026-06-02 01:55,2026-06-02 01:59,Delta Unit,G,Resolved,Night
OPS-201675,2026-06-04 14:07,2026-06-04 14:19,Charlie Unit,D,Closed,Day
OPS-201676,2026-05-03 22:15,2026-05-03 22:17,Hotel Unit,C,Resolved,Night
OPS-201677,2026-06-28 00:05,2026-06-28 00:18,Alpha Unit,E,Under Investigation,Night
OPS-201678,2026-06-15 07:07,2026-06-15 07:15,Hotel Unit,H,Resolved,Day
OPS-201679,2026-05-31 23:43,2026-06-01 00:01,Delta Unit,C,Closed,Night
OPS-201680,2026-05-26 16:43,2026-05-26 16:56,Foxtrot Unit,H,Resolved,Day
OPS-201681,2026-07-10 13:09,2026-07-10 13:24,Foxtrot Unit,H,Resolved,Day
OPS-201682,2026-05-07 16:33,2026-05-07 16:43,Echo Unit,J,Resolved,Day
OPS-201683,2026-07-03 10:20,2026-07-03 10:28,Hotel Unit,H,Resolved,Day
OPS-201684,2026-05-29 17:19,2026-05-29 17:34,Echo Unit,I,Escalated,Day
OPS-201685,2026-05-06 22:24,2026-05-06 22:32,Golf Unit,I,Resolved,Night
OPS-201686,2026-06-14 17:53,2026-06-14 18:03,Hotel Unit,C,Closed,Day
OPS-201687,2026-05-22 00:46,2026-05-22 00:52,Charlie Unit,J,Under Investigation,Night
OPS-201688,2026-06-25 08:18,2026-06-25 08:26,Charlie Unit,F,Closed,Day
OPS-201689,2026-04-30 14:42,2026-04-30 14:54,Golf Unit,J,Resolved,Day
OPS-201690,2026-05-08 00:45,2026-05-08 01:03,Echo Unit,D,Resolved,Night
OPS-201691,2026-06-12 23:54,2026-06-13 00:00,Delta Unit,J,Resolved,Night
OPS-201692,2026-06-03 05:30,2026-06-03 05:39,Foxtrot Unit,B,Resolved,Night
OPS-201693,2026-05-28 22:54,2026-05-28 23:05,Golf Unit,J,Under Investigation,Night
OPS-201694,2026-05-28 18:31,2026-05-28 18:42,Golf Unit,H,Resolved,Night
OPS-201695,2026-07-16 15:18,2026-07-16 15:30,Echo Unit,G,Under Investigation,Day
OPS-201696,2026-05-18 14:55,2026-05-18 15:07,Charlie Unit,A,Closed,Day
OPS-201697,2026-07-06 00:17,2026-07-06 00:28,Charlie Unit,I,Resolved,Night
OPS-201698,2026-05-24 08:01,2026-05-24 08:04,Echo Unit,J,Resolved,Day
OPS-201699,2026-06-14 04:45,2026-06-14 05:04,Foxtrot Unit,B,Under Investigation,Night
OPS-201700,2026-05-05 13:17,2026-05-05 13:29,Bravo Unit,D,Resolved,Day
OPS-201701,2026-06-09 16:00,2026-06-09 16:12,Alpha Unit,B,Under Investigation,Day
OPS-201702,2026-05-05 23:15,2026-05-05 23:24,Echo Unit,A,Escalated,Night
OPS-201703,2026-06-15 08:51,2026-06-15 09:03,Bravo Unit,F,Under Investigation,Day
OPS-201704,2026-04-29 19:41,2026-04-29 19:52,Alpha Unit,I,Under Investigation,Night
OPS-201705,2026-06-28 00:13,2026-06-28 00:23,Golf Unit,B,Under Investigation,Night
OPS-201706,2026-05-21 09:05,2026-05-21 09:14,Golf Unit,H,Resolved,Day
OPS-201707,2026-05-12 19:53,2026-05-12 20:01,Foxtrot Unit,I,Resolved,Night
OPS-201708,2026-06-23 04:16,2026-06-23 04:24,Delta Unit,F,Escalated,Night
OPS-201709,2026-07-11 16:37,2026-07-11 16:49,Hotel Unit,B,Resolved,Day
OPS-201710,2026-05-11 22:14,2026-05-11 22:20,Bravo Unit,H,Under Investigation,Night
OPS-201711,2026-06-01 13:06,2026-06-01 13:14,Golf Unit,C,Under Investigation,Day
OPS-201712,2026-06-30 00:40,2026-06-30 00:57,Echo Unit,D,Under Investigation,Night
OPS-201713,2026-06-02 13:31,2026-06-02 13:41,Alpha Unit,C,Resolved,Day
OPS-201714,2026-07-09 10:18,2026-07-09 10:25,Delta Unit,H,Under Investigation,Day
OPS-201715,2026-06-01 03:34,2026-06-01 03:43,Delta Unit,A,Under Investigation,Night
OPS-201716,2026-06-02 15:05,2026-06-02 15:14,Delta Unit,G,Closed,Day
OPS-201717,2026-07-22 11:09,2026-07-22 11:31,Golf Unit,B,Escalated,Day
OPS-201718,2026-06-26 12:15,2026-06-26 12:19,Hotel Unit,G,Under Investigation,Day
OPS-201719,2026-06-25 08:38,2026-06-25 08:49,Delta Unit,I,Resolved,Day
OPS-201720,2026-06-29 15:22,2026-06-29 15:36,Charlie Unit,D,Under Investigation,Day
OPS-201721,2026-07-07 17:22,2026-07-07 17:27,Foxtrot Unit,I,Resolved,Day
OPS-201722,2026-06-11 17:11,2026-06-11 17:23,Bravo Unit,J,Resolved,Day
OPS-201723,2026-05-19 10:57,2026-05-19 11:05,Alpha Unit,J,Resolved,Day
OPS-201724,2026-06-18 03:45,2026-06-18 03:57,Delta Unit,A,Resolved,Night
OPS-201725,2026-05-26 05:47,2026-05-26 05:57,Delta Unit,F,Resolved,Night
OPS-201726,2026-05-22 11:04,2026-05-22 11:08,Echo Unit,H,Closed,Day
OPS-201727,2026-06-06 04:57,2026-06-06 05:02,Foxtrot Unit,H,Resolved,Night
OPS-201728,2026-05-07 22:57,2026-05-07 23:06,Alpha Unit,I,Resolved,Night
OPS-201729,2026-05-20 13:44,2026-05-20 13:58,Echo Unit,J,Resolved,Day
OPS-201730,2026-04-30 15:37,2026-04-30 15:47,Hotel Unit,H,Escalated,Day
OPS-201731,2026-05-17 18:38,2026-05-17 18:42,Charlie Unit,I,Resolved,Night
OPS-201732,2026-07-13 03:38,2026-07-13 03:44,Charlie Unit,H,Resolved,Night
OPS-201733,2026-05-27 10:20,2026-05-27 10:27,Echo Unit,H,Closed,Day
OPS-201734,2026-07-19 16:21,2026-07-19 16:29,Bravo Unit,G,Resolved,Day
OPS-201735,2026-06-05 15:09,2026-06-05 15:21,Bravo Unit,I,Resolved,Day
OPS-201736,2026-05-30 16:03,2026-05-30 16:10,Delta Unit,I,Resolved,Day
OPS-201737,2026-06-16 15:28,2026-06-16 15:35,Hotel Unit,J,Resolved,Day
OPS-201738,2026-05-02 19:42,2026-05-02 19:52,Delta Unit,H,Resolved,Night
OPS-201739,2026-06-07 19:47,2026-06-07 19:58,Hotel Unit,H,Resolved,Night
OPS-201740,2026-07-27 03:05,2026-07-27 03:13,Delta Unit,C,Resolved,Night
OPS-201741,2026-07-07 09:28,2026-07-07 09:41,Alpha Unit,A,Resolved,Day
OPS-201742,2026-07-19 11:50,2026-07-19 12:00,Golf Unit,C,Closed,Day
OPS-201743,2026-07-17 16:32,2026-07-17 16:43,Hotel Unit,J,Resolved,Day
OPS-201744,2026-06-27 08:45,2026-06-27 08:50,Foxtrot Unit,A,Under Investigation,Day
OPS-201745,2026-06-06 18:18,2026-06-06 18:28,Delta Unit,I,Resolved,Night
OPS-201746,2026-07-23 14:33,2026-07-23 14:44,Alpha Unit,E,Under Investigation,Day
OPS-201747,2026-06-04 04:51,2026-06-04 05:00,Charlie Unit,B,Resolved,Night
OPS-201748,2026-05-20 23:19,2026-05-20 23:31,Charlie Unit,G,Under Investigation,Night
OPS-201749,2026-07-11 13:12,2026-07-11 13:17,Delta Unit,E,Under Investigation,Day
OPS-201750,2026-07-01 22:56,2026-07-01 23:08,Bravo Unit,E,Escalated,Night
OPS-201751,2026-05-23 21:53,2026-05-23 22:00,Echo Unit,B,Resolved,Night
OPS-201752,2026-07-03 14:03,2026-07-03 14:14,Echo Unit,B,Resolved,Day
OPS-201753,2026-05-29 01:41,2026-05-29 01:48,Echo Unit,F,Escalated,Night
OPS-201754,2026-06-06 19:30,2026-06-06 19:45,Foxtrot Unit,C,Under Investigation,Night
OPS-201755,2026-07-14 04:15,2026-07-14 04:29,Foxtrot Unit,C,Under Investigation,Night
OPS-201756,2026-07-16 20:49,2026-07-16 20:59,Alpha Unit,F,Under Investigation,Night
OPS-201757,2026-06-10 21:54,2026-06-10 22:04,Delta Unit,G,Under Investigation,Night
OPS-201758,2026-05-11 18:05,2026-05-11 18:13,Alpha Unit,A,Resolved,Night
OPS-201759,2026-05-09 05:09,2026-05-09 05:11,Hotel Unit,C,Escalated,Night
OPS-201760,2026-07-01 13:23,2026-07-01 13:38,Golf Unit,G,Resolved,Day
OPS-201761,2026-06-27 01:32,2026-06-27 01:43,Echo Unit,E,Resolved,Night
OPS-201762,2026-07-11 12:50,2026-07-11 12:59,Charlie Unit,C,Resolved,Day
OPS-201763,2026-07-06 13:56,2026-07-06 13:59,Echo Unit,A,Resolved,Day
OPS-201764,2026-06-24 00:02,2026-06-24 00:15,Golf Unit,G,Closed,Night
OPS-201765,2026-05-30 04:17,2026-05-30 04:27,Echo Unit,H,Resolved,Night
OPS-201766,2026-06-28 17:47,2026-06-28 17:56,Echo Unit,E,Escalated,Day
OPS-201767,2026-06-13 22:35,2026-06-13 22:44,Charlie Unit,B,Resolved,Night
OPS-201768,2026-05-23 18:26,2026-05-23 18:34,Bravo Unit,E,Resolved,Night
OPS-201769,2026-05-22 08:09,2026-05-22 08:16,Echo Unit,C,Resolved,Day
OPS-201770,2026-06-22 06:28,2026-06-22 06:31,Foxtrot Unit,E,Resolved,Day
OPS-201771,2026-06-13 14:32,2026-06-13 14:43,Bravo Unit,J,Resolved,Day
OPS-201772,2026-04-29 19:05,2026-04-29 19:14,Echo Unit,H,Resolved,Night
OPS-201773,2026-05-18 00:05,2026-05-18 00:10,Echo Unit,J,Escalated,Night
OPS-201774,2026-07-22 13:37,2026-07-22 13:49,Alpha Unit,C,Under Investigation,Day
OPS-201775,2026-06-04 02:53,2026-06-04 03:03,Alpha Unit,H,Closed,Night
OPS-201776,2026-07-16 02:36,2026-07-16 02:41,Alpha Unit,F,Closed,Night
OPS-201777,2026-05-18 05:15,2026-05-18 05:36,Echo Unit,D,Resolved,Night
OPS-201778,2026-07-15 20:02,2026-07-15 20:09,Alpha Unit,I,Closed,Night
OPS-201779,2026-06-11 16:21,2026-06-11 16:29,Delta Unit,C,Resolved,Day
OPS-201780,2026-05-08 02:23,2026-05-08 02:32,Golf Unit,G,Closed,Night
OPS-201781,2026-07-23 02:43,2026-07-23 02:52,Delta Unit,I,Resolved,Night
OPS-201782,2026-06-10 22:44,2026-06-10 22:49,Foxtrot Unit,J,Under Investigation,Night
OPS-201783,2026-06-19 14:00,2026-06-19 14:09,Foxtrot Unit,C,Resolved,Day
OPS-201784,2026-05-12 10:36,2026-05-12 10:50,Hotel Unit,J,Resolved,Day
OPS-201785,2026-05-22 04:49,2026-05-22 05:03,Bravo Unit,I,Resolved,Night
OPS-201786,2026-05-30 03:22,2026-05-30 03:31,Hotel Unit,A,Resolved,Night
OPS-201787,2026-06-26 04:06,2026-06-26 04:18,Charlie Unit,B,Under Investigation,Night
OPS-201788,2026-06-20 15:39,2026-06-20 15:49,Bravo Unit,F,Under Investigation,Day
OPS-201789,2026-05-22 15:10,2026-05-22 15:20,Hotel Unit,J,Resolved,Day
OPS-201790,2026-06-09 20:16,2026-06-09 20:27,Charlie Unit,B,Resolved,Night
OPS-201791,2026-07-18 12:10,2026-07-18 12:21,Golf Unit,B,Escalated,Day
OPS-201792,2026-07-08 17:52,2026-07-08 18:01,Golf Unit,B,Under Investigation,Day
OPS-201793,2026-05-09 14:26,2026-05-09 14:35,Hotel Unit,E,Closed,Day
OPS-201794,2026-06-09 23:56,2026-06-10 00:11,Hotel Unit,D,Under Investigation,Night
OPS-201795,2026-07-13 00:42,2026-07-13 00:48,Bravo Unit,G,Resolved,Night
OPS-201796,2026-06-27 20:55,2026-06-27 20:59,Charlie Unit,A,Resolved,Night
OPS-201797,2026-05-16 23:34,2026-05-16 23:45,Hotel Unit,I,Under Investigation,Night
OPS-201798,2026-07-20 18:03,2026-07-20 18:07,Charlie Unit,H,Closed,Night
OPS-201799,2026-05-27 05:58,2026-05-27 06:17,Foxtrot Unit,D,Resolved,Night
OPS-201800,2026-05-01 19:59,2026-05-01 20:05,Alpha Unit,C,Resolved,Night
OPS-201801,2026-05-28 20:34,2026-05-28 20:41,Charlie Unit,F,Resolved,Night
OPS-201802,2026-05-19 21:43,2026-05-19 22:04,Charlie Unit,D,Resolved,Night
OPS-201803,2026-05-18 20:02,2026-05-18 20:12,Charlie Unit,E,Under Investigation,Night
OPS-201804,2026-06-28 14:01,2026-06-28 14:06,Charlie Unit,J,Resolved,Day
OPS-201805,2026-06-18 11:01,2026-06-18 11:12,Echo Unit,B,Closed,Day
OPS-201806,2026-07-27 16:33,2026-07-27 16:46,Charlie Unit,A,Resolved,Day
OPS-201807,2026-05-07 11:23,2026-05-07 11:32,Hotel Unit,C,Closed,Day
OPS-201808,2026-07-20 10:54,2026-07-20 11:09,Bravo Unit,D,Resolved,Day
OPS-201809,2026-05-27 14:54,2026-05-27 15:01,Hotel Unit,E,Escalated,Day
OPS-201810,2026-05-25 11:09,2026-05-25 11:19,Foxtrot Unit,I,Resolved,Day
OPS-201811,2026-06-11 16:31,2026-06-11 16:41,Foxtrot Unit,G,Resolved,Day
OPS-201812,2026-06-28 01:30,2026-06-28 01:46,Foxtrot Unit,E,Under Investigation,Night
OPS-201813,2026-06-05 10:03,2026-06-05 10:17,Golf Unit,A,Resolved,Day
OPS-201814,2026-05-31 15:56,2026-05-31 16:08,Charlie Unit,J,Resolved,Day
OPS-201815,2026-07-01 01:12,2026-07-01 01:24,Echo Unit,C,Resolved,Night
OPS-201816,2026-05-24 20:38,2026-05-24 20:46,Echo Unit,F,Closed,Night
OPS-201817,2026-05-02 08:13,2026-05-02 08:22,Echo Unit,H,Resolved,Day
OPS-201818,2026-05-22 11:20,2026-05-22 11:30,Charlie Unit,H,Resolved,Day
OPS-201819,2026-06-10 08:36,2026-06-10 08:48,Charlie Unit,H,Escalated,Day
OPS-201820,2026-07-21 18:01,2026-07-21 18:12,Hotel Unit,B,Escalated,Night
OPS-201821,2026-07-04 17:04,2026-07-04 17:10,Delta Unit,G,Resolved,Day
OPS-201822,2026-06-04 18:59,2026-06-04 19:06,Golf Unit,A,Under Investigation,Night
OPS-201823,2026-05-18 12:00,2026-05-18 12:12,Foxtrot Unit,A,Under Investigation,Day
OPS-201824,2026-06-16 02:01,2026-06-16 02:13,Alpha Unit,I,Closed,Night
OPS-201825,2026-05-02 03:10,2026-05-02 03:25,Delta Unit,F,Escalated,Night
OPS-201826,2026-05-13 18:24,2026-05-13 18:39,Delta Unit,A,Under Investigation,Night
OPS-201827,2026-05-13 00:07,2026-05-13 00:21,Delta Unit,B,Under Investigation,Night
OPS-201828,2026-05-14 09:07,2026-05-14 09:13,Echo Unit,F,Under Investigation,Day
OPS-201829,2026-06-07 07:20,2026-06-07 07:33,Alpha Unit,I,Resolved,Day
OPS-201830,2026-06-27 04:36,2026-06-27 04:47,Golf Unit,B,Resolved,Night
OPS-201831,2026-07-13 18:43,2026-07-13 18:58,Golf Unit,I,Under Investigation,Night
OPS-201832,2026-04-30 20:24,2026-04-30 20:36,Foxtrot Unit,B,Resolved,Night
OPS-201833,2026-06-26 11:11,2026-06-26 11:21,Charlie Unit,G,Closed,Day
OPS-201834,2026-07-22 10:04,2026-07-22 10:15,Hotel Unit,I,Escalated,Day
OPS-201835,2026-07-16 18:10,2026-07-16 18:22,Golf Unit,G,Escalated,Night
OPS-201836,2026-06-15 21:29,2026-06-15 21:33,Echo Unit,E,Resolved,Night
OPS-201837,2026-05-21 15:55,2026-05-21 16:03,Foxtrot Unit,A,Closed,Day
OPS-201838,2026-05-18 14:48,2026-05-18 14:53,Echo Unit,F,Under Investigation,Day
OPS-201839,2026-06-20 14:02,2026-06-20 14:08,Alpha Unit,F,Resolved,Day
OPS-201840,2026-07-18 19:49,2026-07-18 19:55,Hotel Unit,G,Under Investigation,Night
OPS-201841,2026-06-17 10:13,2026-06-17 10:23,Echo Unit,A,Resolved,Day
OPS-201842,2026-05-22 22:41,2026-05-22 22:50,Hotel Unit,C,Escalated,Night
OPS-201843,2026-07-20 08:18,2026-07-20 08:30,Echo Unit,C,Closed,Day
OPS-201844,2026-05-16 17:01,2026-05-16 17:11,Golf Unit,J,Resolved,Day
OPS-201845,2026-06-23 11:23,2026-06-23 11:34,Charlie Unit,C,Closed,Day
OPS-201846,2026-05-07 22:22,2026-05-07 22:35,Foxtrot Unit,E,Resolved,Night
OPS-201847,2026-06-25 02:28,2026-06-25 02:36,Alpha Unit,A,Closed,Night
OPS-201848,2026-06-28 09:26,2026-06-28 09:48,Echo Unit,D,Under Investigation,Day
OPS-201849,2026-06-11 04:55,2026-06-11 05:05,Charlie Unit,H,Closed,Night
OPS-201850,2026-06-16 02:51,2026-06-16 03:03,Echo Unit,D,Under Investigation,Night
OPS-201851,2026-07-23 16:52,2026-07-23 17:02,Hotel Unit,A,Escalated,Day
OPS-201852,2026-06-21 04:58,2026-06-21 05:09,Echo Unit,I,Resolved,Night
OPS-201853,2026-05-27 23:16,2026-05-27 23:29,Golf Unit,E,Resolved,Night
OPS-201854,2026-07-05 02:13,2026-07-05 02:23,Echo Unit,I,Closed,Night
OPS-201855,2026-05-17 23:31,2026-05-17 23:41,Charlie Unit,E,Under Investigation,Night
OPS-201856,2026-05-27 16:37,2026-05-27 16:43,Foxtrot Unit,F,Resolved,Day
OPS-201857,2026-05-13 11:27,2026-05-13 11:39,Echo Unit,I,Resolved,Day
OPS-201858,2026-07-20 02:01,2026-07-20 02:05,Golf Unit,I,Resolved,Night
OPS-201859,2026-06-02 20:11,2026-06-02 20:20,Golf Unit,C,Resolved,Night
OPS-201860,2026-07-24 11:26,2026-07-24 11:35,Hotel Unit,E,Resolved,Day
OPS-201861,2026-05-07 20:55,2026-05-07 21:05,Foxtrot Unit,H,Resolved,Night
OPS-201862,2026-06-11 06:03,2026-06-11 06:10,Hotel Unit,A,Resolved,Day
OPS-201863,2026-05-31 04:50,2026-05-31 05:00,Delta Unit,A,Resolved,Night
OPS-201864,2026-07-21 08:25,2026-07-21 08:32,Foxtrot Unit,J,Resolved,Day
OPS-201865,2026-05-08 14:00,2026-05-08 14:05,Bravo Unit,F,Resolved,Day
OPS-201866,2026-05-22 09:08,2026-05-22 09:21,Golf Unit,H,Resolved,Day
OPS-201867,2026-06-19 11:49,2026-06-19 12:04,Foxtrot Unit,H,Escalated,Day
OPS-201868,2026-05-08 04:38,2026-05-08 04:46,Bravo Unit,J,Escalated,Night
OPS-201869,2026-05-28 21:25,2026-05-28 21:34,Alpha Unit,H,Closed,Night
OPS-201870,2026-07-09 15:54,2026-07-09 16:00,Golf Unit,J,Resolved,Day
OPS-201871,2026-06-13 17:56,2026-06-13 18:07,Bravo Unit,I,Resolved,Day
OPS-201872,2026-07-01 09:55,2026-07-01 10:06,Delta Unit,C,Resolved,Day
OPS-201873,2026-05-25 08:40,2026-05-25 08:52,Hotel Unit,E,Escalated,Day
OPS-201874,2026-05-24 01:45,2026-05-24 01:52,Alpha Unit,I,Resolved,Night
OPS-201875,2026-06-26 12:01,2026-06-26 12:12,Delta Unit,E,Resolved,Day
OPS-201876,2026-06-24 19:23,2026-06-24 19:45,Foxtrot Unit,D,Under Investigation,Night
OPS-201877,2026-07-06 15:28,2026-07-06 15:40,Alpha Unit,H,Resolved,Day
OPS-201878,2026-07-19 09:13,2026-07-19 09:23,Golf Unit,I,Under Investigation,Day
OPS-201879,2026-06-20 08:56,2026-06-20 09:08,Golf Unit,E,Resolved,Day
OPS-201880,2026-05-11 02:44,2026-05-11 02:51,Hotel Unit,I,Closed,Night
OPS-201881,2026-06-26 12:01,2026-06-26 12:03,Alpha Unit,B,Closed,Day
OPS-201882,2026-06-01 22:49,2026-06-01 22:52,Golf Unit,G,Under Investigation,Night
OPS-201883,2026-06-17 00:46,2026-06-17 00:54,Hotel Unit,E,Resolved,Night
OPS-201884,2026-06-12 18:27,2026-06-12 18:41,Charlie Unit,D,Resolved,Night
OPS-201885,2026-06-15 04:58,2026-06-15 05:06,Charlie Unit,G,Resolved,Night
OPS-201886,2026-05-28 23:45,2026-05-29 00:06,Foxtrot Unit,D,Under Investigation,Night
OPS-201887,2026-07-21 08:34,2026-07-21 08:40,Alpha Unit,B,Resolved,Day
OPS-201888,2026-05-01 16:22,2026-05-01 16:32,Foxtrot Unit,E,Resolved,Day
OPS-201889,2026-06-15 17:49,2026-06-15 17:55,Delta Unit,E,Under Investigation,Day
OPS-201890,2026-05-08 12:30,2026-05-08 12:35,Delta Unit,E,Closed,Day
OPS-201891,2026-06-09 20:58,2026-06-09 21:05,Golf Unit,C,Closed,Night
OPS-201892,2026-07-19 11:12,2026-07-19 11:26,Bravo Unit,G,Resolved,Day
OPS-201893,2026-05-31 09:46,2026-05-31 09:54,Bravo Unit,C,Closed,Day
OPS-201894,2026-06-14 15:40,2026-06-14 15:51,Bravo Unit,F,Under Investigation,Day
OPS-201895,2026-05-10 12:09,2026-05-10 12:25,Golf Unit,D,Under Investigation,Day
OPS-201896,2026-06-13 05:43,2026-06-13 05:58,Bravo Unit,D,Resolved,Night
OPS-201897,2026-05-01 18:51,2026-05-01 19:03,Delta Unit,I,Resolved,Night
OPS-201898,2026-07-14 22:05,2026-07-14 22:26,Alpha Unit,E,Resolved,Night
OPS-201899,2026-07-07 06:18,2026-07-07 06:30,Delta Unit,J,Resolved,Day
OPS-201900,2026-06-19 18:34,2026-06-19 18:45,Echo Unit,E,Closed,Night
OPS-201901,2026-06-07 04:19,2026-06-07 04:27,Delta Unit,J,Resolved,Night
OPS-201902,2026-05-26 21:57,2026-05-26 21:59,Bravo Unit,E,Resolved,Night
OPS-201903,2026-05-09 06:28,2026-05-09 06:35,Golf Unit,A,Closed,Day
OPS-201904,2026-05-26 23:17,2026-05-26 23:32,Foxtrot Unit,F,Resolved,Night
OPS-201905,2026-07-22 11:33,2026-07-22 11:43,Bravo Unit,G,Escalated,Day
OPS-201906,2026-04-29 12:24,2026-04-29 12:38,Foxtrot Unit,I,Under Investigation,Day
OPS-201907,2026-06-24 00:53,2026-06-24 01:00,Delta Unit,C,Resolved,Night
OPS-201908,2026-06-21 16:39,2026-06-21 16:48,Golf Unit,F,Resolved,Day
OPS-201909,2026-06-17 06:05,2026-06-17 06:18,Alpha Unit,F,Resolved,Day
OPS-201910,2026-05-18 23:04,2026-05-18 23:18,Echo Unit,E,Resolved,Night
OPS-201911,2026-07-04 19:37,2026-07-04 19:56,Alpha Unit,D,Resolved,Night
OPS-201912,2026-07-14 08:06,2026-07-14 08:17,Bravo Unit,E,Closed,Day
OPS-201913,2026-07-22 23:22,2026-07-22 23:38,Charlie Unit,J,Resolved,Night
OPS-201914,2026-07-15 05:37,2026-07-15 05:51,Delta Unit,J,Resolved,Night
OPS-201915,2026-06-04 04:29,2026-06-04 04:35,Delta Unit,C,Under Investigation,Night
OPS-201916,2026-06-25 04:24,2026-06-25 04:30,Charlie Unit,C,Resolved,Night
OPS-201917,2026-06-04 16:40,2026-06-04 16:50,Alpha Unit,J,Closed,Day
OPS-201918,2026-07-23 21:51,2026-07-23 21:59,Hotel Unit,I,Resolved,Night
OPS-201919,2026-05-26 16:06,2026-05-26 16:18,Bravo Unit,E,Closed,Day
OPS-201920,2026-07-04 14:38,2026-07-04 14:59,Bravo Unit,D,Resolved,Day
OPS-201921,2026-04-29 04:38,2026-04-29 04:50,Delta Unit,F,Resolved,Night
OPS-201922,2026-06-17 08:12,2026-06-17 08:25,Charlie Unit,H,Resolved,Day
OPS-201923,2026-06-05 21:32,2026-06-05 21:41,Golf Unit,E,Resolved,Night
OPS-201924,2026-07-22 18:08,2026-07-22 18:21,Foxtrot Unit,B,Escalated,Night
OPS-201925,2026-06-23 01:53,2026-06-23 02:07,Golf Unit,E,Escalated,Night
OPS-201926,2026-06-23 14:28,2026-06-23 14:38,Echo Unit,E,Resolved,Day
OPS-201927,2026-06-21 20:41,2026-06-21 20:51,Echo Unit,C,Under Investigation,Night
OPS-201928,2026-07-02 03:06,2026-07-02 03:17,Alpha Unit,B,Under Investigation,Night
OPS-201929,2026-07-20 02:56,2026-07-20 03:09,Bravo Unit,H,Resolved,Night
OPS-201930,2026-06-25 06:33,2026-06-25 06:39,Charlie Unit,C,Under Investigation,Day
OPS-201931,2026-05-25 04:24,2026-05-25 04:44,Delta Unit,D,Under Investigation,Night
OPS-201932,2026-05-07 16:35,2026-05-07 16:50,Charlie Unit,D,Resolved,Day
OPS-201933,2026-05-21 04:09,2026-05-21 04:19,Alpha Unit,G,Closed,Night
OPS-201934,2026-05-02 03:00,2026-05-02 03:07,Golf Unit,I,Under Investigation,Night
OPS-201935,2026-07-06 02:30,2026-07-06 02:39,Charlie Unit,I,Closed,Night
OPS-201936,2026-05-22 07:38,2026-05-22 07:42,Golf Unit,B,Resolved,Day
OPS-201937,2026-05-24 21:16,2026-05-24 21:24,Golf Unit,F,Closed,Night
OPS-201938,2026-05-12 21:33,2026-05-12 21:46,Delta Unit,J,Closed,Night
OPS-201939,2026-05-19 03:54,2026-05-19 04:08,Echo Unit,G,Resolved,Night
OPS-201940,2026-07-03 23:58,2026-07-04 00:05,Hotel Unit,G,Resolved,Night
OPS-201941,2026-05-15 16:25,2026-05-15 16:32,Hotel Unit,F,Resolved,Day
OPS-201942,2026-05-31 01:41,2026-05-31 01:45,Golf Unit,G,Under Investigation,Night
OPS-201943,2026-07-21 10:15,2026-07-21 10:23,Echo Unit,B,Resolved,Day
OPS-201944,2026-05-05 21:07,2026-05-05 21:17,Echo Unit,B,Escalated,Night
OPS-201945,2026-05-25 05:34,2026-05-25 05:46,Charlie Unit,B,Resolved,Night
OPS-201946,2026-05-18 19:19,2026-05-18 19:32,Delta Unit,J,Closed,Night
OPS-201947,2026-05-11 06:48,2026-05-11 06:54,Foxtrot Unit,I,Resolved,Day
OPS-201948,2026-06-22 16:42,2026-06-22 16:54,Charlie Unit,E,Resolved,Day
OPS-201949,2026-07-23 15:50,2026-07-23 16:03,Foxtrot Unit,H,Resolved,Day
OPS-201950,2026-06-06 17:09,2026-06-06 17:21,Hotel Unit,A,Resolved,Day
OPS-201951,2026-05-19 17:00,2026-05-19 17:07,Hotel Unit,B,Escalated,Day
OPS-201952,2026-07-26 19:50,2026-07-26 20:01,Bravo Unit,J,Resolved,Night
OPS-201953,2026-06-12 09:22,2026-06-12 09:24,Foxtrot Unit,F,Closed,Day
OPS-201954,2026-06-18 03:55,2026-06-18 04:04,Charlie Unit,B,Resolved,Night
OPS-201955,2026-05-22 15:27,2026-05-22 15:34,Foxtrot Unit,A,Under Investigation,Day
OPS-201956,2026-05-20 05:28,2026-05-20 05:34,Echo Unit,I,Resolved,Night
OPS-201957,2026-05-06 10:50,2026-05-06 10:52,Echo Unit,A,Resolved,Day
OPS-201958,2026-05-16 23:06,2026-05-16 23:16,Alpha Unit,H,Resolved,Night
OPS-201959,2026-06-04 06:21,2026-06-04 06:30,Foxtrot Unit,F,Resolved,Day
OPS-201960,2026-06-19 20:15,2026-06-19 20:21,Charlie Unit,F,Under Investigation,Night
OPS-201961,2026-06-25 04:57,2026-06-25 05:10,Bravo Unit,C,Under Investigation,Night
OPS-201962,2026-06-22 23:59,2026-06-23 00:01,Bravo Unit,G,Closed,Night
OPS-201963,2026-06-01 01:05,2026-06-01 01:14,Golf Unit,H,Resolved,Night
OPS-201964,2026-07-05 19:42,2026-07-05 19:48,Echo Unit,B,Resolved,Night
OPS-201965,2026-06-14 16:50,2026-06-14 16:57,Hotel Unit,B,Resolved,Day
OPS-201966,2026-06-04 18:03,2026-06-04 18:14,Foxtrot Unit,D,Resolved,Night
OPS-201967,2026-06-14 18:11,2026-06-14 18:22,Hotel Unit,J,Resolved,Night
OPS-201968,2026-07-11 07:12,2026-07-11 07:25,Delta Unit,B,Closed,Day
OPS-201969,2026-05-29 12:06,2026-05-29 12:14,Bravo Unit,C,Resolved,Day
OPS-201970,2026-05-23 08:22,2026-05-23 08:30,Bravo Unit,J,Resolved,Day
OPS-201971,2026-05-13 16:23,2026-05-13 16:37,Delta Unit,D,Resolved,Day
OPS-201972,2026-06-03 04:10,2026-06-03 04:18,Charlie Unit,J,Under Investigation,Night
OPS-201973,2026-05-08 05:50,2026-05-08 06:00,Bravo Unit,F,Under Investigation,Night
OPS-201974,2026-07-19 09:35,2026-07-19 09:46,Hotel Unit,F,Escalated,Day
OPS-201975,2026-06-27 16:11,2026-06-27 16:20,Alpha Unit,A,Resolved,Day
OPS-201976,2026-06-26 10:57,2026-06-26 11:09,Hotel Unit,I,Escalated,Day
OPS-201977,2026-06-24 20:48,2026-06-24 21:01,Foxtrot Unit,A,Resolved,Night
OPS-201978,2026-05-19 10:21,2026-05-19 10:33,Golf Unit,H,Closed,Day
OPS-201979,2026-05-04 23:22,2026-05-04 23:28,Echo Unit,B,Resolved,Night
OPS-201980,2026-06-22 09:56,2026-06-22 10:08,Bravo Unit,I,Under Investigation,Day
OPS-201981,2026-07-18 07:23,2026-07-18 07:42,Golf Unit,D,Closed,Day
OPS-201982,2026-07-08 23:08,2026-07-08 23:16,Delta Unit,F,Resolved,Night
OPS-201983,2026-05-17 04:24,2026-05-17 04:37,Charlie Unit,I,Resolved,Night
OPS-201984,2026-05-07 16:23,2026-05-07 16:36,Foxtrot Unit,F,Under Investigation,Day
OPS-201985,2026-05-06 04:59,2026-05-06 05:03,Hotel Unit,A,Resolved,Night
OPS-201986,2026-06-02 21:27,2026-06-02 21:37,Foxtrot Unit,B,Resolved,Night
OPS-201987,2026-05-09 02:07,2026-05-09 02:12,Delta Unit,H,Under Investigation,Night
OPS-201988,2026-07-14 12:09,2026-07-14 12:18,Echo Unit,A,Escalated,Day
OPS-201989,2026-06-24 21:32,2026-06-24 21:43,Charlie Unit,B,Resolved,Night
OPS-201990,2026-05-25 06:47,2026-05-25 06:57,Golf Unit,J,Resolved,Day
OPS-201991,2026-06-28 21:24,2026-06-28 21:32,Echo Unit,G,Under Investigation,Night
OPS-201992,2026-06-19 14:01,2026-06-19 14:11,Charlie Unit,E,Under Investigation,Day
OPS-201993,2026-06-19 18:10,2026-06-19 18:29,Bravo Unit,D,Resolved,Night
OPS-201994,2026-06-28 12:24,2026-06-28 12:35,Charlie Unit,E,Under Investigation,Day
OPS-201995,2026-06-26 10:31,2026-06-26 10:39,Hotel Unit,C,Resolved,Day
OPS-201996,2026-06-17 08:50,2026-06-17 08:58,Echo Unit,J,Escalated,Day
OPS-201997,2026-06-05 04:25,2026-06-05 04:40,Bravo Unit,J,Resolved,Night
OPS-201998,2026-04-30 09:09,2026-04-30 09:26,Foxtrot Unit,F,Resolved,Day
OPS-201999,2026-07-25 04:22,2026-07-25 04:33,Echo Unit,J,Closed,Night
OPS-202000,2026-07-26 13:24,2026-07-26 13:31,Alpha Unit,I,Resolved,Day
OPS-202001,2026-05-29 19:19,2026-05-29 19:35,Golf Unit,D,Resolved,Night
OPS-202002,2026-05-04 08:00,2026-05-04 08:10,Bravo Unit,H,Resolved,Day
OPS-202003,2026-05-26 15:06,2026-05-26 15:19,Charlie Unit,B,Resolved,Day
OPS-202004,2026-04-30 15:50,2026-04-30 15:57,Delta Unit,C,Under Investigation,Day
OPS-202005,2026-06-24 06:54,2026-06-24 07:14,Echo Unit,D,Resolved,Day
OPS-202006,2026-05-22 16:44,2026-05-22 17:01,Echo Unit,D,Escalated,Day
OPS-202007,2026-07-23 16:15,2026-07-23 16:30,Bravo Unit,D,Resolved,Day
OPS-202008,2026-04-30 12:51,2026-04-30 12:59,Echo Unit,H,Under Investigation,Day
OPS-202009,2026-06-01 21:31,2026-06-01 21:45,Alpha Unit,E,Resolved,Night
OPS-202010,2026-07-03 20:44,2026-07-03 20:56,Bravo Unit,E,Resolved,Night
OPS-202011,2026-05-22 08:53,2026-05-22 08:56,Hotel Unit,E,Resolved,Day
OPS-202012,2026-07-24 01:59,2026-07-24 02:10,Bravo Unit,G,Under Investigation,Night
OPS-202013,2026-05-29 17:03,2026-05-29 17:09,Bravo Unit,F,Resolved,Day
OPS-202014,2026-07-11 10:31,2026-07-11 10:37,Bravo Unit,J,Under Investigation,Day
OPS-202015,2026-05-03 12:30,2026-05-03 12:39,Charlie Unit,B,Resolved,Day
OPS-202016,2026-06-09 17:38,2026-06-09 17:46,Foxtrot Unit,J,Closed,Day
OPS-202017,2026-07-05 07:42,2026-07-05 07:50,Echo Unit,J,Resolved,Day
OPS-202018,2026-06-09 03:51,2026-06-09 03:57,Alpha Unit,A,Resolved,Night
OPS-202019,2026-05-09 22:14,2026-05-09 22:16,Alpha Unit,B,Resolved,Night
OPS-202020,2026-05-25 10:15,2026-05-25 10:25,Bravo Unit,A,Resolved,Day
OPS-202021,2026-06-30 01:16,2026-06-30 01:28,Delta Unit,J,Resolved,Night
OPS-202022,2026-07-24 13:32,2026-07-24 13:43,Golf Unit,A,Resolved,Day
OPS-202023,2026-05-09 01:48,2026-05-09 02:00,Delta Unit,H,Resolved,Night
OPS-202024,2026-07-22 22:29,2026-07-22 22:37,Delta Unit,I,Resolved,Night
OPS-202025,2026-05-22 14:45,2026-05-22 14:51,Charlie Unit,J,Resolved,Day
OPS-202026,2026-05-19 20:37,2026-05-19 20:58,Delta Unit,D,Closed,Night
OPS-202027,2026-06-06 05:42,2026-06-06 05:49,Bravo Unit,E,Resolved,Night
OPS-202028,2026-07-24 21:45,2026-07-24 21:50,Golf Unit,E,Resolved,Night
OPS-202029,2026-07-16 17:12,2026-07-16 17:21,Delta Unit,J,Resolved,Day
OPS-202030,2026-06-25 07:46,2026-06-25 07:58,Echo Unit,A,Closed,Day
OPS-202031,2026-05-16 06:52,2026-05-16 07:07,Delta Unit,J,Resolved,Day
OPS-202032,2026-05-10 23:02,2026-05-10 23:07,Echo Unit,G,Resolved,Night
OPS-202033,2026-06-03 14:08,2026-06-03 14:20,Delta Unit,G,Closed,Day
OPS-202034,2026-04-29 20:48,2026-04-29 21:09,Alpha Unit,D,Resolved,Night
OPS-202035,2026-05-15 19:10,2026-05-15 19:22,Charlie Unit,B,Closed,Night
OPS-202036,2026-05-14 22:33,2026-05-14 22:35,Alpha Unit,B,Under Investigation,Night
OPS-202037,2026-05-18 09:59,2026-05-18 10:16,Hotel Unit,D,Closed,Day
OPS-202038,2026-05-19 11:21,2026-05-19 11:28,Delta Unit,B,Resolved,Day
OPS-202039,2026-06-14 05:36,2026-06-14 05:48,Alpha Unit,D,Resolved,Night
OPS-202040,2026-05-21 20:31,2026-05-21 20:44,Bravo Unit,G,Resolved,Night
OPS-202041,2026-07-26 17:33,2026-07-26 17:46,Delta Unit,H,Resolved,Day
OPS-202042,2026-06-07 06:33,2026-06-07 06:43,Alpha Unit,C,Resolved,Day
OPS-202043,2026-06-01 18:23,2026-06-01 18:35,Delta Unit,B,Resolved,Night
OPS-202044,2026-06-14 14:23,2026-06-14 14:38,Delta Unit,F,Closed,Day
OPS-202045,2026-07-17 03:02,2026-07-17 03:15,Delta Unit,B,Resolved,Night
OPS-202046,2026-05-13 12:02,2026-05-13 12:24,Charlie Unit,D,Under Investigation,Day
OPS-202047,2026-07-08 13:14,2026-07-08 13:26,Foxtrot Unit,H,Resolved,Day
OPS-202048,2026-05-22 14:59,2026-05-22 15:07,Echo Unit,A,Resolved,Day
OPS-202049,2026-05-30 01:40,2026-05-30 01:50,Foxtrot Unit,E,Under Investigation,Night
OPS-202050,2026-07-02 17:55,2026-07-02 18:04,Alpha Unit,F,Resolved,Day
OPS-202051,2026-06-21 17:45,2026-06-21 17:58,Charlie Unit,J,Under Investigation,Day
OPS-202052,2026-05-16 08:09,2026-05-16 08:23,Charlie Unit,C,Resolved,Day
OPS-202053,2026-07-27 14:07,2026-07-27 14:16,Golf Unit,B,Resolved,Day
OPS-202054,2026-06-10 08:09,2026-06-10 08:16,Hotel Unit,B,Closed,Day
OPS-202055,2026-07-14 02:00,2026-07-14 02:14,Delta Unit,H,Resolved,Night
OPS-202056,2026-06-25 00:58,2026-06-25 01:08,Golf Unit,I,Under Investigation,Night
OPS-202057,2026-05-01 17:25,2026-05-01 17:34,Echo Unit,E,Resolved,Day
OPS-202058,2026-05-27 22:41,2026-05-27 22:50,Golf Unit,E,Under Investigation,Night
OPS-202059,2026-07-15 20:29,2026-07-15 20:35,Alpha Unit,J,Resolved,Night
OPS-202060,2026-06-22 07:10,2026-06-22 07:21,Echo Unit,C,Resolved,Day
OPS-202061,2026-07-16 18:48,2026-07-16 18:55,Hotel Unit,I,Resolved,Night
OPS-202062,2026-05-22 05:15,2026-05-22 05:22,Echo Unit,A,Escalated,Night
OPS-202063,2026-05-14 11:13,2026-05-14 11:25,Hotel Unit,H,Escalated,Day
OPS-202064,2026-06-06 22:08,2026-06-06 22:22,Charlie Unit,E,Closed,Night
OPS-202065,2026-06-21 07:07,2026-06-21 07:16,Foxtrot Unit,A,Closed,Day
OPS-202066,2026-06-12 03:29,2026-06-12 03:40,Echo Unit,H,Resolved,Night
OPS-202067,2026-06-23 00:23,2026-06-23 00:33,Bravo Unit,B,Resolved,Night
OPS-202068,2026-07-06 22:51,2026-07-06 22:56,Echo Unit,B,Escalated,Night
OPS-202069,2026-06-28 11:39,2026-06-28 11:47,Delta Unit,G,Resolved,Day
OPS-202070,2026-06-14 10:27,2026-06-14 10:35,Foxtrot Unit,I,Escalated,Day
OPS-202071,2026-06-30 23:48,2026-07-01 00:02,Foxtrot Unit,H,Under Investigation,Night
OPS-202072,2026-04-29 11:40,2026-04-29 11:50,Foxtrot Unit,F,Resolved,Day
OPS-202073,2026-07-10 21:20,2026-07-10 21:29,Charlie Unit,E,Resolved,Night
OPS-202074,2026-06-08 10:31,2026-06-08 10:37,Hotel Unit,C,Resolved,Day
OPS-202075,2026-05-25 05:01,2026-05-25 05:15,Foxtrot Unit,D,Escalated,Night
OPS-202076,2026-05-28 20:10,2026-05-28 20:24,Charlie Unit,A,Resolved,Night
OPS-202077,2026-05-25 16:09,2026-05-25 16:19,Alpha Unit,I,Closed,Day
OPS-202078,2026-07-24 09:58,2026-07-24 10:11,Golf Unit,B,Resolved,Day
OPS-202079,2026-05-14 07:38,2026-05-14 07:41,Foxtrot Unit,H,Resolved,Day
OPS-202080,2026-07-03 02:29,2026-07-03 02:37,Foxtrot Unit,B,Resolved,Night
OPS-202081,2026-07-07 04:48,2026-07-07 04:56,Bravo Unit,A,Resolved,Night
OPS-202082,2026-05-28 15:51,2026-05-28 16:01,Bravo Unit,A,Resolved,Day
OPS-202083,2026-07-23 01:56,2026-07-23 02:03,Bravo Unit,A,Closed,Night
OPS-202084,2026-07-08 06:00,2026-07-08 06:10,Bravo Unit,J,Resolved,Day
OPS-202085,2026-07-18 05:02,2026-07-18 05:10,Charlie Unit,H,Resolved,Night
OPS-202086,2026-06-08 16:13,2026-06-08 16:26,Delta Unit,G,Closed,Day
OPS-202087,2026-06-10 23:38,2026-06-10 23:52,Foxtrot Unit,B,Resolved,Night
OPS-202088,2026-04-29 17:58,2026-04-29 18:11,Alpha Unit,F,Resolved,Day
OPS-202089,2026-05-05 06:48,2026-05-05 06:57,Golf Unit,C,Resolved,Day
OPS-202090,2026-06-29 16:53,2026-06-29 17:07,Echo Unit,E,Resolved,Day
OPS-202091,2026-05-27 14:42,2026-05-27 14:53,Hotel Unit,I,Resolved,Day
OPS-202092,2026-05-07 03:06,2026-05-07 03:13,Golf Unit,C,Closed,Night
OPS-202093,2026-05-10 20:30,2026-05-10 20:33,Alpha Unit,H,Resolved,Night
OPS-202094,2026-07-06 17:38,2026-07-06 17:46,Hotel Unit,H,Closed,Day
OPS-202095,2026-05-26 18:26,2026-05-26 18:43,Echo Unit,I,Resolved,Night
OPS-202096,2026-06-03 01:10,2026-06-03 01:15,Bravo Unit,F,Resolved,Night
OPS-202097,2026-05-17 01:23,2026-05-17 01:30,Bravo Unit,H,Resolved,Night
OPS-202098,2026-05-02 22:56,2026-05-02 23:11,Golf Unit,G,Resolved,Night
OPS-202099,2026-04-29 03:55,2026-04-29 04:10,Charlie Unit,D,Resolved,Night
